"treatKey","cowKey","treatDate","treatType","VF","reason","diseaseKey","comment","Cost","WitholdingPeriod"
"1","9","1992-05-12 00:00:00","TTRACE","FARMER","IODINE","","4ml","",""
"2","15","1991-09-24 00:00:00","T_INTR","FARMER","CLOXAG","","cut teat stitch","",""
"3","21","1992-05-11 00:00:00","T_ANTB","VET","PESSAR","","2x Terramycin","",""
"4","21","1992-05-11 00:00:00","T_HORM","FARMER","PROSTA","","","",""
"5","21","1992-05-12 00:00:00","TTRACE","FARMER","IODINE","","4ml","",""
"6","29","1991-09-26 00:00:00","T_ANTB","FARMER","STRETP","","mouth infection","",""
"7","39","1992-04-18 00:00:00","T_MISC","FARMER","ANTHIS","","","",""
"8","39","1992-04-18 00:00:00","T_ANTB","FARMER","OXYTET","","25ml Terramycin","",""
"9","39","1992-05-12 00:00:00","TTRACE","FARMER","IODINE","","4ml","",""
"10","41","1992-03-31 00:00:00","T_ANTB","FARMER","PENSA","","Mylipen","",""
"11","41","1992-04-01 00:00:00","T_ANTB","FARMER","CEPORX","","25ml","",""
"12","48","1992-05-19 00:00:00","TTRACE","FARMER","IODINE","","4ml","",""
"13","51","1992-05-19 00:00:00","TTRACE","FARMER","IODINE","","4ml","",""
"14","65","1992-05-12 00:00:00","TTRACE","FARMER","IODINE","","4ml","",""
"15","65","1992-12-23 00:00:00","T_ANTB","FARMER","PENSA","","Mylipen","",""
"16","65","1993-01-15 00:00:00","T_DCT","FARMER","ORB DC","","","",""
"17","66","1992-05-12 00:00:00","TTRACE","FARMER","IODINE","","4ml","",""
"18","66","1993-02-05 00:00:00","T_DCT","FARMER","ORB DC","","","",""
"19","67","1992-05-12 00:00:00","TTRACE","FARMER","IODINE","","4ml","",""
"20","67","1992-11-03 00:00:00","T_INTR","FARMER","MASTAL","","","",""
"21","67","1993-02-05 00:00:00","T_DCT","FARMER","ORB DC","","","",""
"22","68","1992-05-12 00:00:00","TTRACE","FARMER","IODINE","","4ml","",""
"23","68","1992-06-24 00:00:00","T_HORM","VET","PROSTA","","","",""
"24","68","1993-02-05 00:00:00","T_DCT","FARMER","ORB DC","","","",""
"25","69","1992-03-24 00:00:00","T_INTR","FARMER","SPEC F","","","",""
"26","69","1992-05-12 00:00:00","TTRACE","FARMER","IODINE","","4ml","",""
"27","69","1993-02-05 00:00:00","T_DCT","FARMER","ORB DC","","","",""
"28","70","1992-04-22 00:00:00","T_ANTB","FARMER","PENSA","","20ml Mylipen","",""
"29","70","1992-05-12 00:00:00","TTRACE","FARMER","IODINE","","4ml","",""
"30","70","1993-01-15 00:00:00","T_DCT","FARMER","ORB DC","","","",""
"31","71","1992-05-12 00:00:00","TTRACE","FARMER","IODINE","","4ml","",""
"32","71","1992-06-24 00:00:00","T_HORM","VET","PROSTA","","","",""
"33","71","1993-03-24 00:00:00","T_CLVI","FARMER","F IND","","","",""
"34","72","1992-05-12 00:00:00","TTRACE","FARMER","IODINE","","4ml","",""
"35","72","1993-02-05 00:00:00","T_DCT","FARMER","ORB DC","","","",""
"36","73","1992-05-12 00:00:00","TTRACE","FARMER","IODINE","","4ml","",""
"37","73","1993-02-05 00:00:00","T_DCT","FARMER","ORB DC","","","",""
"38","73","1992-02-04 00:00:00","T_INTR","FARMER","SPEC F","","","",""
"39","74","1992-05-12 00:00:00","TTRACE","FARMER","IODINE","","4ml","",""
"40","75","1992-05-12 00:00:00","TTRACE","FARMER","IODINE","","4ml","",""
"41","76","1992-05-04 00:00:00","T_ANTB","FARMER","AMPHRM","","25ml (6injectns)","",""
"42","76","1992-05-12 00:00:00","TTRACE","FARMER","IODINE","","4ml","",""
"43","77","1992-05-12 00:00:00","TTRACE","FARMER","IODINE","","4ml","",""
"44","78","1992-05-12 00:00:00","TTRACE","FARMER","IODINE","","4ml","",""
"45","78","1992-07-13 00:00:00","T_ANTB","FARMER","PENSA","","20ml Mylipen","",""
"46","78","1993-02-05 00:00:00","T_DCT","FARMER","ORB DC","","","",""
"47","79","1992-05-12 00:00:00","TTRACE","FARMER","IODINE","","4ml","",""
"48","79","1992-06-24 00:00:00","T_HORM","VET","PROSTA","","","",""
"49","79","1992-10-20 00:00:00","T_ANTB","FARMER","PENSA","","Mylipen","",""
"50","79","1992-11-04 00:00:00","T_ANTB","FARMER","OXYTET","","Engemycin","",""
"51","79","1993-02-05 00:00:00","T_DCT","FARMER","ORB DC","","","",""
"52","80","1992-05-12 00:00:00","TTRACE","FARMER","IODINE","","4ml","",""
"53","81","1992-05-12 00:00:00","TTRACE","FARMER","IODINE","","4ml","",""
"54","81","1993-03-24 00:00:00","T_CLVI","FARMER","F IND","","","",""
"55","82","1992-05-12 00:00:00","TTRACE","FARMER","IODINE","","4ml","",""
"56","83","1992-05-12 00:00:00","TTRACE","FARMER","IODINE","","4ml","",""
"57","83","1992-06-26 00:00:00","T_INTR","FARMER","SPEC F","","","",""
"58","83","1992-08-15 00:00:00","T_INTR","FARMER","SPEC F","","","",""
"59","83","1993-02-05 00:00:00","T_DCT","FARMER","ORB DC","","","",""
"60","83","1993-03-24 00:00:00","T_CLVI","FARMER","F IND","","","",""
"61","84","1992-05-11 00:00:00","T_HORM","VET","PROSTA","","","",""
"62","84","1992-05-12 00:00:00","TTRACE","FARMER","IODINE","","4ml","",""
"63","84","1992-12-09 00:00:00","T_INTR","FARMER","SPEC F","","","",""
"64","85","1992-03-15 00:00:00","T_META","FARMER","MAGNES","","Ca/Mg","",""
"65","85","1992-03-19 00:00:00","T_ANTB","FARMER","PENSA","","20ml Mylipen","",""
"66","85","1992-05-12 00:00:00","TTRACE","FARMER","IODINE","","4ml","",""
"67","85","1993-02-05 00:00:00","T_DCT","FARMER","ORB DC","","","",""
"68","86","1992-05-12 00:00:00","TTRACE","FARMER","IODINE","","4ml","",""
"69","86","1992-06-24 00:00:00","T_HORM","VET","PROSTA","","","",""
"70","86","1993-02-05 00:00:00","T_DCT","FARMER","ORB DC","","","",""
"71","88","1992-05-12 00:00:00","TTRACE","FARMER","IODINE","","4ml","",""
"72","88","1993-02-05 00:00:00","T_DCT","FARMER","ORB DC","","","",""
"73","89","1992-05-12 00:00:00","TTRACE","FARMER","IODINE","","4ml","",""
"74","89","1992-08-14 00:00:00","T_ANTB","FARMER","PENSA","","20ml Mylipen","",""
"75","90","1992-05-12 00:00:00","TTRACE","FARMER","IODINE","","4ml","",""
"76","90","1993-02-05 00:00:00","T_DCT","FARMER","ORB DC","","","",""
"77","91","1992-03-28 00:00:00","T_INTR","FARMER","SPEC F","","","",""
"78","91","1992-05-12 00:00:00","TTRACE","FARMER","IODINE","","4ml","",""
"79","91","1992-08-03 00:00:00","T_ANTB","FARMER","PENSA","","20ml Mylipen","",""
"80","91","1993-02-05 00:00:00","T_DCT","FARMER","ORB DC","","","",""
"81","92","1992-05-12 00:00:00","TTRACE","FARMER","IODINE","","4ml","",""
"82","92","1993-02-05 00:00:00","T_DCT","FARMER","ORB DC","","","",""
"83","93","1992-06-23 00:00:00","T_INTR","FARMER","SPEC F","","","",""
"84","93","1992-08-19 00:00:00","T_INTR","FARMER","SPEC F","","","",""
"85","94","1992-05-12 00:00:00","TTRACE","FARMER","IODINE","","4ml","",""
"86","94","1993-01-15 00:00:00","T_DCT","FARMER","ORB DC","","","",""
"87","95","1992-03-19 00:00:00","T_META","FARMER","CALCUM","","Cal/Mag","",""
"88","95","1992-05-12 00:00:00","TTRACE","FARMER","IODINE","","4ml","",""
"89","95","1992-08-12 00:00:00","T_ANTB","FARMER","PENSA","","20ml Mylipen","",""
"90","95","1993-02-05 00:00:00","T_DCT","FARMER","ORB DC","","","",""
"91","96","1993-04-08 00:00:00","T_INTR","FARMER","SPEC F","","","",""
"92","96","1993-04-09 00:00:00","T_META","FARMER","CALCUM","","2 bottles","",""
"93","96","1992-05-11 00:00:00","T_HORM","VET","PROSTA","","","",""
"94","96","1992-05-11 00:00:00","TTRACE","VET","IODINE","","Inter-uterine","",""
"95","96","1992-05-12 00:00:00","TTRACE","FARMER","IODINE","","4ml","",""
"96","96","1993-02-05 00:00:00","T_DCT","FARMER","ORB DC","","","",""
"97","96","1993-03-24 00:00:00","T_CLVI","FARMER","F IND","","","",""
"98","96","1992-02-04 00:00:00","T_INTR","FARMER","SPEC F","","","",""
"99","97","1992-05-12 00:00:00","TTRACE","FARMER","IODINE","","4ml","",""
"100","97","1992-06-24 00:00:00","T_HORM","VET","PROSTA","","","",""
"101","97","1992-08-07 00:00:00","T_ANTB","FARMER","PENSA","","20ml Mylipen","",""
"102","97","1993-02-05 00:00:00","T_DCT","FARMER","ORB DC","","","",""
"103","98","1992-05-12 00:00:00","TTRACE","FARMER","IODINE","","4ml","",""
"104","98","1993-02-05 00:00:00","T_DCT","FARMER","ORB DC","","","",""
"105","99","1992-05-12 00:00:00","TTRACE","FARMER","IODINE","","4ml","",""
"106","99","1993-01-15 00:00:00","T_DCT","FARMER","ORB DC","","","",""
"107","99","1992-02-04 00:00:00","T_INTR","","SPEC F","","","",""
"108","100","1992-05-12 00:00:00","TTRACE","FARMER","IODINE","","4ml","",""
"109","100","1993-02-05 00:00:00","T_DCT","FARMER","ORB DC","","","",""
"110","100","1992-03-04 00:00:00","T_ANTB","FARMER","PENSA","","20ml Mylipen","",""
"111","101","1993-07-15 00:00:00","TVACCI","FARMER","LEPTO","","","",""
"112","101","1993-07-29 00:00:00","TTRACE","FARMER","SELEN","","","",""
"113","101","1993-09-23 00:00:00","T_INTR","FARMER","SPEC F","","","",""
"114","101","1992-05-12 00:00:00","TTRACE","FARMER","IODINE","","4ml","",""
"115","101","1993-02-05 00:00:00","T_DCT","FARMER","ORB DC","","","",""
"116","102","1992-05-12 00:00:00","TTRACE","FARMER","IODINE","","4ml","",""
"117","102","1992-06-24 00:00:00","T_HORM","VET","PROSTA","","","",""
"118","102","1993-02-05 00:00:00","T_DCT","FARMER","ORB DC","","","",""
"119","102","1993-03-24 00:00:00","T_CLVI","FARMER","F IND","","","",""
"120","103","1993-07-15 00:00:00","TVACCI","FARMER","LEPTO","","","",""
"121","103","1993-07-29 00:00:00","TTRACE","FARMER","SELEN","","","",""
"122","103","1993-10-21 00:00:00","T_HORM","FARMER","CIDR","","","",""
"123","103","1992-03-11 00:00:00","T_ANTB","FARMER","PENSA","","20ml Mylipen","",""
"124","103","1992-05-12 00:00:00","TTRACE","FARMER","IODINE","","4ml","",""
"125","104","1993-04-26 00:00:00","T_ANTB","FARMER","PENSA","","","",""
"126","104","1993-06-07 00:00:00","T_INTR","FARMER","SPEC F","","","",""
"127","104","1993-07-15 00:00:00","TVACCI","FARMER","LEPTO","","","",""
"128","104","1992-05-11 00:00:00","T_META","FARMER","CALCUM","","skin and vein","",""
"129","104","1992-05-12 00:00:00","TTRACE","FARMER","IODINE","","4ml","",""
"130","104","1992-06-24 00:00:00","T_HORM","VET","PROSTA","","","",""
"131","105","1993-07-15 00:00:00","TVACCI","FARMER","LEPTO","","","",""
"132","105","1993-07-29 00:00:00","TTRACE","FARMER","SELEN","","","",""
"133","105","1993-10-21 00:00:00","T_HORM","FARMER","CIDR","","","",""
"134","106","1992-03-24 00:00:00","T_INTR","FARMER","SPEC F","","","",""
"135","106","1992-05-12 00:00:00","TTRACE","FARMER","IODINE","","4ml","",""
"136","106","1993-01-15 00:00:00","T_DCT","FARMER","ORB DC","","","",""
"137","107","1993-07-15 00:00:00","TVACCI","FARMER","LEPTO","","","",""
"138","107","1993-07-29 00:00:00","TTRACE","FARMER","SELEN","","","",""
"139","107","1993-02-05 00:00:00","T_DCT","FARMER","ORB DC","","","",""
"140","108","1993-07-15 00:00:00","TVACCI","FARMER","LEPTO","","","",""
"141","108","1993-07-29 00:00:00","TTRACE","FARMER","SELEN","","","",""
"142","108","1993-10-21 00:00:00","T_HORM","FARMER","CIDR","","","",""
"143","108","1992-05-12 00:00:00","TTRACE","FARMER","IODINE","","4ml","",""
"144","109","1993-07-15 00:00:00","TVACCI","FARMER","LEPTO","","","",""
"145","109","1993-07-29 00:00:00","TTRACE","FARMER","SELEN","","","",""
"146","109","1992-05-05 00:00:00","T_META","FARMER","CALCUM","","Under skin","",""
"147","109","1992-05-08 00:00:00","T_ANTB","FARMER","PENSA","","20ml Mylipen","",""
"148","109","1992-05-12 00:00:00","TTRACE","FARMER","IODINE","","4ml","",""
"149","109","1993-03-24 00:00:00","T_CLVI","FARMER","F IND","","","",""
"150","110","1993-07-15 00:00:00","TVACCI","FARMER","LEPTO","","","",""
"151","110","1993-07-29 00:00:00","TTRACE","FARMER","SELEN","","","",""
"152","110","1993-10-21 00:00:00","T_HORM","FARMER","CIDR","","","",""
"153","110","1992-05-12 00:00:00","TTRACE","FARMER","IODINE","","4ml","",""
"154","111","1993-07-15 00:00:00","TVACCI","FARMER","LEPTO","","","",""
"155","111","1993-07-29 00:00:00","TTRACE","FARMER","SELEN","","","",""
"156","111","1993-08-07 00:00:00","T_ANTB","FARMER","PENSA","","","",""
"157","111","1994-01-14 00:00:00","T_DCT","FARMER","ORB DC","","","",""
"158","111","1992-04-27 00:00:00","T_INTR","FARMER","SPEC F","","","",""
"159","111","1992-05-03 00:00:00","T_INTR","FARMER","SPEC F","","","",""
"160","111","1992-05-12 00:00:00","TTRACE","FARMER","IODINE","","4ml","",""
"161","111","1993-01-15 00:00:00","T_DCT","FARMER","ORB DC","","","",""
"162","112","1993-07-15 00:00:00","TVACCI","FARMER","LEPTO","","","",""
"163","112","1993-07-29 00:00:00","TTRACE","FARMER","SELEN","","","",""
"164","112","1993-10-21 00:00:00","T_HORM","FARMER","CIDR","","","",""
"165","112","1992-05-12 00:00:00","TTRACE","FARMER","IODINE","","4ml","",""
"166","113","1992-05-12 00:00:00","TTRACE","FARMER","IODINE","","4ml","",""
"167","114","1993-07-15 00:00:00","TVACCI","FARMER","LEPTO","","","",""
"168","114","1993-07-29 00:00:00","TTRACE","FARMER","SELEN","","","",""
"169","114","1994-01-14 00:00:00","T_DCT","FARMER","ORB DC","","","",""
"172","114","1992-05-12 00:00:00","TTRACE","FARMER","IODINE","","4ml","",""
"173","115","1993-07-15 00:00:00","TVACCI","FARMER","LEPTO","","","",""
"174","115","1993-07-29 00:00:00","TTRACE","FARMER","SELEN","","","",""
"175","115","1993-10-21 00:00:00","T_HORM","FARMER","CIDR","","","",""
"176","115","1992-05-12 00:00:00","TTRACE","FARMER","IODINE","","4ml","",""
"177","115","1992-06-24 00:00:00","T_HORM","VET","PROSTA","","","",""
"178","115","1993-01-15 00:00:00","T_DCT","FARMER","ORB DC","","","",""
"179","116","1993-07-15 00:00:00","TVACCI","FARMER","LEPTO","","","",""
"180","116","1993-07-29 00:00:00","TTRACE","FARMER","SELEN","","","",""
"181","116","1993-10-21 00:00:00","T_HORM","FARMER","CIDR","","","",""
"182","116","1992-05-12 00:00:00","TTRACE","FARMER","IODINE","","4ml","",""
"183","116","1993-02-05 00:00:00","T_DCT","FARMER","ORB DC","","","",""
"184","117","1993-07-15 00:00:00","TVACCI","FARMER","LEPTO","","","",""
"185","117","1993-07-29 00:00:00","TTRACE","FARMER","SELEN","","","",""
"186","117","1993-10-21 00:00:00","T_HORM","FARMER","CIDR","","","",""
"187","117","1992-05-12 00:00:00","TTRACE","FARMER","IODINE","","4ml","",""
"188","118","1992-05-12 00:00:00","TTRACE","FARMER","IODINE","","4ml","",""
"189","119","1993-07-15 00:00:00","TVACCI","FARMER","LEPTO","","","",""
"190","119","1993-07-29 00:00:00","TTRACE","FARMER","SELEN","","","",""
"191","119","1993-10-21 00:00:00","T_HORM","FARMER","CIDR","","","",""
"192","119","1992-05-12 00:00:00","TTRACE","FARMER","IODINE","","4ml","",""
"193","120","1993-07-15 00:00:00","TVACCI","FARMER","LEPTO","","","",""
"194","120","1993-07-29 00:00:00","TTRACE","FARMER","SELEN","","","",""
"195","120","1993-12-09 00:00:00","T_ANTB","FARMER","PENSA","","","",""
"196","120","1993-12-29 00:00:00","T_ANTB","FARMER","PENSA","","","",""
"197","120","1992-05-12 00:00:00","TTRACE","FARMER","IODINE","","4ml","",""
"198","120","1992-05-16 00:00:00","T_ANTB","FARMER","PENSA","","20ml Mylipen","",""
"199","121","1993-07-15 00:00:00","TVACCI","FARMER","LEPTO","","","",""
"200","121","1992-05-12 00:00:00","TTRACE","FARMER","IODINE","","4ml","",""
"201","121","1993-02-05 00:00:00","T_DCT","FARMER","ORB DC","","","",""
"202","122","1993-07-15 00:00:00","TVACCI","FARMER","LEPTO","","","",""
"203","122","1993-07-29 00:00:00","TTRACE","FARMER","SELEN","","","",""
"204","122","1992-05-12 00:00:00","TTRACE","FARMER","IODINE","","4ml","",""
"205","122","1993-02-05 00:00:00","T_DCT","FARMER","ORB DC","","","",""
"206","123","1993-06-22 00:00:00","T_HORM","VET","PROSTA","","","",""
"207","123","1993-07-15 00:00:00","TVACCI","FARMER","LEPTO","","","",""
"208","123","1993-07-29 00:00:00","TTRACE","FARMER","SELEN","","","",""
"209","123","1993-10-21 00:00:00","T_HORM","FARMER","CIDR","","","",""
"210","123","1994-01-14 00:00:00","T_DCT","FARMER","ORB DC","","","",""
"211","123","1992-05-12 00:00:00","TTRACE","FARMER","IODINE","","4ml","",""
"212","123","1993-01-15 00:00:00","T_DCT","FARMER","ORB DC","","","",""
"213","124","1993-07-15 00:00:00","TVACCI","FARMER","LEPTO","","","",""
"214","124","1993-07-29 00:00:00","TTRACE","FARMER","SELEN","","","",""
"215","124","1993-10-21 00:00:00","T_HORM","FARMER","CIDR","","","",""
"216","124","1992-04-30 00:00:00","T_META","FARMER","CALCUM","","In skin & vein","",""
"217","124","1992-05-12 00:00:00","TTRACE","FARMER","IODINE","","4ml","",""
"218","124","1993-03-24 00:00:00","T_CLVI","FARMER","F IND","","","",""
"219","124","1992-02-04 00:00:00","T_INTR","FARMER","SPEC F","","","",""
"220","125","1992-05-12 00:00:00","TTRACE","FARMER","IODINE","","4ml","",""
"221","126","1993-07-15 00:00:00","TVACCI","FARMER","LEPTO","","","",""
"222","126","1993-07-29 00:00:00","TTRACE","FARMER","SELEN","","","",""
"223","126","1994-01-14 00:00:00","T_DCT","FARMER","ORB DC","","","",""
"224","126","1992-05-12 00:00:00","TTRACE","FARMER","IODINE","","4ml","",""
"225","127","1993-07-15 00:00:00","TVACCI","FARMER","LEPTO","","","",""
"226","127","1993-07-29 00:00:00","TTRACE","FARMER","SELEN","","","",""
"227","127","1993-10-21 00:00:00","T_HORM","FARMER","CIDR","","","",""
"228","127","1992-05-12 00:00:00","TTRACE","FARMER","IODINE","","4ml","",""
"229","128","1993-03-18 00:00:00","T_INTR","FARMER","MASTAL","","","",""
"230","128","1993-07-15 00:00:00","TVACCI","FARMER","LEPTO","","","",""
"231","128","1993-07-29 00:00:00","TTRACE","FARMER","SELEN","","","",""
"232","128","1992-05-11 00:00:00","TTRACE","VET","VITMIN","","Vit D3 Inj","",""
"233","128","1992-05-12 00:00:00","TTRACE","FARMER","IODINE","","4ml","",""
"234","128","1993-01-15 00:00:00","T_DCT","FARMER","ORB DC","","","",""
"235","129","1993-07-15 00:00:00","TVACCI","FARMER","LEPTO","","","",""
"236","129","1993-07-29 00:00:00","TTRACE","FARMER","SELEN","","","",""
"237","129","1993-10-21 00:00:00","T_HORM","FARMER","CIDR","","","",""
"238","129","1992-05-19 00:00:00","TTRACE","","IODINE","","4ml","",""
"239","130","1993-07-15 00:00:00","TVACCI","FARMER","LEPTO","","","",""
"240","130","1993-07-29 00:00:00","TTRACE","FARMER","SELEN","","","",""
"241","130","1993-10-21 00:00:00","T_HORM","FARMER","CIDR","","","",""
"242","130","1994-01-14 00:00:00","T_DCT","FARMER","ORB DC","","","",""
"243","130","1992-05-19 00:00:00","TTRACE","FARMER","IODINE","","4ml","",""
"244","131","1993-06-22 00:00:00","T_HORM","VET","PROSTA","","","",""
"245","131","1993-07-15 00:00:00","TVACCI","FARMER","LEPTO","","","",""
"246","131","1993-07-29 00:00:00","TTRACE","FARMER","SELEN","","","",""
"247","131","1993-10-21 00:00:00","T_HORM","FARMER","CIDR","","","",""
"248","131","1992-05-19 00:00:00","TTRACE","FARMER","IODINE","","4ml","",""
"249","132","1993-03-25 00:00:00","T_META","FARMER","CALCUM","","2 bottles","",""
"250","132","1993-07-15 00:00:00","TVACCI","FARMER","LEPTO","","","",""
"251","132","1993-07-29 00:00:00","TTRACE","FARMER","SELEN","","","",""
"252","132","1993-10-21 00:00:00","T_HORM","FARMER","CIDR","","","",""
"253","132","1992-04-05 00:00:00","T_META","FARMER","MAGNES","","2bottles in skin","",""
"254","132","1992-05-12 00:00:00","TTRACE","FARMER","IODINE","","4ml","",""
"255","133","1993-07-15 00:00:00","TVACCI","FARMER","LEPTO","","","",""
"256","133","1993-07-29 00:00:00","TTRACE","FARMER","SELEN","","","",""
"257","133","1993-10-21 00:00:00","T_HORM","FARMER","CIDR","","","",""
"258","133","1992-05-19 00:00:00","TTRACE","FARMER","IODINE","","4ml","",""
"259","134","1993-07-15 00:00:00","TVACCI","FARMER","LEPTO","","","",""
"260","134","1993-07-29 00:00:00","TTRACE","FARMER","SELEN","","","",""
"261","134","1994-01-04 00:00:00","T_INTR","FARMER","SPEC F","","","",""
"262","134","1992-05-12 00:00:00","TTRACE","FARMER","IODINE","","4ml","",""
"263","134","1992-08-20 00:00:00","T_INTR","FARMER","SPEC F","","","",""
"264","134","1992-08-27 00:00:00","T_INTR","FARMER","MASTAL","","","",""
"265","134","1993-02-05 00:00:00","T_DCT","FARMER","ORB DC","","","",""
"266","135","1993-06-22 00:00:00","T_HORM","VET","PROSTA","","","",""
"267","135","1993-07-15 00:00:00","TVACCI","FARMER","LEPTO","","","",""
"268","135","1993-07-29 00:00:00","TTRACE","FARMER","SELEN","","","",""
"269","135","1994-02-01 00:00:00","T_DCT","FARMER","ORB DC","","","",""
"270","135","1992-04-01 00:00:00","T_ANTB","FARMER","PENSA","","20ml Mylipen","",""
"271","135","1992-05-12 00:00:00","TTRACE","FARMER","IODINE","","4ml","",""
"272","135","1992-08-27 00:00:00","T_INTR","FARMER","MASTAL","","","",""
"273","136","1993-07-15 00:00:00","TVACCI","FARMER","LEPTO","","","",""
"274","136","1993-07-29 00:00:00","TTRACE","FARMER","SELEN","","","",""
"275","136","1992-05-12 00:00:00","TTRACE","FARMER","IODINE","","4ml","",""
"276","137","1993-05-21 00:00:00","T_ANTB","FARMER","PENSA","","","",""
"277","137","1993-05-23 00:00:00","T_ANTB","FARMER","PENSA","","Mylipen","",""
"278","137","1993-07-15 00:00:00","TVACCI","FARMER","LEPTO","","","",""
"279","137","1992-05-12 00:00:00","TTRACE","FARMER","IODINE","","4ml","",""
"280","137","1993-02-05 00:00:00","T_DCT","FARMER","ORB DC","","","",""
"281","138","1993-07-15 00:00:00","TVACCI","FARMER","LEPTO","","","",""
"282","138","1993-07-29 00:00:00","TTRACE","FARMER","SELEN","","","",""
"283","138","1993-10-21 00:00:00","T_HORM","FARMER","CIDR","","","",""
"284","138","1992-05-19 00:00:00","TTRACE","FARMER","IODINE","","4ml","",""
"285","139","1992-05-12 00:00:00","TTRACE","FARMER","IODINE","","4ml","",""
"286","139","1993-01-15 00:00:00","T_DCT","FARMER","ORB DC","","","",""
"287","139","1993-03-26 00:00:00","T_META","FARMER","CALCUM","","1 bottle","",""
"288","140","1993-04-05 00:00:00","T_META","FARMER","CALCUM","","","",""
"289","140","1993-07-15 00:00:00","TVACCI","FARMER","LEPTO","","","",""
"290","140","1993-07-29 00:00:00","TTRACE","FARMER","SELEN","","","",""
"291","140","1993-08-04 00:00:00","T_ANTB","VET","PENSA","","","",""
"292","140","1992-05-12 00:00:00","TTRACE","FARMER","IODINE","","4ml","",""
"293","140","1992-02-03 00:00:00","T_INTR","FARMER","SPEC F","","","",""
"294","141","1993-07-15 00:00:00","TVACCI","FARMER","LEPTO","","","",""
"295","141","1993-07-29 00:00:00","TTRACE","FARMER","SELEN","","","",""
"296","141","1993-10-21 00:00:00","T_HORM","FARMER","CIDR","","","",""
"297","141","1992-05-12 00:00:00","TTRACE","FARMER","IODINE","","4ml","",""
"298","141","1993-02-05 00:00:00","T_DCT","FARMER","ORB DC","","","",""
"299","142","1993-06-22 00:00:00","T_HORM","VET","PROSTA","","","",""
"300","142","1993-06-26 00:00:00","T_HORM","VET","PROSTA","","","",""
"301","142","1993-07-15 00:00:00","TVACCI","FARMER","LEPTO","","","",""
"302","142","1993-07-29 00:00:00","TTRACE","FARMER","SELEN","","","",""
"303","142","1993-10-21 00:00:00","T_HORM","FARMER","CIDR","","","",""
"304","142","1994-01-14 00:00:00","T_DCT","FARMER","ORB DC","","","",""
"305","142","1992-05-12 00:00:00","TTRACE","FARMER","IODINE","","4ml","",""
"306","142","1993-01-15 00:00:00","T_DCT","FARMER","ORB DC","","","",""
"307","143","1993-07-15 00:00:00","TVACCI","FARMER","LEPTO","","","",""
"308","143","1993-07-29 00:00:00","TTRACE","FARMER","SELEN","","","",""
"309","143","1993-11-03 00:00:00","T_ANTB","FARMER","PENSA","","","",""
"310","143","1992-05-12 00:00:00","TTRACE","FARMER","IODINE","","4ml","",""
"311","144","1993-07-15 00:00:00","TVACCI","FARMER","LEPTO","","","",""
"312","144","1993-07-29 00:00:00","TTRACE","FARMER","SELEN","","","",""
"313","144","1993-10-21 00:00:00","T_HORM","FARMER","CIDR","","","",""
"314","144","1994-02-01 00:00:00","T_DCT","FARMER","ORB DC","","","",""
"315","144","1992-05-12 00:00:00","TTRACE","FARMER","IODINE","","4ml","",""
"316","144","1993-01-15 00:00:00","T_DCT","FARMER","ORB DC","","","",""
"317","145","1993-07-15 00:00:00","TVACCI","FARMER","LEPTO","","","",""
"318","145","1993-07-29 00:00:00","TTRACE","FARMER","SELEN","","","",""
"319","145","1994-01-14 00:00:00","T_DCT","FARMER","ORB DC","","","",""
"320","145","1992-05-12 00:00:00","TTRACE","FARMER","IODINE","","4ml","",""
"321","145","1993-02-05 00:00:00","T_DCT","FARMER","ORB DC","","","",""
"322","145","1992-02-04 00:00:00","T_INTR","","SPEC F","","","",""
"323","146","1993-07-15 00:00:00","TVACCI","FARMER","LEPTO","","","",""
"324","146","1993-07-29 00:00:00","TTRACE","FARMER","SELEN","","","",""
"325","146","1993-10-21 00:00:00","T_HORM","FARMER","CIDR","","","",""
"326","146","1992-05-12 00:00:00","TTRACE","FARMER","IODINE","","4ml","",""
"327","147","1993-07-15 00:00:00","TVACCI","FARMER","LEPTO","","","",""
"328","147","1993-07-29 00:00:00","TTRACE","FARMER","SELEN","","","",""
"329","147","1993-10-21 00:00:00","T_HORM","FARMER","CIDR","","","",""
"330","147","1994-02-01 00:00:00","T_DCT","FARMER","ORB DC","","","",""
"331","147","1992-05-12 00:00:00","TTRACE","FARMER","IODINE","","4ml","",""
"332","148","1993-07-15 00:00:00","TVACCI","FARMER","LEPTO","","","",""
"333","148","1993-07-29 00:00:00","TTRACE","FARMER","SELEN","","","",""
"334","148","1992-05-19 00:00:00","TTRACE","FARMER","IODINE","","4ml","",""
"335","149","1993-07-15 00:00:00","TVACCI","FARMER","LEPTO","","","",""
"336","149","1993-07-29 00:00:00","TTRACE","FARMER","SELEN","","","",""
"337","149","1993-10-21 00:00:00","T_HORM","FARMER","CIDR","","","",""
"338","149","1992-05-12 00:00:00","TTRACE","FARMER","IODINE","","4ml","",""
"339","149","1991-01-24 00:00:00","T_ANTB","FARMER","PENSA","","Mylipen","",""
"340","150","1993-07-15 00:00:00","TVACCI","FARMER","LEPTO","","","",""
"341","150","1993-07-29 00:00:00","TTRACE","FARMER","SELEN","","","",""
"342","150","1993-10-21 00:00:00","T_HORM","FARMER","CIDR","","","",""
"343","150","1994-01-14 00:00:00","T_DCT","FARMER","ORB DC","","","",""
"344","150","1992-05-12 00:00:00","TTRACE","FARMER","IODINE","","4ml","",""
"345","150","1993-02-05 00:00:00","T_DCT","FARMER","ORB DC","","","",""
"346","151","1993-07-15 00:00:00","TVACCI","FARMER","LEPTO","","","",""
"347","151","1993-07-29 00:00:00","TTRACE","FARMER","SELEN","","","",""
"348","151","1992-05-12 00:00:00","TTRACE","FARMER","IODINE","","4ml","",""
"349","151","1993-01-15 00:00:00","T_DCT","FARMER","ORB DC","","","",""
"350","151","1993-03-03 00:00:00","T_ANTB","FARMER","PENSA","","30ml Mylipen","",""
"351","152","1993-07-15 00:00:00","TVACCI","FARMER","LEPTO","","","",""
"352","152","1993-07-29 00:00:00","TTRACE","FARMER","SELEN","","","",""
"353","152","1993-10-21 00:00:00","T_HORM","FARMER","CIDR","","","",""
"354","152","1994-02-01 00:00:00","T_DCT","FARMER","ORB DC","","","",""
"355","152","1992-05-12 00:00:00","TTRACE","FARMER","IODINE","","4ml","",""
"356","153","1993-07-26 00:00:00","TVACCI","FARMER","LEPTO","","","",""
"357","153","1993-08-03 00:00:00","TTRACE","FARMER","SELEN","","","",""
"358","154","1993-03-25 00:00:00","T_INTR","FARMER","SPEC F","","","",""
"359","154","1993-07-15 00:00:00","TVACCI","FARMER","LEPTO","","","",""
"360","154","1993-07-29 00:00:00","TTRACE","FARMER","SELEN","","","",""
"361","154","1993-10-21 00:00:00","T_HORM","FARMER","CIDR","","","",""
"362","154","1994-02-01 00:00:00","T_DCT","FARMER","ORB DC","","","",""
"363","154","1992-03-19 00:00:00","T_INTR","FARMER","SPEC F","","","",""
"364","154","1992-05-12 00:00:00","TTRACE","FARMER","IODINE","","4ml","",""
"365","154","1993-01-15 00:00:00","T_DCT","FARMER","ORB DC","","","",""
"366","155","1993-06-22 00:00:00","T_HORM","VET","PROSTA","","","",""
"367","155","1993-07-15 00:00:00","TVACCI","FARMER","LEPTO","","","",""
"368","155","1993-07-29 00:00:00","TTRACE","FARMER","SELEN","","","",""
"369","155","1993-10-21 00:00:00","T_HORM","FARMER","CIDR","","","",""
"370","155","1994-02-01 00:00:00","T_DCT","FARMER","ORB DC","","","",""
"371","155","1992-05-12 00:00:00","TTRACE","FARMER","IODINE","","4ml","",""
"372","155","1993-02-05 00:00:00","T_DCT","FARMER","ORB DC","","","",""
"373","155","1992-01-31 00:00:00","T_INTR","FARMER","SPEC F","","","",""
"374","156","1993-07-15 00:00:00","TVACCI","FARMER","LEPTO","","","",""
"375","156","1993-07-29 00:00:00","TTRACE","FARMER","SELEN","","","",""
"376","156","1993-10-21 00:00:00","T_HORM","FARMER","CIDR","","","",""
"377","156","1994-02-01 00:00:00","T_DCT","FARMER","ORB DC","","","",""
"378","156","1992-03-15 00:00:00","T_META","FARMER","MAGNES","","Ca/Mg","",""
"379","156","1992-05-12 00:00:00","TTRACE","FARMER","IODINE","","4ml","",""
"380","156","1992-02-04 00:00:00","T_INTR","FARMER","SPEC F","","","",""
"381","157","1993-07-15 00:00:00","TVACCI","FARMER","LEPTO","","","",""
"382","157","1993-07-29 00:00:00","TTRACE","FARMER","SELEN","","","",""
"383","157","1993-10-21 00:00:00","T_HORM","FARMER","CIDR","","","",""
"384","157","1994-02-01 00:00:00","T_DCT","FARMER","ORB DC","","","",""
"385","157","1992-05-19 00:00:00","TTRACE","FARMER","IODINE","","4ml","",""
"386","158","1993-07-15 00:00:00","TVACCI","FARMER","LEPTO","","","",""
"387","158","1993-07-29 00:00:00","TTRACE","FARMER","SELEN","","","",""
"388","158","1992-04-03 00:00:00","T_META","FARMER","MAGNES","","In skin & vein","",""
"389","158","1992-05-12 00:00:00","TTRACE","FARMER","IODINE","","4ml","",""
"390","158","1993-04-07 00:00:00","T_META","FARMER","CALCUM","","2 bottles","",""
"391","158","1993-04-08 00:00:00","T_META","FARMER","CALCUM","","2 bottles","",""
"392","158","1992-02-04 00:00:00","T_INTR","FARMER","SPEC F","","","",""
"393","159","1993-03-27 00:00:00","T_INTR","FARMER","SPEC F","","","",""
"394","159","1993-07-15 00:00:00","TVACCI","FARMER","LEPTO","","","",""
"395","159","1993-07-29 00:00:00","TTRACE","FARMER","SELEN","","","",""
"396","159","1993-10-21 00:00:00","T_HORM","FARMER","CIDR","","","",""
"397","159","1992-05-19 00:00:00","TTRACE","FARMER","IODINE","","4ml","",""
"398","160","1993-07-15 00:00:00","TVACCI","FARMER","LEPTO","","","",""
"399","160","1993-07-26 00:00:00","T_INTR","FARMER","SPEC F","","","",""
"400","160","1993-07-29 00:00:00","TTRACE","FARMER","SELEN","","","",""
"401","160","1994-01-14 00:00:00","T_DCT","FARMER","ORB DC","","","",""
"402","160","1992-05-12 00:00:00","TTRACE","FARMER","IODINE","","4ml","",""
"403","160","1993-01-15 00:00:00","T_DCT","FARMER","ORB DC","","","",""
"404","161","1993-07-15 00:00:00","TVACCI","FARMER","LEPTO","","","",""
"405","161","1993-07-29 00:00:00","TTRACE","FARMER","SELEN","","","",""
"406","161","1993-10-21 00:00:00","T_HORM","FARMER","CIDR","","","",""
"407","161","1992-05-12 00:00:00","TTRACE","FARMER","IODINE","","4ml","",""
"408","161","1993-02-05 00:00:00","T_DCT","FARMER","ORB DC","","","",""
"409","162","1993-07-26 00:00:00","TVACCI","FARMER","LEPTO","","","",""
"410","162","1993-08-03 00:00:00","TTRACE","FARMER","SELEN","","","",""
"411","163","1993-07-15 00:00:00","TVACCI","FARMER","LEPTO","","","",""
"412","163","1993-07-29 00:00:00","TTRACE","FARMER","SELEN","","","",""
"413","163","1992-05-19 00:00:00","TTRACE","FARMER","IODINE","","4ml","",""
"414","164","1993-07-06 00:00:00","T_HORM","VET","PROSTA","","","",""
"415","164","1993-07-15 00:00:00","TVACCI","FARMER","LEPTO","","","",""
"416","164","1993-07-29 00:00:00","TTRACE","FARMER","SELEN","","","",""
"417","164","1994-01-14 00:00:00","T_DCT","FARMER","ORB DC","","","",""
"418","164","1993-01-15 00:00:00","T_DCT","FARMER","ORB DC","","","",""
"419","166","1994-02-28 00:00:00","T_ANTB","VET","PENSA","","","",""
"423","167","1993-07-15 00:00:00","TVACCI","FARMER","LEPTO","","","",""
"424","167","1993-07-29 00:00:00","TTRACE","FARMER","SELEN","","","",""
"425","167","1994-01-14 00:00:00","T_DCT","FARMER","ORB DC","","","",""
"426","167","1992-05-12 00:00:00","TTRACE","FARMER","IODINE","","4ml","",""
"428","168","1993-07-26 00:00:00","TVACCI","FARMER","LEPTO","","","",""
"429","168","1993-08-03 00:00:00","TTRACE","FARMER","SELEN","","","",""
"431","169","1993-07-15 00:00:00","TVACCI","FARMER","LEPTO","","","",""
"432","169","1993-07-29 00:00:00","TTRACE","FARMER","SELEN","","","",""
"433","169","1992-04-19 00:00:00","T_ANTB","FARMER","PENSA","","20ml Mylipen","",""
"434","169","1992-05-12 00:00:00","TTRACE","FARMER","IODINE","","4ml","",""
"435","169","1993-02-05 00:00:00","T_DCT","FARMER","ORB DC","","","",""
"437","170","1993-07-26 00:00:00","TVACCI","FARMER","LEPTO","","","",""
"438","170","1993-08-03 00:00:00","TTRACE","FARMER","SELEN","","","",""
"441","171","1993-07-15 00:00:00","TVACCI","FARMER","LEPTO","","","",""
"442","171","1993-07-29 00:00:00","TTRACE","FARMER","SELEN","","","",""
"443","171","1992-05-19 00:00:00","TTRACE","FARMER","IODINE","","4ml","",""
"446","172","1993-07-15 00:00:00","TVACCI","FARMER","LEPTO","","","",""
"447","172","1993-07-29 00:00:00","TTRACE","FARMER","SELEN","","","",""
"450","172","1992-05-19 00:00:00","TTRACE","FARMER","IODINE","","4ml","",""
"451","173","1993-07-15 00:00:00","TVACCI","FARMER","LEPTO","","","",""
"452","173","1993-07-29 00:00:00","TTRACE","FARMER","SELEN","","","",""
"453","173","1992-05-12 00:00:00","TTRACE","FARMER","IODINE","","4ml","",""
"454","173","1993-02-05 00:00:00","T_DCT","FARMER","ORB DC","","","",""
"457","174","1993-07-26 00:00:00","TVACCI","FARMER","LEPTO","","","",""
"458","174","1993-08-03 00:00:00","TTRACE","FARMER","SELEN","","","",""
"459","175","1993-07-15 00:00:00","TVACCI","FARMER","LEPTO","","","",""
"460","175","1993-07-29 00:00:00","TTRACE","FARMER","SELEN","","","",""
"461","175","1992-05-19 00:00:00","TTRACE","FARMER","IODINE","","4ml","",""
"464","176","1993-07-15 00:00:00","TVACCI","FARMER","LEPTO","","","",""
"465","176","1993-07-29 00:00:00","TTRACE","FARMER","SELEN","","","",""
"466","176","1994-01-14 00:00:00","T_DCT","FARMER","ORB DC","","","",""
"469","176","1992-05-12 00:00:00","TTRACE","FARMER","IODINE","","4ml","",""
"472","177","1993-05-22 00:00:00","T_INTR","FARMER","SPEC F","","","",""
"473","177","1993-05-25 00:00:00","T_ANTB","FARMER","PENSA","","","",""
"474","177","1993-07-15 00:00:00","TVACCI","FARMER","LEPTO","","","",""
"475","177","1993-07-29 00:00:00","TTRACE","FARMER","SELEN","","","",""
"476","177","1994-01-14 00:00:00","T_DCT","FARMER","ORB DC","","","",""
"477","177","1992-05-12 00:00:00","TTRACE","FARMER","IODINE","","4ml","",""
"478","177","1993-02-05 00:00:00","T_DCT","FARMER","ORB DC","","","",""
"481","178","1993-03-29 00:00:00","T_ANTB","FARMER","PESSAR","","","",""
"482","178","1993-07-15 00:00:00","TVACCI","FARMER","LEPTO","","","",""
"483","178","1993-07-29 00:00:00","TTRACE","FARMER","SELEN","","","",""
"484","178","1994-01-14 00:00:00","T_DCT","FARMER","ORB DC","","","",""
"485","178","1992-05-12 00:00:00","TTRACE","FARMER","IODINE","","4ml","",""
"486","178","1992-03-10 00:00:00","T_META","FARMER","CALCUM","","3 cal-mag","",""
"487","179","1993-07-15 00:00:00","TVACCI","FARMER","LEPTO","","","",""
"488","179","1993-07-29 00:00:00","TTRACE","FARMER","SELEN","","","",""
"489","179","1992-05-19 00:00:00","TTRACE","FARMER","IODINE","","4ml","",""
"490","180","1993-07-15 00:00:00","TVACCI","FARMER","LEPTO","","","",""
"491","180","1993-07-29 00:00:00","TTRACE","FARMER","SELEN","","","",""
"492","180","1992-05-19 00:00:00","TTRACE","FARMER","IODINE","","4ml","",""
"493","181","1993-07-26 00:00:00","TVACCI","FARMER","LEPTO","","","",""
"494","181","1993-08-03 00:00:00","TTRACE","FARMER","SELEN","","","",""
"497","182","1993-07-26 00:00:00","TVACCI","FARMER","LEPTO","","","",""
"498","182","1993-08-03 00:00:00","TTRACE","FARMER","SELEN","","","",""
"499","183","1993-04-02 00:00:00","T_INTR","FARMER","SPEC F","","","",""
"500","183","1993-07-15 00:00:00","TVACCI","FARMER","LEPTO","","","",""
"501","183","1993-07-29 00:00:00","TTRACE","FARMER","SELEN","","","",""
"502","183","1994-01-14 00:00:00","T_DCT","FARMER","ORB DC","","","",""
"503","183","1992-05-12 00:00:00","TTRACE","FARMER","IODINE","","4ml","",""
"504","183","1993-01-15 00:00:00","T_DCT","FARMER","ORB DC","","","",""
"505","183","1991-12-02 00:00:00","T_INTR","FARMER","CLOXAG","","","",""
"506","183","1991-12-11 00:00:00","T_INTR","FARMER","CLOXAG","","","",""
"507","184","1993-06-22 00:00:00","T_HORM","VET","PROSTA","","","",""
"508","184","1993-06-26 00:00:00","T_HORM","VET","PROSTA","","","",""
"509","184","1993-06-29 00:00:00","T_ANTB","FARMER","PENSA","","Mylipen","",""
"510","184","1993-07-15 00:00:00","TVACCI","FARMER","LEPTO","","","",""
"511","184","1993-07-29 00:00:00","TTRACE","FARMER","SELEN","","","",""
"512","184","1992-05-12 00:00:00","TTRACE","FARMER","IODINE","","4ml","",""
"513","185","1993-07-15 00:00:00","TVACCI","FARMER","LEPTO","","","",""
"514","185","1993-07-29 00:00:00","TTRACE","FARMER","SELEN","","","",""
"515","185","1994-02-01 00:00:00","T_DCT","FARMER","ORB DC","","","",""
"516","185","1993-01-15 00:00:00","T_DCT","FARMER","ORB DC","","","",""
"522","186","1993-07-15 00:00:00","TVACCI","FARMER","LEPTO","","","",""
"523","186","1993-07-29 00:00:00","TTRACE","FARMER","SELEN","","","",""
"524","186","1994-01-14 00:00:00","T_DCT","FARMER","ORB DC","","","",""
"525","186","1992-04-01 00:00:00","T_ANTB","FARMER","PENSA","","Mylipen","",""
"526","186","1992-05-12 00:00:00","TTRACE","FARMER","IODINE","","4ml","",""
"530","187","1993-07-15 00:00:00","TVACCI","FARMER","LEPTO","","","",""
"531","187","1993-07-29 00:00:00","TTRACE","FARMER","SELEN","","","",""
"532","187","1992-05-12 00:00:00","TTRACE","FARMER","IODINE","","4ml","",""
"533","187","1993-03-24 00:00:00","T_CLVI","FARMER","F IND","","","",""
"542","188","1993-07-15 00:00:00","TVACCI","FARMER","LEPTO","","","",""
"543","188","1993-07-29 00:00:00","TTRACE","FARMER","SELEN","","","",""
"544","188","1994-01-14 00:00:00","T_DCT","FARMER","ORB DC","","","",""
"545","188","1992-05-12 00:00:00","TTRACE","FARMER","IODINE","","4ml","",""
"546","188","1993-01-11 00:00:00","T_ANTB","FARMER","OXYTET","","Engemycin","",""
"547","189","1993-07-15 00:00:00","TVACCI","FARMER","LEPTO","","","",""
"548","189","1993-07-29 00:00:00","TTRACE","FARMER","SELEN","","","",""
"549","189","1994-01-14 00:00:00","T_DCT","FARMER","ORB DC","","","",""
"552","189","1992-03-25 00:00:00","T_INTR","FARMER","SPEC F","","","",""
"553","189","1992-05-12 00:00:00","TTRACE","FARMER","IODINE","","4ml","",""
"554","189","1992-08-29 00:00:00","T_INTR","FARMER","MASTAL","","","",""
"555","189","1992-10-14 00:00:00","T_ANTB","FARMER","PENSA","","Mylipen","",""
"556","189","1993-01-15 00:00:00","T_DCT","FARMER","ORB DC","","","",""
"557","190","1993-07-15 00:00:00","TVACCI","FARMER","LEPTO","","","",""
"558","190","1993-07-29 00:00:00","TTRACE","FARMER","SELEN","","","",""
"559","190","1992-05-12 00:00:00","TTRACE","FARMER","IODINE","","4ml","",""
"560","190","1993-02-05 00:00:00","T_DCT","FARMER","ORB DC","","","",""
"564","191","1993-07-15 00:00:00","TVACCI","FARMER","LEPTO","","","",""
"565","191","1993-07-29 00:00:00","TTRACE","FARMER","SELEN","","","",""
"566","191","1992-05-12 00:00:00","TTRACE","FARMER","IODINE","","4ml","",""
"567","191","1993-01-15 00:00:00","T_DCT","FARMER","ORB DC","","","",""
"570","192","1993-07-29 00:00:00","TTRACE","FARMER","SELEN","","","",""
"571","192","1992-05-19 00:00:00","TTRACE","FARMER","IODINE","","4ml","",""
"572","193","1993-07-26 00:00:00","TVACCI","FARMER","LEPTO","","","",""
"573","193","1993-08-03 00:00:00","TTRACE","FARMER","SELEN","","","",""
"574","194","1993-07-26 00:00:00","TVACCI","FARMER","LEPTO","","","",""
"575","194","1993-08-03 00:00:00","TTRACE","FARMER","SELEN","","","",""
"576","195","1993-07-15 00:00:00","TVACCI","FARMER","LEPTO","","","",""
"577","195","1993-07-29 00:00:00","TTRACE","FARMER","SELEN","","","",""
"578","195","1994-01-14 00:00:00","T_DCT","FARMER","ORB DC","","","",""
"579","195","1992-05-12 00:00:00","TTRACE","FARMER","IODINE","","4ml","",""
"581","196","1993-07-15 00:00:00","TVACCI","FARMER","LEPTO","","","",""
"582","196","1993-07-29 00:00:00","TTRACE","FARMER","SELEN","","","",""
"583","196","1992-05-19 00:00:00","TTRACE","FARMER","IODINE","","4ml","",""
"587","197","1993-07-15 00:00:00","TVACCI","FARMER","LEPTO","","","",""
"588","197","1993-07-29 00:00:00","TTRACE","FARMER","SELEN","","","",""
"589","197","1992-05-12 00:00:00","TTRACE","FARMER","IODINE","","4ml","",""
"590","198","1993-07-26 00:00:00","TVACCI","FARMER","LEPTO","","","",""
"591","198","1993-08-03 00:00:00","TTRACE","FARMER","SELEN","","","",""
"596","199","1993-07-15 00:00:00","TVACCI","FARMER","LEPTO","","","",""
"597","199","1993-07-29 00:00:00","TTRACE","FARMER","SELEN","","","",""
"598","199","1994-01-14 00:00:00","T_DCT","FARMER","ORB DC","","","",""
"599","199","1992-05-12 00:00:00","TTRACE","FARMER","IODINE","","4ml","",""
"600","200","1993-07-15 00:00:00","TVACCI","FARMER","LEPTO","","","",""
"601","200","1993-07-29 00:00:00","TTRACE","FARMER","SELEN","","","",""
"602","200","1992-05-12 00:00:00","TTRACE","FARMER","IODINE","","4ml","",""
"605","201","1993-07-15 00:00:00","TVACCI","FARMER","LEPTO","","","",""
"606","201","1993-07-29 00:00:00","TTRACE","FARMER","SELEN","","","",""
"609","201","1992-05-19 00:00:00","TTRACE","","IODINE","","4ml","",""
"610","202","1993-07-26 00:00:00","TVACCI","FARMER","LEPTO","","","",""
"611","202","1993-08-03 00:00:00","TTRACE","FARMER","SELEN","","","",""
"613","203","1993-07-26 00:00:00","TVACCI","FARMER","LEPTO","","","",""
"614","203","1993-08-03 00:00:00","TTRACE","FARMER","SELEN","","","",""
"616","204","1993-07-15 00:00:00","TVACCI","FARMER","LEPTO","","","",""
"617","204","1993-07-29 00:00:00","TTRACE","FARMER","SELEN","","","",""
"618","204","1994-01-14 00:00:00","T_DCT","FARMER","ORB DC","","","",""
"619","204","1992-05-12 00:00:00","TTRACE","FARMER","IODINE","","4ml","",""
"620","205","1993-07-26 00:00:00","TVACCI","FARMER","LEPTO","","","",""
"621","205","1993-08-03 00:00:00","TTRACE","FARMER","SELEN","","","",""
"623","206","1993-07-15 00:00:00","TVACCI","FARMER","LEPTO","","","",""
"624","206","1993-07-29 00:00:00","TTRACE","FARMER","SELEN","","","",""
"625","206","1994-01-14 00:00:00","T_DCT","FARMER","ORB DC","","","",""
"626","206","1992-05-12 00:00:00","TTRACE","FARMER","IODINE","","4ml","",""
"627","207","1993-07-15 00:00:00","TVACCI","FARMER","LEPTO","","","",""
"628","207","1993-07-29 00:00:00","TTRACE","FARMER","SELEN","","","",""
"629","207","1992-05-12 00:00:00","TTRACE","FARMER","IODINE","","4ml","",""
"630","207","1993-01-15 00:00:00","T_DCT","FARMER","ORB DC","","","",""
"634","208","1993-07-15 00:00:00","TVACCI","FARMER","LEPTO","","","",""
"635","208","1993-07-29 00:00:00","TTRACE","FARMER","SELEN","","","",""
"636","208","1992-04-10 00:00:00","T_INTR","FARMER","SPEC F","","","",""
"637","208","1992-05-12 00:00:00","TTRACE","FARMER","IODINE","","4ml","",""
"638","208","1992-08-09 00:00:00","T_INTR","FARMER","SPEC F","","","",""
"639","208","1993-02-05 00:00:00","T_DCT","FARMER","ORB DC","","","",""
"640","209","1993-07-15 00:00:00","TVACCI","FARMER","LEPTO","","","",""
"641","209","1993-07-29 00:00:00","TTRACE","FARMER","SELEN","","","",""
"642","209","1993-12-06 00:00:00","T_ANTB","FARMER","PENSA","","","",""
"643","209","1994-01-14 00:00:00","T_DCT","FARMER","ORB DC","","","",""
"644","209","1992-05-12 00:00:00","TTRACE","FARMER","IODINE","","4ml","",""
"645","209","1993-01-15 00:00:00","T_DCT","FARMER","ORB DC","","","",""
"647","210","1993-07-15 00:00:00","TVACCI","FARMER","LEPTO","","","",""
"648","210","1993-07-29 00:00:00","TTRACE","FARMER","SELEN","","","",""
"649","210","1992-05-12 00:00:00","TTRACE","FARMER","IODINE","","4ml","",""
"650","210","1993-01-15 00:00:00","T_DCT","FARMER","ORB DC","","","",""
"652","211","1993-07-15 00:00:00","TVACCI","FARMER","LEPTO","","","",""
"653","211","1993-07-29 00:00:00","TTRACE","FARMER","SELEN","","","",""
"654","211","1992-05-12 00:00:00","TTRACE","FARMER","IODINE","","4ml","",""
"655","211","1993-02-05 00:00:00","T_DCT","FARMER","ORB DC","","","",""
"663","212","1993-07-15 00:00:00","TVACCI","FARMER","LEPTO","","","",""
"664","212","1993-07-29 00:00:00","TTRACE","FARMER","SELEN","","","",""
"665","212","1992-05-12 00:00:00","TTRACE","FARMER","IODINE","","4ml","",""
"666","212","1993-02-05 00:00:00","T_DCT","FARMER","ORB DC","","","",""
"677","213","1993-04-03 00:00:00","T_INTR","FARMER","SPEC F","","","",""
"678","213","1993-06-22 00:00:00","T_HORM","VET","PROSTA","","","",""
"679","213","1993-07-15 00:00:00","TVACCI","FARMER","LEPTO","","","",""
"680","213","1993-07-29 00:00:00","TTRACE","FARMER","SELEN","","","",""
"681","213","1994-01-14 00:00:00","T_DCT","FARMER","ORB DC","","","",""
"682","213","1992-05-12 00:00:00","TTRACE","FARMER","IODINE","","4ml","",""
"683","213","1993-01-15 00:00:00","T_DCT","FARMER","ORB DC","","","",""
"685","214","1993-05-17 00:00:00","T_INTR","FARMER","SPEC F","","","",""
"686","214","1993-06-03 00:00:00","T_INTR","FARMER","SPEC F","","","",""
"687","214","1993-07-15 00:00:00","TVACCI","FARMER","LEPTO","","","",""
"688","214","1993-07-29 00:00:00","TTRACE","FARMER","SELEN","","","",""
"689","214","1994-01-14 00:00:00","T_DCT","FARMER","ORB DC","","","",""
"690","214","1992-05-22 00:00:00","T_INTR","FARMER","SPEC F","","","",""
"691","214","1993-02-05 00:00:00","T_DCT","FARMER","ORB DC","","","",""
"692","214","1992-01-31 00:00:00","T_INTR","FARMER","SPEC F","","","",""
"695","215","1993-07-15 00:00:00","TVACCI","FARMER","LEPTO","","","",""
"696","215","1993-07-29 00:00:00","TTRACE","FARMER","SELEN","","","",""
"697","215","1992-05-12 00:00:00","TTRACE","FARMER","IODINE","","4ml","",""
"703","216","1993-07-15 00:00:00","TVACCI","FARMER","LEPTO","","","",""
"704","216","1993-07-29 00:00:00","TTRACE","FARMER","SELEN","","","",""
"705","216","1994-01-14 00:00:00","T_DCT","FARMER","ORB DC","","","",""
"706","216","1992-05-12 00:00:00","TTRACE","FARMER","IODINE","","4ml","",""
"707","216","1993-02-05 00:00:00","T_DCT","FARMER","ORB DC","","","",""
"715","217","1993-06-22 00:00:00","T_HORM","VET","PROSTA","","","",""
"716","217","1993-07-15 00:00:00","TVACCI","FARMER","LEPTO","","","",""
"717","217","1993-07-29 00:00:00","TTRACE","FARMER","SELEN","","","",""
"718","217","1994-01-14 00:00:00","T_DCT","FARMER","ORB DC","","","",""
"719","217","1992-05-12 00:00:00","TTRACE","FARMER","IODINE","","4ml","",""
"720","217","1993-01-15 00:00:00","T_DCT","FARMER","ORB DC","","","",""
"721","218","1994-02-01 00:00:00","T_DCT","FARMER","ORB DC","","","",""
"722","218","1992-05-12 00:00:00","TTRACE","FARMER","IODINE","","4ml","",""
"723","218","1993-02-05 00:00:00","T_DCT","FARMER","ORB DC","","","",""
"724","219","1993-07-26 00:00:00","TVACCI","FARMER","LEPTO","","","",""
"725","219","1993-08-03 00:00:00","TTRACE","FARMER","SELEN","","","",""
"726","219","1994-02-08 00:00:00","T_ANTB","FARMER","PENSA","","intracillin","",""
"729","220","1993-04-02 00:00:00","T_INTR","FARMER","SPEC F","","","",""
"730","220","1993-07-15 00:00:00","TVACCI","FARMER","LEPTO","","","",""
"731","220","1993-07-29 00:00:00","TTRACE","FARMER","SELEN","","","",""
"732","220","1994-01-14 00:00:00","T_DCT","FARMER","ORB DC","","","",""
"733","220","1992-03-13 00:00:00","T_META","FARMER","CALCUM","","Ca Boroglutamate","",""
"734","220","1992-05-12 00:00:00","TTRACE","FARMER","IODINE","","4ml","",""
"735","220","1992-02-04 00:00:00","T_INTR","FARMER","SPEC F","","","",""
"738","221","1993-07-15 00:00:00","TVACCI","FARMER","LEPTO","","","",""
"739","221","1993-07-29 00:00:00","TTRACE","FARMER","SELEN","","","",""
"740","221","1994-02-01 00:00:00","T_DCT","FARMER","ORB DC","","","",""
"741","221","1992-05-12 00:00:00","TTRACE","FARMER","IODINE","","4ml","",""
"742","221","1992-05-16 00:00:00","T_INTR","FARMER","SPEC F","","","",""
"743","221","1992-05-21 00:00:00","T_INTR","FARMER","SPEC F","","","",""
"744","221","1992-06-18 00:00:00","T_INTR","FARMER","SPEC F","","","",""
"745","221","1992-07-02 00:00:00","T_INTR","FARMER","SPEC F","","","",""
"746","221","1992-07-11 00:00:00","T_INTR","FARMER","SPEC F","","","",""
"747","221","1992-10-20 00:00:00","T_INTR","FARMER","MASTAL","","","",""
"748","221","1993-02-05 00:00:00","T_DCT","FARMER","ORB DC","","","",""
"752","222","1993-07-15 00:00:00","TVACCI","FARMER","LEPTO","","","",""
"753","222","1993-07-29 00:00:00","TTRACE","FARMER","SELEN","","","",""
"754","222","1994-01-14 00:00:00","T_DCT","FARMER","ORB DC","","","",""
"755","222","1992-05-12 00:00:00","TTRACE","FARMER","IODINE","","4ml","",""
"756","222","1992-05-15 00:00:00","T_INTR","FARMER","SPEC F","","","",""
"757","222","1993-01-15 00:00:00","T_DCT","FARMER","ORB DC","","","",""
"760","223","1993-04-01 00:00:00","T_ANTB","FARMER","PENSA","","","",""
"761","223","1993-07-15 00:00:00","TVACCI","FARMER","LEPTO","","","",""
"762","223","1993-07-29 00:00:00","TTRACE","FARMER","SELEN","","","",""
"763","223","1992-05-19 00:00:00","TTRACE","FARMER","IODINE","","4ml","",""
"764","224","1993-07-15 00:00:00","TVACCI","FARMER","LEPTO","","","",""
"765","224","1993-07-29 00:00:00","TTRACE","FARMER","SELEN","","","",""
"766","224","1992-05-12 00:00:00","TTRACE","FARMER","IODINE","","4ml","",""
"767","224","1993-02-05 00:00:00","T_DCT","FARMER","ORB DC","","","",""
"768","224","1992-02-04 00:00:00","T_INTR","FARMER","SPEC F","","","",""
"770","225","1993-07-15 00:00:00","TVACCI","FARMER","LEPTO","","","",""
"771","225","1993-07-29 00:00:00","TTRACE","FARMER","SELEN","","","",""
"772","225","1992-05-19 00:00:00","TTRACE","FARMER","IODINE","","4ml","",""
"776","226","1993-07-15 00:00:00","TVACCI","FARMER","LEPTO","","","",""
"777","226","1993-07-29 00:00:00","TTRACE","FARMER","SELEN","","","",""
"778","226","1992-05-19 00:00:00","TTRACE","","IODINE","","4ml","",""
"786","227","1993-07-15 00:00:00","TVACCI","FARMER","LEPTO","","","",""
"787","227","1993-07-29 00:00:00","TTRACE","FARMER","SELEN","","","",""
"790","227","1992-05-19 00:00:00","TTRACE","FARMER","IODINE","","4ml","",""
"792","228","1993-07-15 00:00:00","TVACCI","FARMER","LEPTO","","","",""
"793","228","1993-07-29 00:00:00","TTRACE","FARMER","SELEN","","","",""
"794","228","1992-05-12 00:00:00","TTRACE","FARMER","IODINE","","4ml","",""
"795","228","1993-02-05 00:00:00","T_DCT","FARMER","ORB DC","","","",""
"797","229","1993-04-01 00:00:00","T_META","FARMER","CALCUM","","","",""
"798","229","1993-07-15 00:00:00","TVACCI","FARMER","LEPTO","","","",""
"799","229","1993-07-29 00:00:00","TTRACE","FARMER","SELEN","","","",""
"800","229","1994-01-14 00:00:00","T_DCT","FARMER","ORB DC","","","",""
"803","229","1992-05-12 00:00:00","TTRACE","FARMER","IODINE","","4ml","",""
"804","229","1993-02-05 00:00:00","T_DCT","FARMER","ORB DC","","","",""
"805","229","1992-03-20 00:00:00","T_META","FARMER","CALCUM","","Pre-calvg","",""
"809","230","1993-07-15 00:00:00","TVACCI","FARMER","LEPTO","","","",""
"810","230","1993-07-29 00:00:00","TTRACE","FARMER","SELEN","","","",""
"811","230","1994-01-14 00:00:00","T_DCT","FARMER","ORB DC","","","",""
"812","230","1992-05-12 00:00:00","TTRACE","FARMER","IODINE","","4ml","",""
"813","230","1992-07-09 00:00:00","T_ANTB","FARMER","PENSA","","Mylipen","",""
"814","230","1993-02-05 00:00:00","T_DCT","FARMER","ORB DC","","","",""
"815","231","1993-07-26 00:00:00","TVACCI","FARMER","LEPTO","","","",""
"816","231","1993-08-03 00:00:00","TTRACE","FARMER","SELEN","","","",""
"817","232","1993-07-26 00:00:00","TVACCI","FARMER","LEPTO","","","",""
"818","232","1993-08-03 00:00:00","TTRACE","FARMER","SELEN","","","",""
"819","233","1993-07-15 00:00:00","TVACCI","FARMER","LEPTO","","","",""
"820","233","1993-07-29 00:00:00","TTRACE","FARMER","SELEN","","","",""
"821","233","1992-05-19 00:00:00","TTRACE","FARMER","IODINE","","4ml","",""
"823","234","1993-07-15 00:00:00","TVACCI","FARMER","LEPTO","","","",""
"824","234","1993-07-29 00:00:00","TTRACE","FARMER","SELEN","","","",""
"825","234","1992-05-12 00:00:00","TTRACE","FARMER","IODINE","","4ml","",""
"826","234","1993-02-05 00:00:00","T_DCT","FARMER","ORB DC","","","",""
"830","236","1993-07-15 00:00:00","TVACCI","FARMER","LEPTO","","","",""
"831","236","1993-07-29 00:00:00","TTRACE","FARMER","SELEN","","","",""
"832","236","1992-05-19 00:00:00","TTRACE","FARMER","IODINE","","4ml","",""
"833","237","1993-07-15 00:00:00","TVACCI","FARMER","LEPTO","","","",""
"834","237","1993-07-29 00:00:00","TTRACE","FARMER","SELEN","","","",""
"835","237","1994-01-14 00:00:00","T_DCT","FARMER","ORB DC","","","",""
"836","237","1992-05-12 00:00:00","TTRACE","FARMER","IODINE","","4ml","",""
"837","237","1993-01-15 00:00:00","T_DCT","FARMER","ORB DC","","","",""
"838","237","1993-04-26 00:00:00","T_META","FARMER","CALCUM","","3 bottles","",""
"839","238","1993-06-22 00:00:00","T_HORM","VET","PROSTA","","","",""
"840","238","1993-07-15 00:00:00","TVACCI","FARMER","LEPTO","","","",""
"841","238","1993-07-29 00:00:00","TTRACE","FARMER","SELEN","","","",""
"842","238","1994-01-14 00:00:00","T_DCT","FARMER","ORB DC","","","",""
"843","238","1992-05-12 00:00:00","TTRACE","FARMER","IODINE","","4ml","",""
"844","238","1993-01-15 00:00:00","T_DCT","FARMER","ORB DC","","","",""
"845","239","1993-07-15 00:00:00","TVACCI","FARMER","LEPTO","","","",""
"846","239","1993-07-29 00:00:00","TTRACE","FARMER","SELEN","","","",""
"847","239","1994-01-14 00:00:00","T_DCT","FARMER","ORB DC","","","",""
"850","239","1992-05-12 00:00:00","TTRACE","FARMER","IODINE","","4ml","",""
"851","239","1993-01-15 00:00:00","T_DCT","FARMER","ORB DC","","","",""
"854","240","1993-07-15 00:00:00","TVACCI","FARMER","LEPTO","","","",""
"855","240","1993-07-29 00:00:00","TTRACE","FARMER","SELEN","","","",""
"858","240","1992-04-05 00:00:00","T_INTR","FARMER","SPEC F","","","",""
"859","240","1992-05-12 00:00:00","TTRACE","FARMER","IODINE","","4ml","",""
"860","240","1993-01-15 00:00:00","T_DCT","FARMER","ORB DC","","","",""
"861","240","1991-01-10 00:00:00","T_ANTB","FARMER","PENSA","","Mylipen","",""
"863","241","1993-07-15 00:00:00","TVACCI","FARMER","LEPTO","","","",""
"864","241","1993-07-29 00:00:00","TTRACE","FARMER","SELEN","","","",""
"867","242","1993-07-26 00:00:00","TVACCI","FARMER","LEPTO","","","",""
"868","242","1993-08-03 00:00:00","TTRACE","FARMER","SELEN","","","",""
"871","243","1993-07-26 00:00:00","TVACCI","FARMER","LEPTO","","","",""
"872","243","1993-08-03 00:00:00","TTRACE","FARMER","SELEN","","","",""
"876","244","1993-07-15 00:00:00","TVACCI","FARMER","LEPTO","","","",""
"877","244","1993-07-29 00:00:00","TTRACE","FARMER","SELEN","","","",""
"878","244","1994-01-14 00:00:00","T_DCT","FARMER","ORB DC","","","",""
"879","244","1992-05-12 00:00:00","TTRACE","FARMER","IODINE","","4ml","",""
"881","245","1993-04-18 00:00:00","T_ANTB","FARMER","PENSA","","","",""
"882","245","1993-07-15 00:00:00","TVACCI","FARMER","LEPTO","","","",""
"883","245","1993-07-29 00:00:00","TTRACE","FARMER","SELEN","","","",""
"884","245","1994-01-14 00:00:00","T_DCT","FARMER","ORB DC","","","",""
"885","245","1992-05-12 00:00:00","TTRACE","FARMER","IODINE","","4ml","",""
"886","245","1992-08-20 00:00:00","T_INTR","FARMER","SPEC F","","","",""
"887","245","1993-02-05 00:00:00","T_DCT","FARMER","ORB DC","","","",""
"889","246","1993-07-26 00:00:00","TVACCI","FARMER","LEPTO","","","",""
"890","246","1993-08-03 00:00:00","TTRACE","FARMER","SELEN","","","",""
"892","247","1993-09-07 00:00:00","T_ANTB","FARMER","PENSA","","","",""
"893","247","1993-09-21 00:00:00","T_ANTB","FARMER","PENSA","","","",""
"894","248","1993-07-15 00:00:00","TVACCI","FARMER","LEPTO","","","",""
"895","248","1993-07-29 00:00:00","TTRACE","FARMER","SELEN","","","",""
"896","248","1994-01-14 00:00:00","T_DCT","FARMER","ORB DC","","","",""
"899","248","1992-05-12 00:00:00","TTRACE","FARMER","IODINE","","4ml","",""
"900","249","1993-07-15 00:00:00","TVACCI","FARMER","LEPTO","","","",""
"901","249","1993-07-29 00:00:00","TTRACE","FARMER","SELEN","","","",""
"902","249","1994-01-14 00:00:00","T_DCT","FARMER","ORB DC","","","",""
"903","249","1992-05-12 00:00:00","TTRACE","FARMER","IODINE","","4ml","",""
"905","250","1993-07-15 00:00:00","TVACCI","FARMER","LEPTO","","","",""
"906","250","1993-07-29 00:00:00","TTRACE","FARMER","SELEN","","","",""
"907","250","1992-05-12 00:00:00","TTRACE","FARMER","IODINE","","4ml","",""
"908","251","1993-07-15 00:00:00","TVACCI","FARMER","LEPTO","","","",""
"909","251","1993-07-29 00:00:00","TTRACE","FARMER","SELEN","","","",""
"910","251","1994-01-14 00:00:00","T_DCT","FARMER","ORB DC","","","",""
"911","251","1992-05-12 00:00:00","TTRACE","FARMER","IODINE","","4ml","",""
"914","252","1993-07-26 00:00:00","TVACCI","FARMER","LEPTO","","","",""
"915","252","1993-08-03 00:00:00","TTRACE","FARMER","SELEN","","","",""
"916","253","1993-07-15 00:00:00","TVACCI","FARMER","LEPTO","","","",""
"917","253","1993-07-29 00:00:00","TTRACE","FARMER","SELEN","","","",""
"918","253","1992-05-19 00:00:00","TTRACE","FARMER","IODINE","","4ml","",""
"920","254","1993-07-15 00:00:00","TVACCI","FARMER","LEPTO","","","",""
"921","254","1993-07-29 00:00:00","TTRACE","FARMER","SELEN","","","",""
"922","254","1992-05-12 00:00:00","TTRACE","FARMER","IODINE","","4ml","",""
"924","255","1993-04-16 00:00:00","T_META","FARMER","CALCUM","","","",""
"925","255","1993-04-16 00:00:00","T_META","FARMER","PROPYLGLYC","","","",""
"926","255","1993-07-15 00:00:00","TVACCI","FARMER","LEPTO","","","",""
"927","255","1993-07-29 00:00:00","TTRACE","FARMER","SELEN","","","",""
"928","255","1993-01-15 00:00:00","T_DCT","FARMER","ORB DC","","","",""
"935","256","1993-07-15 00:00:00","TVACCI","FARMER","LEPTO","","","",""
"936","256","1993-07-29 00:00:00","TTRACE","FARMER","SELEN","","","",""
"937","256","1994-01-14 00:00:00","T_DCT","FARMER","ORB DC","","","",""
"938","256","1992-05-12 00:00:00","TTRACE","FARMER","IODINE","","4ml","",""
"939","256","1993-01-15 00:00:00","T_DCT","FARMER","ORB DC","","","",""
"945","257","1993-07-15 00:00:00","TVACCI","FARMER","LEPTO","","","",""
"946","257","1993-07-29 00:00:00","TTRACE","FARMER","SELEN","","","",""
"947","257","1992-05-12 00:00:00","TTRACE","FARMER","IODINE","","4ml","",""
"952","258","1993-07-15 00:00:00","TVACCI","FARMER","LEPTO","","","",""
"953","258","1993-07-29 00:00:00","TTRACE","FARMER","SELEN","","","",""
"954","258","1994-01-14 00:00:00","T_DCT","FARMER","ORB DC","","","",""
"955","258","1992-05-12 00:00:00","TTRACE","FARMER","IODINE","","4ml","",""
"956","258","1992-06-24 00:00:00","T_HORM","VET","PROSTA","","","",""
"958","259","1993-07-15 00:00:00","TVACCI","FARMER","LEPTO","","","",""
"959","259","1993-07-29 00:00:00","TTRACE","FARMER","SELEN","","","",""
"960","259","1992-05-19 00:00:00","TTRACE","FARMER","IODINE","","4ml","",""
"963","260","1993-07-26 00:00:00","TVACCI","FARMER","LEPTO","","","",""
"964","260","1993-08-03 00:00:00","TTRACE","FARMER","SELEN","","","",""
"965","261","1993-07-15 00:00:00","TVACCI","FARMER","LEPTO","","","",""
"966","261","1993-07-29 00:00:00","TTRACE","FARMER","SELEN","","","",""
"967","261","1994-01-14 00:00:00","T_DCT","FARMER","ORB DC","","","",""
"968","261","1992-05-12 00:00:00","TTRACE","FARMER","IODINE","","4ml","",""
"969","261","1993-01-15 00:00:00","T_DCT","FARMER","ORB DC","","","",""
"977","262","1993-03-24 00:00:00","T_INTR","FARMER","SPEC F","","","",""
"978","262","1993-07-15 00:00:00","TVACCI","FARMER","LEPTO","","","",""
"979","262","1993-07-29 00:00:00","TTRACE","FARMER","SELEN","","","",""
"980","262","1994-01-14 00:00:00","T_DCT","FARMER","ORB DC","","","",""
"981","262","1992-03-22 00:00:00","T_INTR","FARMER","SPEC F","","","",""
"982","262","1992-05-12 00:00:00","TTRACE","FARMER","IODINE","","4ml","",""
"983","262","1992-08-26 00:00:00","T_ANTB","FARMER","PENSA","","mylipen","",""
"984","262","1992-09-26 00:00:00","T_ANTB","FARMER","PENSA","","mylipen","",""
"985","262","1993-01-15 00:00:00","T_DCT","FARMER","ORB DC","","","",""
"986","263","1993-07-15 00:00:00","TVACCI","FARMER","LEPTO","","","",""
"987","263","1993-07-29 00:00:00","TTRACE","FARMER","SELEN","","","",""
"988","263","1994-01-14 00:00:00","T_DCT","FARMER","ORB DC","","","",""
"989","263","1992-03-24 00:00:00","T_INTR","FARMER","SPEC F","","","",""
"990","263","1992-05-12 00:00:00","TTRACE","FARMER","IODINE","","4ml","",""
"991","263","1992-08-05 00:00:00","T_ANTB","FARMER","PENSA","","20ml Mylipen","",""
"992","263","1993-02-05 00:00:00","T_DCT","FARMER","ORB DC","","","",""
"997","264","1993-07-15 00:00:00","TVACCI","FARMER","LEPTO","","","",""
"998","264","1993-07-29 00:00:00","TTRACE","FARMER","SELEN","","","",""
"999","264","1992-05-12 00:00:00","TTRACE","FARMER","IODINE","","4ml","",""
"1000","264","1992-08-13 00:00:00","T_INTR","FARMER","SPEC F","","","",""
"1001","264","1993-01-15 00:00:00","T_DCT","FARMER","ORB DC","","","",""
"1004","265","1993-07-15 00:00:00","TVACCI","FARMER","LEPTO","","","",""
"1005","265","1993-07-29 00:00:00","TTRACE","FARMER","SELEN","","","",""
"1006","265","1992-05-12 00:00:00","TTRACE","FARMER","IODINE","","4ml","",""
"1007","265","1993-01-15 00:00:00","T_DCT","FARMER","ORB DC","","","",""
"1008","266","1993-07-15 00:00:00","TVACCI","FARMER","LEPTO","","","",""
"1009","266","1993-07-29 00:00:00","TTRACE","FARMER","SELEN","","","",""
"1012","266","1992-05-12 00:00:00","TTRACE","FARMER","IODINE","","4ml","",""
"1015","267","1993-07-15 00:00:00","TVACCI","FARMER","LEPTO","","","",""
"1016","267","1993-07-21 00:00:00","T_INTR","FARMER","SPEC F","","","",""
"1017","267","1993-07-29 00:00:00","TTRACE","FARMER","SELEN","","","",""
"1018","267","1994-01-14 00:00:00","T_DCT","FARMER","ORB DC","","","",""
"1019","267","1992-05-12 00:00:00","TTRACE","FARMER","IODINE","","4ml","",""
"1020","267","1993-02-05 00:00:00","T_DCT","FARMER","ORB DC","","","",""
"1023","268","1993-07-15 00:00:00","TVACCI","FARMER","LEPTO","","","",""
"1024","268","1993-07-29 00:00:00","TTRACE","FARMER","SELEN","","","",""
"1027","268","1992-05-12 00:00:00","TTRACE","FARMER","IODINE","","4ml","",""
"1028","269","1993-07-26 00:00:00","TVACCI","FARMER","LEPTO","","","",""
"1029","269","1993-08-03 00:00:00","TTRACE","FARMER","SELEN","","","",""
"1031","270","1993-07-15 00:00:00","TVACCI","FARMER","LEPTO","","","",""
"1032","270","1993-07-29 00:00:00","TTRACE","FARMER","SELEN","","","",""
"1033","270","1992-05-19 00:00:00","TTRACE","","IODINE","","4ml","",""
"1040","271","1993-07-15 00:00:00","TVACCI","FARMER","LEPTO","","","",""
"1041","271","1993-07-29 00:00:00","TTRACE","FARMER","SELEN","","","",""
"1042","271","1994-01-14 00:00:00","T_DCT","FARMER","ORB DC","","","",""
"1043","271","1992-05-12 00:00:00","TTRACE","FARMER","IODINE","","4ml","",""
"1044","271","1992-02-04 00:00:00","T_INTR","FARMER","SPEC F","","","",""
"1045","272","1993-07-15 00:00:00","TVACCI","FARMER","LEPTO","","","",""
"1046","272","1993-07-29 00:00:00","TTRACE","FARMER","SELEN","","","",""
"1047","272","1994-01-14 00:00:00","T_DCT","FARMER","ORB DC","","","",""
"1048","272","1992-05-19 00:00:00","TTRACE","FARMER","IODINE","","4ml","",""
"1053","273","1993-07-15 00:00:00","TVACCI","FARMER","LEPTO","","","",""
"1054","273","1993-07-29 00:00:00","TTRACE","FARMER","SELEN","","","",""
"1055","273","1992-05-19 00:00:00","TTRACE","FARMER","IODINE","","4ml","",""
"1057","274","1993-07-15 00:00:00","TVACCI","FARMER","LEPTO","","","",""
"1058","274","1993-07-29 00:00:00","TTRACE","FARMER","SELEN","","","",""
"1059","274","1994-02-08 00:00:00","T_ANTB","FARMER","PENSA","","Intracillin","",""
"1062","274","1992-05-19 00:00:00","TTRACE","FARMER","IODINE","","4ml","",""
"1064","275","1993-07-15 00:00:00","TVACCI","FARMER","LEPTO","","","",""
"1065","275","1993-07-29 00:00:00","TTRACE","FARMER","SELEN","","","",""
"1066","275","1992-05-19 00:00:00","TTRACE","FARMER","IODINE","","4ml","",""
"1069","276","1993-07-15 00:00:00","TVACCI","FARMER","LEPTO","","","",""
"1070","276","1993-07-29 00:00:00","TTRACE","FARMER","SELEN","","","",""
"1071","276","1992-05-19 00:00:00","TTRACE","FARMER","IODINE","","4ml","",""
"1072","277","1993-07-15 00:00:00","TVACCI","FARMER","LEPTO","","","",""
"1073","277","1993-07-29 00:00:00","TTRACE","FARMER","SELEN","","","",""
"1074","277","1992-05-19 00:00:00","TTRACE","","IODINE","","4ml","",""
"1081","278","1993-07-15 00:00:00","TVACCI","FARMER","LEPTO","","","",""
"1082","278","1993-07-29 00:00:00","TTRACE","FARMER","SELEN","","","",""
"1083","278","1992-05-19 00:00:00","TTRACE","FARMER","IODINE","","4ml","",""
"1087","279","1993-07-15 00:00:00","TVACCI","FARMER","LEPTO","","","",""
"1088","279","1993-07-29 00:00:00","TTRACE","FARMER","SELEN","","","",""
"1089","279","1994-01-14 00:00:00","T_DCT","FARMER","ORB DC","","","",""
"1090","279","1992-05-12 00:00:00","TTRACE","FARMER","IODINE","","4ml","",""
"1091","279","1993-01-15 00:00:00","T_DCT","FARMER","ORB DC","","","",""
"1092","280","1993-03-26 00:00:00","T_ANTB","FARMER","PENSA","","30ml mylipen","",""
"1093","280","1993-07-15 00:00:00","TVACCI","FARMER","LEPTO","","","",""
"1094","280","1993-07-29 00:00:00","TTRACE","FARMER","SELEN","","","",""
"1095","280","1993-10-21 00:00:00","T_HORM","FARMER","CIDR","","","",""
"1096","280","1994-02-01 00:00:00","T_DCT","FARMER","ORB DC","","","",""
"1097","280","1992-05-12 00:00:00","TTRACE","FARMER","IODINE","","4ml","",""
"1098","281","1993-07-15 00:00:00","TVACCI","FARMER","LEPTO","","","",""
"1099","281","1993-07-29 00:00:00","TTRACE","FARMER","SELEN","","","",""
"1100","281","1994-01-14 00:00:00","T_DCT","FARMER","ORB DC","","","",""
"1101","281","1992-05-19 00:00:00","TTRACE","FARMER","IODINE","","4ml","",""
"1103","282","1993-07-15 00:00:00","TVACCI","FARMER","LEPTO","","","",""
"1104","282","1993-07-29 00:00:00","TTRACE","FARMER","SELEN","","","",""
"1105","282","1992-05-19 00:00:00","TTRACE","FARMER","IODINE","","4ml","",""
"1106","283","1993-07-15 00:00:00","TVACCI","FARMER","LEPTO","","","",""
"1107","283","1993-07-29 00:00:00","TTRACE","FARMER","SELEN","","","",""
"1108","283","1992-05-19 00:00:00","TTRACE","FARMER","IODINE","","4ml","",""
"1109","284","1993-07-15 00:00:00","TVACCI","FARMER","LEPTO","","","",""
"1110","284","1993-07-29 00:00:00","TTRACE","FARMER","SELEN","","","",""
"1111","284","1992-05-19 00:00:00","TTRACE","FARMER","IODINE","","4ml","",""
"1114","285","1993-03-30 00:00:00","T_ANTB","FARMER","PENSA","","","",""
"1115","285","1993-07-26 00:00:00","TVACCI","FARMER","LEPTO","","","",""
"1116","285","1993-08-03 00:00:00","TTRACE","FARMER","SELEN","","","",""
"1118","286","1993-07-15 00:00:00","TVACCI","FARMER","LEPTO","","","",""
"1119","286","1993-07-29 00:00:00","TTRACE","FARMER","SELEN","","","",""
"1122","286","1992-05-19 00:00:00","TTRACE","FARMER","IODINE","","4ml","",""
"1126","287","1993-07-15 00:00:00","TVACCI","FARMER","LEPTO","","","",""
"1127","287","1993-07-29 00:00:00","TTRACE","FARMER","SELEN","","","",""
"1128","287","1992-05-19 00:00:00","TTRACE","FARMER","IODINE","","4ml","",""
"1130","288","1993-07-15 00:00:00","TVACCI","FARMER","LEPTO","","","",""
"1131","288","1993-07-29 00:00:00","TTRACE","FARMER","SELEN","","","",""
"1132","288","1994-01-14 00:00:00","T_DCT","FARMER","ORB DC","","","",""
"1133","288","1992-05-12 00:00:00","TTRACE","FARMER","IODINE","","4ml","",""
"1134","288","1993-01-15 00:00:00","T_DCT","FARMER","ORB DC","","","",""
"1137","289","1993-07-15 00:00:00","TVACCI","FARMER","LEPTO","","","",""
"1138","289","1993-07-29 00:00:00","TTRACE","FARMER","SELEN","","","",""
"1139","289","1994-01-14 00:00:00","T_DCT","FARMER","ORB DC","","","",""
"1140","289","1992-03-10 00:00:00","T_ANTB","FARMER","PENSA","","20ml Mylipen","",""
"1141","289","1992-05-12 00:00:00","TTRACE","FARMER","IODINE","","4ml","",""
"1142","289","1992-10-13 00:00:00","T_INTR","FARMER","MASTAL","","","",""
"1143","289","1993-02-05 00:00:00","T_DCT","FARMER","ORB DC","","","",""
"1145","290","1993-07-15 00:00:00","TVACCI","FARMER","LEPTO","","","",""
"1146","290","1993-07-29 00:00:00","TTRACE","FARMER","SELEN","","","",""
"1147","290","1992-05-19 00:00:00","TTRACE","FARMER","IODINE","","4ml","",""
"1149","291","1993-07-26 00:00:00","TVACCI","FARMER","LEPTO","","","",""
"1150","291","1993-08-03 00:00:00","TTRACE","FARMER","SELEN","","","",""
"1151","292","1993-07-15 00:00:00","TVACCI","FARMER","LEPTO","","","",""
"1152","292","1993-07-29 00:00:00","TTRACE","FARMER","SELEN","","","",""
"1153","292","1994-01-14 00:00:00","T_DCT","FARMER","ORB DC","","","",""
"1154","292","1992-05-19 00:00:00","TTRACE","FARMER","IODINE","","4ml","",""
"1156","293","1993-06-22 00:00:00","T_HORM","VET","PROSTA","","","",""
"1157","293","1993-07-15 00:00:00","TVACCI","FARMER","LEPTO","","","",""
"1158","293","1993-07-29 00:00:00","TTRACE","FARMER","SELEN","","","",""
"1159","293","1994-01-14 00:00:00","T_DCT","FARMER","ORB DC","","","",""
"1160","293","1992-05-12 00:00:00","TTRACE","FARMER","IODINE","","4ml","",""
"1161","293","1992-06-24 00:00:00","T_HORM","VET","PROSTA","","","",""
"1163","294","1993-07-15 00:00:00","TVACCI","FARMER","LEPTO","","","",""
"1164","294","1993-07-29 00:00:00","TTRACE","FARMER","SELEN","","","",""
"1165","294","1994-01-14 00:00:00","T_DCT","FARMER","ORB DC","","","",""
"1168","294","1992-05-19 00:00:00","TTRACE","","IODINE","","4ml","",""
"1169","295","1993-07-15 00:00:00","TVACCI","FARMER","LEPTO","","","",""
"1170","295","1993-07-29 00:00:00","TTRACE","FARMER","SELEN","","","",""
"1171","295","1992-05-12 00:00:00","TTRACE","FARMER","IODINE","","4ml","",""
"1172","295","1993-01-15 00:00:00","T_DCT","FARMER","ORB DC","","","",""
"1174","296","1993-07-15 00:00:00","TVACCI","FARMER","LEPTO","","","",""
"1175","296","1993-07-29 00:00:00","TTRACE","FARMER","SELEN","","","",""
"1176","296","1992-05-19 00:00:00","TTRACE","FARMER","IODINE","","4ml","",""
"1178","297","1993-07-26 00:00:00","TVACCI","FARMER","LEPTO","","","",""
"1179","297","1993-08-03 00:00:00","TTRACE","FARMER","SELEN","","","",""
"1182","298","1993-07-15 00:00:00","TVACCI","FARMER","LEPTO","","","",""
"1183","298","1993-07-29 00:00:00","TTRACE","FARMER","SELEN","","","",""
"1184","298","1992-05-19 00:00:00","TTRACE","FARMER","IODINE","","4ml","",""
"1186","299","1993-07-15 00:00:00","TVACCI","FARMER","LEPTO","","","",""
"1187","299","1993-07-29 00:00:00","TTRACE","FARMER","SELEN","","","",""
"1188","299","1994-01-14 00:00:00","T_DCT","FARMER","ORB DC","","","",""
"1189","299","1992-05-12 00:00:00","TTRACE","FARMER","IODINE","","4ml","",""
"1190","300","1993-07-15 00:00:00","TVACCI","FARMER","LEPTO","","","",""
"1191","300","1993-07-29 00:00:00","TTRACE","FARMER","SELEN","","","",""
"1192","300","1992-05-19 00:00:00","TTRACE","FARMER","IODINE","","4ml","",""
"1194","301","1993-07-26 00:00:00","TVACCI","FARMER","LEPTO","","","",""
"1195","301","1993-08-03 00:00:00","TTRACE","FARMER","SELEN","","","",""
"1201","302","1993-04-18 00:00:00","T_META","FARMER","CALCUM","","2 bottles","",""
"1202","302","1993-07-15 00:00:00","TVACCI","FARMER","LEPTO","","","",""
"1203","302","1993-07-29 00:00:00","TTRACE","FARMER","SELEN","","","",""
"1204","302","1992-04-05 00:00:00","T_META","FARMER","MAGNES","","2bottles in skin","",""
"1205","302","1992-05-12 00:00:00","TTRACE","FARMER","IODINE","","4ml","",""
"1206","302","1993-02-05 00:00:00","T_DCT","FARMER","ORB DC","","","",""
"1209","303","1993-07-26 00:00:00","TVACCI","FARMER","LEPTO","","","",""
"1210","303","1993-08-03 00:00:00","TTRACE","FARMER","SELEN","","","",""
"1213","304","1993-07-15 00:00:00","TVACCI","FARMER","LEPTO","","","",""
"1214","304","1993-07-29 00:00:00","TTRACE","FARMER","SELEN","","","",""
"1215","304","1994-01-14 00:00:00","T_DCT","FARMER","ORB DC","","","",""
"1218","304","1992-04-10 00:00:00","T_INTR","FARMER","SPEC F","","","",""
"1219","304","1992-05-12 00:00:00","TTRACE","FARMER","IODINE","","4ml","",""
"1220","304","1993-02-05 00:00:00","T_DCT","FARMER","ORB DC","","","",""
"1221","304","1993-05-11 00:00:00","T_META","FARMER","CALCUM","","1 bottle","",""
"1224","305","1993-07-26 00:00:00","TVACCI","FARMER","LEPTO","","","",""
"1225","305","1993-08-03 00:00:00","TTRACE","FARMER","SELEN","","","",""
"1227","306","1993-07-26 00:00:00","TVACCI","FARMER","LEPTO","","","",""
"1228","306","1993-08-03 00:00:00","TTRACE","FARMER","SELEN","","","",""
"1230","307","1993-07-26 00:00:00","TVACCI","FARMER","LEPTO","","","",""
"1231","307","1993-08-03 00:00:00","TTRACE","FARMER","SELEN","","","",""
"1232","308","1993-07-15 00:00:00","TVACCI","FARMER","LEPTO","","","",""
"1233","308","1993-07-29 00:00:00","TTRACE","FARMER","SELEN","","","",""
"1234","308","1994-01-14 00:00:00","T_DCT","FARMER","ORB DC","","","",""
"1235","308","1992-03-25 00:00:00","T_ANTB","FARMER","PENSA","","20ml Mylipen","",""
"1236","308","1992-05-12 00:00:00","TTRACE","FARMER","IODINE","","4ml","",""
"1237","308","1992-07-09 00:00:00","T_ANTB","FARMER","PENSA","","Mylipen","",""
"1238","308","1993-01-15 00:00:00","T_DCT","FARMER","ORB DC","","","",""
"1241","309","1993-07-15 00:00:00","TVACCI","FARMER","LEPTO","","","",""
"1242","309","1993-07-29 00:00:00","TTRACE","FARMER","SELEN","","","",""
"1243","309","1994-01-14 00:00:00","T_DCT","FARMER","ORB DC","","","",""
"1244","309","1992-05-12 00:00:00","TTRACE","FARMER","IODINE","","4ml","",""
"1248","310","1993-07-26 00:00:00","TVACCI","FARMER","LEPTO","","","",""
"1249","310","1993-08-03 00:00:00","TTRACE","FARMER","SELEN","","","",""
"1252","311","1993-07-26 00:00:00","TVACCI","FARMER","LEPTO","","","",""
"1253","311","1993-08-03 00:00:00","TTRACE","FARMER","SELEN","","","",""
"1256","312","1993-04-26 00:00:00","T_INTR","FARMER","SPEC F","","","",""
"1257","312","1993-07-15 00:00:00","TVACCI","FARMER","LEPTO","","","",""
"1258","312","1993-07-29 00:00:00","TTRACE","FARMER","SELEN","","","",""
"1259","312","1994-01-14 00:00:00","T_DCT","FARMER","ORB DC","","","",""
"1260","312","1992-05-12 00:00:00","TTRACE","FARMER","IODINE","","4ml","",""
"1266","314","1993-07-26 00:00:00","TVACCI","FARMER","LEPTO","","","",""
"1267","314","1993-08-03 00:00:00","TTRACE","FARMER","SELEN","","","",""
"1268","315","1992-05-19 00:00:00","TTRACE","","IODINE","","4ml","",""
"1269","316","1992-05-19 00:00:00","TTRACE","","IODINE","","4ml","",""
"1270","317","1992-05-19 00:00:00","TTRACE","FARMER","IODINE","","4ml","",""
"1271","318","1992-05-19 00:00:00","TTRACE","FARMER","IODINE","","4ml","",""
"1272","319","1992-05-19 00:00:00","TTRACE","FARMER","IODINE","","4ml","",""
"1273","320","1992-05-19 00:00:00","TTRACE","FARMER","IODINE","","4ml","",""
"1340","465","1993-07-26 00:00:00","TVACCI","FARMER","LEPTO","","","",""
"1341","465","1993-08-03 00:00:00","TTRACE","FARMER","SELEN","","","",""
"1347","466","1993-07-15 00:00:00","TVACCI","FARMER","LEPTO","","","",""
"1348","466","1993-07-29 00:00:00","TTRACE","FARMER","SELEN","","","",""
"1349","466","1993-12-22 00:00:00","T_ANTB","FARMER","PENSA","","","",""
"1350","466","1993-01-15 00:00:00","T_DCT","FARMER","ORB DC","","","",""
"1351","466","1992-02-27 00:00:00","T_ANTB","FARMER","PENSA","","20ml Mylipen","",""
"1362","469","1993-07-15 00:00:00","TVACCI","FARMER","LEPTO","","","",""
"1363","469","1993-07-29 00:00:00","TTRACE","FARMER","SELEN","","","",""
"1364","469","1992-05-12 00:00:00","TTRACE","FARMER","IODINE","","4ml","",""
"1370","470","1993-07-15 00:00:00","TVACCI","FARMER","LEPTO","","","",""
"1371","470","1993-07-29 00:00:00","TTRACE","FARMER","SELEN","","","",""
"1372","470","1992-05-12 00:00:00","TTRACE","FARMER","IODINE","","4ml","",""
"1387","474","1993-07-15 00:00:00","TVACCI","FARMER","LEPTO","","","",""
"1388","474","1993-07-29 00:00:00","TTRACE","FARMER","SELEN","","","",""
"1389","474","1992-05-12 00:00:00","TTRACE","FARMER","IODINE","","4ml","",""
"1390","474","1993-02-05 00:00:00","T_DCT","FARMER","ORB DC","","","",""
"1405","478","1993-07-26 00:00:00","TVACCI","FARMER","LEPTO","","","",""
"1406","478","1993-08-03 00:00:00","TTRACE","FARMER","SELEN","","","",""
"1422","481","1993-07-15 00:00:00","TVACCI","FARMER","LEPTO","","","",""
"1423","481","1993-07-29 00:00:00","TTRACE","FARMER","SELEN","","","",""
"1424","481","1994-01-14 00:00:00","T_DCT","FARMER","ORB DC","","","",""
"1425","481","1992-05-12 00:00:00","TTRACE","FARMER","IODINE","","4ml","",""
"1436","485","1993-07-15 00:00:00","TVACCI","FARMER","LEPTO","","","",""
"1437","485","1993-07-29 00:00:00","TTRACE","FARMER","SELEN","","","",""
"1438","485","1992-05-19 00:00:00","TTRACE","FARMER","IODINE","","4ml","",""
"1442","486","1993-07-15 00:00:00","TVACCI","FARMER","LEPTO","","","",""
"1443","486","1993-07-29 00:00:00","TTRACE","FARMER","SELEN","","","",""
"1444","486","1992-05-19 00:00:00","TTRACE","FARMER","IODINE","","4ml","",""
"1453","487","1993-07-15 00:00:00","TVACCI","FARMER","LEPTO","","","",""
"1454","487","1993-07-29 00:00:00","TTRACE","FARMER","SELEN","","","",""
"1455","487","1994-01-14 00:00:00","T_DCT","FARMER","ORB DC","","","",""
"1456","487","1992-05-12 00:00:00","TTRACE","FARMER","IODINE","","4ml","",""
"1457","487","1993-01-15 00:00:00","T_DCT","FARMER","ORB DC","","","",""
"1461","488","1993-07-15 00:00:00","TVACCI","FARMER","LEPTO","","","",""
"1462","488","1993-07-29 00:00:00","TTRACE","FARMER","SELEN","","","",""
"1463","488","1992-05-19 00:00:00","TTRACE","FARMER","IODINE","","4ml","",""
"1477","490","1993-07-15 00:00:00","TVACCI","FARMER","LEPTO","","","",""
"1478","490","1993-07-29 00:00:00","TTRACE","FARMER","SELEN","","","",""
"1479","490","1992-05-12 00:00:00","TTRACE","FARMER","IODINE","","4ml","",""
"1488","493","1993-07-15 00:00:00","TVACCI","FARMER","LEPTO","","","",""
"1489","493","1993-07-29 00:00:00","TTRACE","FARMER","SELEN","","","",""
"1490","493","1994-01-14 00:00:00","T_DCT","FARMER","ORB DC","","","",""
"1491","493","1992-05-12 00:00:00","TTRACE","FARMER","IODINE","","4ml","",""
"1497","494","1993-07-15 00:00:00","TVACCI","FARMER","LEPTO","","","",""
"1498","494","1993-07-29 00:00:00","TTRACE","FARMER","SELEN","","","",""
"1499","494","1992-05-19 00:00:00","TTRACE","FARMER","IODINE","","4ml","",""
"1508","495","1993-07-15 00:00:00","TVACCI","FARMER","LEPTO","","","",""
"1509","495","1993-07-29 00:00:00","TTRACE","FARMER","SELEN","","","",""
"1510","495","1992-05-12 00:00:00","TTRACE","FARMER","IODINE","","4ml","",""
"1511","495","1993-02-05 00:00:00","T_DCT","FARMER","ORB DC","","","",""
"1520","496","1993-07-15 00:00:00","TVACCI","FARMER","LEPTO","","","",""
"1521","496","1993-07-29 00:00:00","TTRACE","FARMER","SELEN","","","",""
"1522","496","1994-01-14 00:00:00","T_DCT","FARMER","ORB DC","","","",""
"1523","496","1992-05-12 00:00:00","TTRACE","FARMER","IODINE","","4ml","",""
"1524","496","1992-07-30 00:00:00","T_ANTB","FARMER","PENSA","","20ml Mylipen","",""
"1530","497","1993-07-15 00:00:00","TVACCI","FARMER","LEPTO","","","",""
"1531","497","1993-07-29 00:00:00","TTRACE","FARMER","SELEN","","","",""
"1532","497","1992-05-19 00:00:00","TTRACE","FARMER","IODINE","","4ml","",""
"1537","499","1993-07-26 00:00:00","TVACCI","FARMER","LEPTO","","","",""
"1538","499","1993-08-03 00:00:00","TTRACE","FARMER","SELEN","","","",""
"1546","501","1993-07-15 00:00:00","TVACCI","FARMER","LEPTO","","","",""
"1547","501","1993-07-29 00:00:00","TTRACE","FARMER","SELEN","","","",""
"1548","501","1992-05-19 00:00:00","TTRACE","FARMER","IODINE","","4ml","",""
"1554","502","1993-07-06 00:00:00","T_HORM","VET","PROSTA","","","",""
"1555","502","1993-07-15 00:00:00","TVACCI","FARMER","LEPTO","","","",""
"1556","502","1993-07-29 00:00:00","TTRACE","FARMER","SELEN","","","",""
"1559","502","1992-05-12 00:00:00","TTRACE","FARMER","IODINE","","4ml","",""
"1560","502","1993-02-05 00:00:00","T_DCT","FARMER","ORB DC","","","",""
"1570","503","1993-07-15 00:00:00","TVACCI","FARMER","LEPTO","","","",""
"1571","503","1993-07-29 00:00:00","TTRACE","FARMER","SELEN","","","",""
"1572","503","1992-05-19 00:00:00","TTRACE","FARMER","IODINE","","4ml","",""
"1582","504","1993-07-15 00:00:00","TVACCI","FARMER","LEPTO","","","",""
"1583","504","1993-07-29 00:00:00","TTRACE","FARMER","SELEN","","","",""
"1584","504","1992-05-19 00:00:00","TTRACE","FARMER","IODINE","","4ml","",""
"1597","506","1993-04-18 00:00:00","T_META","FARMER","CALCUM","","1 bottle","",""
"1598","506","1993-07-15 00:00:00","TVACCI","FARMER","LEPTO","","","",""
"1599","506","1993-07-29 00:00:00","TTRACE","FARMER","SELEN","","","",""
"1600","506","1994-01-14 00:00:00","T_DCT","FARMER","ORB DC","","","",""
"1601","506","1992-05-12 00:00:00","TTRACE","FARMER","IODINE","","4ml","",""
"1602","506","1993-02-05 00:00:00","T_DCT","FARMER","ORB DC","","","",""
"1608","507","1993-07-15 00:00:00","TVACCI","FARMER","LEPTO","","","",""
"1609","507","1993-07-29 00:00:00","TTRACE","FARMER","SELEN","","","",""
"1610","507","1992-05-19 00:00:00","TTRACE","","IODINE","","4ml","",""
"1613","508","1993-07-26 00:00:00","TVACCI","FARMER","LEPTO","","","",""
"1614","508","1993-08-03 00:00:00","TTRACE","FARMER","SELEN","","","",""
"1616","509","1993-07-15 00:00:00","TVACCI","FARMER","LEPTO","","","",""
"1617","509","1993-07-29 00:00:00","TTRACE","FARMER","SELEN","","","",""
"1618","509","1992-05-12 00:00:00","TTRACE","FARMER","IODINE","","4ml","",""
"1620","510","1993-07-26 00:00:00","TVACCI","FARMER","LEPTO","","","",""
"1621","510","1993-08-03 00:00:00","TTRACE","FARMER","SELEN","","","",""
"1627","512","1993-07-26 00:00:00","TVACCI","FARMER","LEPTO","","","",""
"1628","512","1993-08-03 00:00:00","TTRACE","FARMER","SELEN","","","",""
"1634","513","1993-07-15 00:00:00","TVACCI","FARMER","LEPTO","","","",""
"1635","513","1993-07-29 00:00:00","TTRACE","FARMER","SELEN","","","",""
"1636","513","1992-05-19 00:00:00","TTRACE","FARMER","IODINE","","4ml","",""
"1639","514","1993-07-15 00:00:00","TVACCI","FARMER","LEPTO","","","",""
"1640","514","1993-07-29 00:00:00","TTRACE","FARMER","SELEN","","","",""
"1641","514","1992-05-19 00:00:00","TTRACE","FARMER","IODINE","","4ml","",""
"1651","515","1993-07-26 00:00:00","TVACCI","FARMER","LEPTO","","","",""
"1652","515","1993-08-03 00:00:00","TTRACE","FARMER","SELEN","","","",""
"1660","517","1993-07-15 00:00:00","TVACCI","FARMER","LEPTO","","","",""
"1661","517","1993-07-29 00:00:00","TTRACE","FARMER","SELEN","","","",""
"1662","517","1994-01-14 00:00:00","T_DCT","FARMER","ORB DC","","","",""
"1663","517","1992-05-12 00:00:00","TTRACE","FARMER","IODINE","","4ml","",""
"1664","517","1993-02-05 00:00:00","T_DCT","FARMER","ORB DC","","","",""
"1673","519","1993-07-15 00:00:00","TVACCI","FARMER","LEPTO","","","",""
"1674","519","1993-07-29 00:00:00","TTRACE","FARMER","SELEN","","","",""
"1675","519","1994-01-14 00:00:00","T_DCT","FARMER","ORB DC","","","",""
"1676","519","1992-05-12 00:00:00","TTRACE","FARMER","IODINE","","4ml","",""
"1677","519","1993-01-15 00:00:00","T_DCT","FARMER","ORB DC","","","",""
"1678","519","1992-02-04 00:00:00","T_INTR","FARMER","SPEC F","","","",""
"1681","520","1993-07-26 00:00:00","TVACCI","FARMER","LEPTO","","","",""
"1682","520","1993-08-03 00:00:00","TTRACE","FARMER","SELEN","","","",""
"1685","521","1993-07-26 00:00:00","TVACCI","FARMER","LEPTO","","","",""
"1686","521","1993-08-03 00:00:00","TTRACE","FARMER","SELEN","","","",""
"1696","524","1993-07-26 00:00:00","TVACCI","FARMER","LEPTO","","","",""
"1697","524","1993-08-03 00:00:00","TTRACE","FARMER","SELEN","","","",""
"1704","527","1993-07-15 00:00:00","TVACCI","FARMER","LEPTO","","","",""
"1705","527","1993-07-29 00:00:00","TTRACE","FARMER","SELEN","","","",""
"1706","527","1994-01-14 00:00:00","T_DCT","FARMER","ORB DC","","","",""
"1707","527","1992-05-12 00:00:00","TTRACE","FARMER","IODINE","","4ml","",""
"1711","528","1993-07-15 00:00:00","TVACCI","FARMER","LEPTO","","","",""
"1712","528","1993-07-29 00:00:00","TTRACE","FARMER","SELEN","","","",""
"1713","528","1992-05-12 00:00:00","TTRACE","FARMER","IODINE","","4ml","",""
"1725","535","1993-07-15 00:00:00","TVACCI","FARMER","LEPTO","","","",""
"1726","535","1993-07-29 00:00:00","TTRACE","FARMER","SELEN","","","",""
"1727","535","1992-05-12 00:00:00","TTRACE","FARMER","IODINE","","4ml","",""
"1741","544","1993-07-15 00:00:00","TVACCI","FARMER","LEPTO","","","",""
"1742","544","1993-07-29 00:00:00","TTRACE","FARMER","SELEN","","","",""
"1743","544","1994-01-14 00:00:00","T_DCT","FARMER","ORB DC","","","",""
"1744","544","1992-05-12 00:00:00","TTRACE","FARMER","IODINE","","4ml","",""
"1761","555","1993-04-01 00:00:00","T_INTR","FARMER","SPEC F","","","",""
"1762","555","1993-07-15 00:00:00","TVACCI","FARMER","LEPTO","","","",""
"1763","555","1993-07-29 00:00:00","TTRACE","FARMER","SELEN","","","",""
"1764","555","1994-01-14 00:00:00","T_DCT","FARMER","ORB DC","","","",""
"1765","555","1992-05-19 00:00:00","TTRACE","FARMER","IODINE","","4ml","",""
"1776","557","1993-07-15 00:00:00","TVACCI","FARMER","LEPTO","","","",""
"1777","557","1993-07-29 00:00:00","TTRACE","FARMER","SELEN","","","",""
"1778","557","1994-01-14 00:00:00","T_DCT","FARMER","ORB DC","","","",""
"1779","557","1992-05-12 00:00:00","TTRACE","FARMER","IODINE","","4ml","",""
"1791","559","1993-07-15 00:00:00","TVACCI","FARMER","LEPTO","","","",""
"1792","559","1993-07-29 00:00:00","TTRACE","FARMER","SELEN","","","",""
"1793","559","1994-01-14 00:00:00","T_DCT","FARMER","ORB DC","","","",""
"1794","559","1992-05-12 00:00:00","TTRACE","FARMER","IODINE","","4ml","",""
"1795","559","1993-02-05 00:00:00","T_DCT","FARMER","ORB DC","","","",""
"1799","560","1993-07-26 00:00:00","TVACCI","FARMER","LEPTO","","","",""
"1800","560","1993-08-03 00:00:00","TTRACE","FARMER","SELEN","","","",""
"1885","595","1993-07-26 00:00:00","TVACCI","FARMER","LEPTO","","","",""
"1886","595","1993-08-03 00:00:00","TTRACE","FARMER","SELEN","","","",""
"1907","603","1993-07-29 00:00:00","TTRACE","FARMER","SELEN","","","",""
"1908","603","1992-05-12 00:00:00","TTRACE","FARMER","IODINE","","4ml","",""
"1922","606","1993-07-26 00:00:00","TVACCI","FARMER","LEPTO","","","",""
"1923","606","1993-08-03 00:00:00","TTRACE","FARMER","SELEN","","","",""
"1928","607","1993-07-15 00:00:00","TVACCI","FARMER","LEPTO","","","",""
"1929","607","1993-07-29 00:00:00","TTRACE","FARMER","SELEN","","","",""
"1930","607","1992-03-02 00:00:00","T_ANTB","FARMER","PESSAR","","","",""
"1931","607","1992-05-12 00:00:00","TTRACE","FARMER","IODINE","","4ml","",""
"1932","607","1992-02-04 00:00:00","T_INTR","FARMER","SPEC F","","","",""
"1942","608","1993-07-15 00:00:00","TVACCI","FARMER","LEPTO","","","",""
"1943","608","1993-07-29 00:00:00","TTRACE","FARMER","SELEN","","","",""
"1944","608","1993-12-26 00:00:00","T_ANTB","FARMER","PENSA","","","",""
"1945","608","1994-01-14 00:00:00","T_DCT","FARMER","ORB DC","","","",""
"1946","608","1992-05-12 00:00:00","TTRACE","FARMER","IODINE","","4ml","",""
"1947","608","1993-02-05 00:00:00","T_DCT","FARMER","ORB DC","","","",""
"1956","611","1993-07-15 00:00:00","TVACCI","FARMER","LEPTO","","","",""
"1957","611","1993-07-29 00:00:00","TTRACE","FARMER","SELEN","","","",""
"1958","611","1994-01-14 00:00:00","T_DCT","FARMER","ORB DC","","","",""
"1959","611","1992-05-12 00:00:00","TTRACE","FARMER","IODINE","","4ml","",""
"1960","611","1993-02-05 00:00:00","T_DCT","FARMER","ORB DC","","","",""
"1967","612","1993-07-15 00:00:00","TVACCI","FARMER","LEPTO","","","",""
"1968","612","1993-07-29 00:00:00","TTRACE","FARMER","SELEN","","","",""
"1969","612","1992-05-12 00:00:00","TTRACE","FARMER","IODINE","","4ml","",""
"1973","613","1993-03-27 00:00:00","T_INTR","FARMER","SPEC F","","","",""
"1974","613","1993-07-15 00:00:00","TVACCI","FARMER","LEPTO","","","",""
"1975","613","1993-07-29 00:00:00","TTRACE","FARMER","SELEN","","","",""
"1976","613","1994-01-14 00:00:00","T_DCT","FARMER","ORB DC","","","",""
"1977","613","1992-05-19 00:00:00","TTRACE","FARMER","IODINE","","4ml","",""
"1986","614","1993-05-12 00:00:00","T_INTR","FARMER","SPEC F","","","",""
"1987","614","1993-06-22 00:00:00","T_HORM","VET","PROSTA","","","",""
"1988","614","1993-07-15 00:00:00","TVACCI","FARMER","LEPTO","","","",""
"1989","614","1993-07-29 00:00:00","TTRACE","FARMER","SELEN","","","",""
"1992","614","1992-05-12 00:00:00","TTRACE","FARMER","IODINE","","4ml","",""
"2006","616","1993-07-26 00:00:00","TVACCI","FARMER","LEPTO","","","",""
"2007","616","1993-08-03 00:00:00","TTRACE","FARMER","SELEN","","","",""
"2018","618","1993-07-15 00:00:00","TVACCI","FARMER","LEPTO","","","",""
"2019","618","1993-07-29 00:00:00","TTRACE","FARMER","SELEN","","","",""
"2022","618","1992-05-12 00:00:00","TTRACE","FARMER","IODINE","","4ml","",""
"2023","618","1993-02-05 00:00:00","T_DCT","FARMER","ORB DC","","","",""
"2027","619","1993-07-26 00:00:00","TVACCI","FARMER","LEPTO","","","",""
"2028","619","1993-08-03 00:00:00","TTRACE","FARMER","SELEN","","","",""
"2036","620","1993-07-15 00:00:00","TVACCI","FARMER","LEPTO","","","",""
"2037","620","1993-07-29 00:00:00","TTRACE","FARMER","SELEN","","","",""
"2038","620","1994-01-14 00:00:00","T_DCT","FARMER","ORB DC","","","",""
"2039","620","1992-05-12 00:00:00","TTRACE","FARMER","IODINE","","4ml","",""
"2041","621","1993-07-15 00:00:00","TVACCI","FARMER","LEPTO","","","",""
"2042","621","1993-07-29 00:00:00","TTRACE","FARMER","SELEN","","","",""
"2043","621","1992-05-19 00:00:00","TTRACE","FARMER","IODINE","","4ml","",""
"2055","623","1994-01-14 00:00:00","T_DCT","FARMER","ORB DC","","","",""
"2056","623","1993-01-15 00:00:00","T_DCT","FARMER","ORB DC","","","",""
"2067","627","1993-07-15 00:00:00","TVACCI","FARMER","LEPTO","","","",""
"2068","627","1993-07-29 00:00:00","TTRACE","FARMER","SELEN","","","",""
"2069","627","1992-05-12 00:00:00","TTRACE","FARMER","IODINE","","4ml","",""
"2075","628","1993-07-15 00:00:00","TVACCI","FARMER","LEPTO","","","",""
"2076","628","1993-07-29 00:00:00","TTRACE","FARMER","SELEN","","","",""
"2077","628","1994-01-14 00:00:00","T_DCT","FARMER","ORB DC","","","",""
"2078","628","1992-05-12 00:00:00","TTRACE","FARMER","IODINE","","4ml","",""
"2079","628","1993-02-05 00:00:00","T_DCT","FARMER","ORB DC","","","",""
"2086","630","1993-07-26 00:00:00","TVACCI","FARMER","LEPTO","","","",""
"2087","630","1993-08-03 00:00:00","TTRACE","FARMER","SELEN","","","",""
"2100","632","1993-07-15 00:00:00","TVACCI","FARMER","LEPTO","","","",""
"2101","632","1993-07-29 00:00:00","TTRACE","FARMER","SELEN","","","",""
"2102","632","1994-01-14 00:00:00","T_DCT","FARMER","ORB DC","","","",""
"2103","632","1992-05-12 00:00:00","TTRACE","FARMER","IODINE","","4ml","",""
"2110","633","1993-07-15 00:00:00","TVACCI","FARMER","LEPTO","","","",""
"2111","633","1993-07-29 00:00:00","TTRACE","FARMER","SELEN","","","",""
"2112","633","1992-05-12 00:00:00","TTRACE","FARMER","IODINE","","4ml","",""
"2120","634","1993-07-15 00:00:00","TVACCI","FARMER","LEPTO","","","",""
"2121","634","1993-07-29 00:00:00","TTRACE","FARMER","SELEN","","","",""
"2122","634","1994-01-14 00:00:00","T_DCT","FARMER","ORB DC","","","",""
"2123","634","1992-05-12 00:00:00","TTRACE","FARMER","IODINE","","4ml","",""
"2124","634","1992-07-13 00:00:00","T_ANTB","FARMER","PENSA","","20ml Mylipen","",""
"2125","634","1993-01-15 00:00:00","T_DCT","FARMER","ORB DC","","","",""
"2129","636","1993-07-15 00:00:00","TVACCI","FARMER","LEPTO","","","",""
"2130","636","1993-07-29 00:00:00","TTRACE","FARMER","SELEN","","","",""
"2131","636","1992-05-19 00:00:00","TTRACE","FARMER","IODINE","","4ml","",""
"2135","637","1993-07-26 00:00:00","TVACCI","FARMER","LEPTO","","","",""
"2136","637","1993-08-03 00:00:00","TTRACE","FARMER","SELEN","","","",""
"2155","646","1993-07-15 00:00:00","TVACCI","FARMER","LEPTO","","","",""
"2156","646","1993-07-29 00:00:00","TTRACE","FARMER","SELEN","","","",""
"2157","646","1992-05-19 00:00:00","TTRACE","FARMER","IODINE","","4ml","",""
"2164","651","1993-07-15 00:00:00","TVACCI","FARMER","LEPTO","","","",""
"2165","651","1993-07-29 00:00:00","TTRACE","FARMER","SELEN","","","",""
"2166","651","1994-01-14 00:00:00","T_DCT","FARMER","ORB DC","","","",""
"2167","651","1992-05-19 00:00:00","TTRACE","","IODINE","","4ml","",""
"2172","654","1993-07-15 00:00:00","TVACCI","FARMER","LEPTO","","","",""
"2173","654","1993-07-29 00:00:00","TTRACE","FARMER","SELEN","","","",""
"2174","654","1994-01-14 00:00:00","T_DCT","FARMER","ORB DC","","","",""
"2175","654","1992-05-12 00:00:00","TTRACE","FARMER","IODINE","","4ml","",""
"2185","656","1993-07-15 00:00:00","TVACCI","FARMER","LEPTO","","","",""
"2186","656","1993-07-29 00:00:00","TTRACE","FARMER","SELEN","","","",""
"2187","656","1992-05-19 00:00:00","TTRACE","FARMER","IODINE","","4ml","",""
"2196","660","1993-07-15 00:00:00","TVACCI","FARMER","LEPTO","","","",""
"2197","660","1993-07-29 00:00:00","TTRACE","FARMER","SELEN","","","",""
"2198","660","1992-05-19 00:00:00","TTRACE","FARMER","IODINE","","4ml","",""
"2206","661","1993-07-26 00:00:00","TVACCI","FARMER","LEPTO","","","",""
"2207","661","1993-08-03 00:00:00","TTRACE","FARMER","SELEN","","","",""
"2329","720","1993-07-15 00:00:00","TVACCI","FARMER","LEPTO","","","",""
"2330","720","1993-07-29 00:00:00","TTRACE","FARMER","SELEN","","","",""
"2331","720","1992-05-19 00:00:00","TTRACE","","IODINE","","4ml","",""
"2337","721","1993-03-29 00:00:00","T_INTR","FARMER","SPEC F","","","",""
"2338","721","1993-07-15 00:00:00","TVACCI","FARMER","LEPTO","","","",""
"2339","721","1993-07-29 00:00:00","TTRACE","FARMER","SELEN","","","",""
"2340","721","1992-05-12 00:00:00","TTRACE","FARMER","IODINE","","4ml","",""
"2347","723","1993-07-15 00:00:00","TVACCI","FARMER","LEPTO","","","",""
"2348","723","1993-07-29 00:00:00","TTRACE","FARMER","SELEN","","","",""
"2349","723","1992-05-12 00:00:00","TTRACE","FARMER","IODINE","","4ml","",""
"2350","723","1992-06-24 00:00:00","T_HORM","VET","PROSTA","","","",""
"2353","724","1993-07-29 00:00:00","TTRACE","FARMER","SELEN","","","",""
"2354","724","1992-05-19 00:00:00","TTRACE","FARMER","IODINE","","4ml","",""
"2362","725","1993-07-26 00:00:00","TVACCI","FARMER","LEPTO","","","",""
"2363","725","1993-08-03 00:00:00","TTRACE","FARMER","SELEN","","","",""
"2369","726","1993-07-26 00:00:00","TVACCI","FARMER","LEPTO","","","",""
"2370","726","1993-08-03 00:00:00","TTRACE","FARMER","SELEN","","","",""
