ExitKey,CowKey,EventDate,RemovalFate,RemovalReason1,RemovalReason2,RemovalReason3
1,1,2016-06-28,,slaughter,,
2,3,2016-06-28,,slaughter,,
3,7,2016-06-10,,dystocia,,
4,9,2016-10-03,,infertile,,
5,12,2016-06-28,,slaughter,,
6,26,2016-06-28,,slaughter,,
7,35,2016-06-28,,slaughter,,
8,40,2016-11-04,,-weak skinny,,
9,41,2016-06-28,,slaughter,,
10,45,2016-10-16,,unknown death,,
11,48,2015-12-30,,old age,,
12,51,2016-06-28,,slaughter,,
13,53,2016-06-28,,slaughter,,
14,65,2016-10-03,,infertile,,
15,66,2016-06-10,,bad legs,,
16,69,2016-06-28,,slaughter,,
17,71,2016-06-28,,slaughter,,
18,72,2016-06-20,,mastitis,,
19,75,2016-06-28,,slaughter,,
20,79,2016-05-31,,preg toxaemia,,
21,87,2016-06-28,,slaughter,,
22,88,2016-09-12,,dystocia,,
23,92,2016-11-11,,poor milker,,
24,94,2016-06-28,,slaughter,,
25,96,2016-06-28,,slaughter,,
26,97,2016-06-28,,slaughter,,
27,101,2016-06-28,,slaughter,,
28,102,2016-10-27,,slaughter,,
29,104,2016-10-21,,-weak skinny,,
30,106,2016-10-21,,Broken Leg,,
31,115,2016-06-28,,slaughter,,
32,116,2016-06-28,,slaughter,,
33,119,2016-09-12,,dystocia,,
34,122,2016-10-27,,-weak skinny,,
35,130,2016-10-03,,infertile,,
36,133,2016-05-25,,old age,,
37,136,2016-06-28,,slaughter,,
38,140,2015-12-30,,old age,,
39,150,2016-09-12,,dystocia,,
40,151,2016-10-23,,-weak skinny,,
41,156,2016-06-28,,slaughter,,
42,161,2016-06-28,,slaughter,,
43,173,2016-05-25,,poor milker,,
44,179,2016-06-28,,slaughter,,
45,181,2016-09-17,,unknown death,,
46,195,2015-11-21,,conformation,,
47,199,2016-06-28,,slaughter,,
48,202,2016-09-14,,unknown death,,
49,204,2016-06-28,,slaughter,,
50,207,2016-06-28,,slaughter,,
51,214,2016-06-28,,slaughter,,
52,223,2016-10-27,,arthritis legs,,
53,226,2016-06-28,,slaughter,,
54,231,2016-06-28,,slaughter,,
55,234,2016-06-11,,johnes disease,,
56,238,2016-10-27,,arthritis legs,,
57,240,2016-06-09,,Blind Quarter,,
58,241,2016-06-28,,slaughter,,
59,242,2016-06-28,,slaughter,,
60,246,2016-06-28,,slaughter,,
61,259,2016-11-13,,dystocia,,
62,268,2016-05-11,,Broken Leg,,
63,280,2016-06-28,,slaughter,,
64,281,2016-06-28,,slaughter,,
65,282,2016-06-28,,slaughter,,
66,289,2016-06-28,,slaughter,,
67,291,2016-06-28,,slaughter,,
68,299,2016-06-28,,slaughter,,
69,300,2016-06-28,,slaughter,,
70,301,2016-06-28,,slaughter,,
71,304,2016-06-28,,slaughter,,
72,305,2016-06-28,,slaughter,,
73,308,2016-06-28,,slaughter,,
74,314,2016-10-15,,preg toxaemia,,
75,315,2016-06-28,,slaughter,,
76,316,2016-05-05,,johnes disease,,
77,317,2016-06-28,,slaughter,,
78,319,2015-11-21,,conformation,,
79,321,2016-06-28,,slaughter,,
80,322,2016-06-28,,slaughter,,
81,327,2016-06-28,,slaughter,,
82,328,2016-06-28,,slaughter,,
83,331,2016-06-28,,slaughter,,
84,335,2016-11-12,,unknown death,,
85,341,2016-06-28,,slaughter,,
86,344,2015-11-21,,conformation,,
87,349,2016-10-07,,unknown death,,
88,354,2016-06-28,,slaughter,,
89,355,2016-10-03,,infertile,,
90,359,2016-05-25,,old age,,
91,365,2015-11-21,,conformation,,
92,367,2016-06-28,,slaughter,,
93,368,2016-10-03,,infertile,,
94,371,2016-10-03,,infertile,,
95,378,2016-06-28,,slaughter,,
96,382,2016-10-27,,arthritis legs,,
97,389,2016-06-28,,slaughter,,
98,390,2016-06-28,,slaughter,,
99,393,2016-06-28,,slaughter,,
100,394,2016-05-31,,johnes disease,,
101,399,2016-09-20,,johnes disease,,
102,408,2016-06-28,,slaughter,,
103,421,2016-10-21,,unknown death,,
104,423,2016-05-25,,-,,
105,432,2016-06-28,,slaughter,,
106,435,2016-11-27,,-weak skinny,,
107,439,2016-06-28,,slaughter,,
108,446,2016-06-28,,slaughter,,
109,454,2016-10-21,,-weak skinny,,
110,456,2016-06-28,,slaughter,,
111,463,2016-06-28,,slaughter,,
112,467,2016-06-28,,slaughter,,
113,474,2016-09-13,,metritis,,
114,478,2016-06-28,,slaughter,,
115,481,2016-06-11,,teat lesion,,
116,483,2016-06-28,,slaughter,,
117,497,2016-09-12,,dystocia,,
118,503,2016-10-03,,infertile,,
119,507,2016-06-28,,slaughter,,
120,508,2016-06-05,,dystocia,,
121,509,2016-10-21,,johnes disease,,
122,515,2016-10-27,,arthritis legs,,
123,518,2016-06-28,,slaughter,,
124,520,2016-06-28,,slaughter,,
125,528,2016-06-28,,slaughter,,
126,533,2016-06-28,,slaughter,,
127,535,2016-06-28,,slaughter,,
128,543,2016-06-28,,slaughter,,
129,558,2016-06-28,,slaughter,,
130,562,2016-10-27,,bad legs,,
131,566,2015-12-30,,Udder conform.,,
132,570,2016-10-29,,unknown death,,
133,576,2016-06-28,,slaughter,,
134,578,2016-06-05,,johnes disease,,
135,580,2016-05-25,,mastitis,,
136,581,2016-10-03,,infertile,,
137,585,2016-06-28,,slaughter,,
138,592,2016-06-28,,slaughter,,
139,595,2016-08-04,,unknown death,,
140,596,2016-10-27,,slaughter,,
141,601,2016-10-11,,infection,,
142,623,2016-06-28,,slaughter,,
143,630,2016-06-28,,slaughter,,
144,636,2016-06-28,,slaughter,,
145,659,2016-10-27,,bad legs,,
146,663,2016-11-04,,Pnumonia,,
147,667,2016-06-28,,slaughter,,
148,672,2016-07-07,,-weak skinny,,
149,690,2016-11-13,,dystocia,,
150,725,2016-06-13,,Kidding Problem,,
151,734,2015-12-30,,Udder conform.,,
152,763,2016-04-29,,ABORTION,,
153,784,2016-07-28,,mastitis,,
154,811,2016-09-12,,metritis,,
155,812,2015-12-30,,Udder conform.,,
156,825,2016-10-26,,paralysis,,
157,839,2016-05-25,,mastitis,,
158,841,2016-06-11,,Kidding Problem,,
159,868,2016-06-28,,slaughter,,
160,869,2016-06-28,,slaughter,,
161,872,2016-06-28,,slaughter,,
162,874,2016-05-25,,old age,,
163,883,2016-06-28,,slaughter,,
164,888,2016-06-28,,slaughter,,
165,891,2016-10-03,,infertile,,
166,895,2016-06-28,,slaughter,,
167,912,2016-09-12,,unknown death,,
168,917,2016-06-28,,slaughter,,
169,921,2016-06-28,,slaughter,,
170,929,2016-06-28,,slaughter,,
171,937,2016-06-28,,slaughter,,
172,979,2016-07-15,,enterotoxaemia,,
173,1014,2016-06-28,,slaughter,,
174,1027,2016-05-24,,trauma,,
175,1056,2016-10-21,,broken neck,,
176,1074,2016-10-03,,infertile,,
177,1091,2016-09-12,,metritis,,
178,1095,2016-06-28,,slaughter,,
179,1099,2016-06-28,,slaughter,,
180,1100,2015-07-10,,dystocia,,
181,1102,2016-10-27,,bad legs,,
182,1104,2016-06-28,,slaughter,,
183,1107,2016-06-09,,metritis,,
184,1113,2016-06-08,,bad legs,,
185,1116,2016-06-28,,slaughter,,
186,1118,2016-06-28,,slaughter,,
187,1121,2016-06-28,,slaughter,,
188,1122,2016-06-14,,dystocia,,
189,1124,2016-05-26,,enterotoxaemia,,
190,1133,2016-05-25,,poor milker,,
191,1135,2016-10-27,,bad legs,,
192,1148,2016-10-23,,-weak skinny,,
193,1156,2016-04-29,,ABORTION,,
194,1160,2016-06-12,,dystocia,,
195,1166,2016-10-23,,-weak skinny,,
196,1167,2016-06-28,,slaughter,,
197,1168,2016-06-28,,slaughter,,
198,1169,2016-05-06,,arthritis legs,,
199,1170,2016-06-28,,slaughter,,
200,1175,2016-10-11,,unknown death,,
201,1176,2016-06-28,,slaughter,,
202,1183,2016-06-28,,slaughter,,
203,1188,2016-06-28,,mastitis,,
204,1191,2016-10-03,,infertile,,
205,1199,2016-10-10,,-weak skinny,,
206,1206,2016-10-27,,-weak skinny,,
207,1210,2016-06-28,,slaughter,,
208,1215,2016-10-13,,trauma,,
209,1219,2016-06-28,,slaughter,,
210,1223,2016-06-28,,slaughter,,
211,1231,2016-06-28,,slaughter,,
212,1275,2016-11-11,,dystocia,,
213,1287,2016-06-28,,slaughter,,
214,1300,2016-06-28,,slaughter,,
215,1340,2016-06-28,,slaughter,,
216,1341,2016-06-28,,slaughter,,
217,1343,2016-06-28,,slaughter,,
218,1345,2016-09-12,,preg toxaemia,,
219,1352,2016-06-28,,slaughter,,
220,1359,2016-09-12,,enterotoxaemia,,
221,1360,2015-12-23,,Udder conform.,,
222,1364,2016-06-28,,slaughter,,
223,1378,2016-10-31,,chronic scours,,
224,1387,2016-10-23,,-weak skinny,,
225,1391,2016-06-28,,slaughter,,
226,1411,2016-09-12,,preg toxaemia,,
227,1417,2016-06-28,,slaughter,,
228,1421,2016-06-28,,slaughter,,
229,1422,2016-09-12,,dystocia,,
230,1430,2016-08-26,,unknown death,,
231,1432,2016-10-17,,unknown death,,
232,1507,2016-06-28,,slaughter,,
233,1518,2016-11-11,,-weak skinny,,
234,1521,2016-06-28,,slaughter,,
235,1536,2016-10-15,,preg toxaemia,,
236,1542,2016-10-31,,chronic scours,,
237,1551,2016-06-15,,enterotoxaemia,,
238,1556,2016-10-21,,paralysis,,
239,1557,2016-09-12,,preg toxaemia,,
240,1559,2016-08-30,,preg toxaemia,,
241,1560,2016-05-13,,Pnumonia,,
242,1589,2016-06-28,,slaughter,,
243,1599,2016-06-28,,slaughter,,
244,1600,2016-08-07,,smothered,,
245,1606,2016-10-03,,infertile,,
246,1607,2016-10-16,,enterotoxaemia,,
247,1619,2016-10-03,,infertile,,
248,1631,2016-10-23,,-weak skinny,,
249,1638,2016-06-28,,slaughter,,
250,1648,2016-06-28,,slaughter,,
251,1667,2016-10-15,,Bloat,,
252,1668,2016-06-28,,slaughter,,
253,1694,2016-05-26,,enterotoxaemia,,
254,1698,2016-08-26,,johnes disease,,
255,1702,2016-06-28,,slaughter,,
256,1711,2016-06-28,,slaughter,,
257,1719,2016-07-07,,Broken Leg,,
258,1731,2016-10-23,,-weak skinny,,
259,1747,2016-08-26,,unknown death,,
260,1751,2016-06-28,,slaughter,,
261,1755,2016-06-28,,slaughter,,
262,1763,2016-06-28,,slaughter,,
263,1773,2016-06-28,,slaughter,,
264,1774,2016-06-28,,slaughter,,
265,1775,2016-06-28,,slaughter,,
266,1783,2016-10-17,,-weak skinny,,
267,1790,2016-10-26,,chronic scours,,
268,1793,2016-06-28,,slaughter,,
269,1794,2016-09-22,,johnes disease,,
270,1800,2016-06-28,,slaughter,,
271,1804,2016-06-28,,slaughter,,
272,1805,2016-06-28,,slaughter,,
273,1810,2016-06-28,,slaughter,,
274,1816,2016-06-28,,slaughter,,
275,1820,2016-06-28,,slaughter,,
276,1824,2016-05-19,,enterotoxaemia,,
277,1828,2016-06-28,,slaughter,,
278,1857,2016-08-26,,unknown death,,
279,1902,2016-05-13,,mastitis,,
280,1909,2016-06-28,,slaughter,,
281,1917,2016-06-20,,johnes disease,,
282,1927,2016-10-03,,infertile,,
283,1932,2016-06-28,,slaughter,,
284,1947,2016-06-28,,slaughter,,
285,1960,2016-06-28,,slaughter,,
286,1965,2016-06-28,,slaughter,,
287,1966,2016-06-28,,slaughter,,
288,1977,2016-06-28,,slaughter,,
289,1987,2016-06-28,,slaughter,,
290,2005,2016-07-19,,unknown death,,
291,2016,2016-06-28,,slaughter,,
292,2026,2016-06-28,,slaughter,,
293,2035,2016-09-12,,preg toxaemia,,
294,2039,2016-08-26,,mastitis,,
295,2043,2016-10-03,,infertile,,
296,2059,2016-06-28,,slaughter,,
297,2078,2016-06-28,,slaughter,,
298,2082,2016-06-28,,slaughter,,
299,2084,2016-06-22,,mastitis,,
300,2096,2016-06-28,,slaughter,,
301,2108,2016-10-03,,infertile,,
302,2109,2016-06-28,,slaughter,,
303,2116,2016-06-28,,slaughter,,
304,2118,2016-10-03,,infertile,,
305,2124,2016-06-28,,slaughter,,
306,2132,2016-06-28,,slaughter,,
307,2133,2016-10-03,,infertile,,
308,2142,2016-10-03,,infertile,,
309,2143,2016-06-28,,slaughter,,
310,2147,2016-06-28,,slaughter,,
311,2157,2016-06-28,,slaughter,,
312,2161,2016-08-26,,ABORTION,,
313,2172,2016-06-28,,slaughter,,
314,2186,2016-09-12,,dystocia,,
315,2187,2016-06-28,,slaughter,,
316,2188,2016-06-28,,slaughter,,
317,2202,2016-06-28,,slaughter,,
318,2206,2016-06-28,,slaughter,,
319,2216,2016-09-22,,metritis,,
320,2219,2016-10-23,,-weak skinny,,
321,2232,2016-06-28,,slaughter,,
322,2235,2016-06-28,,slaughter,,
323,2241,2016-06-28,,slaughter,,
324,2246,2016-06-22,,unknown death,,
325,2255,2016-10-03,,infertile,,
326,2267,2016-10-03,,infertile,,
327,2268,2016-06-28,,slaughter,,
328,2274,2016-10-27,,preg toxaemia,,
329,2281,2016-06-28,,slaughter,,
330,2288,2016-10-03,,infertile,,
331,2292,2016-08-26,,trauma,,
332,2306,2016-06-28,,slaughter,,
333,2330,2016-06-28,,slaughter,,
334,2331,2016-06-28,,slaughter,,
335,2332,2016-06-28,,slaughter,,
336,2335,2016-10-03,,infertile,,
337,2337,2016-05-25,,mastitis,,
338,2341,2015-12-23,,Udder conform.,,
339,2350,2016-06-28,,slaughter,,
340,2372,2016-10-27,,poor milker,,
341,2381,2016-10-11,,enterotoxaemia,,
342,2394,2016-01-05,,Broken Leg,,
343,2406,2016-06-28,,slaughter,,
344,2429,2016-06-28,,slaughter,,
345,2439,2016-06-28,,slaughter,,
346,2440,2016-11-04,,-weak skinny,,
347,2453,2016-10-10,,chronic scours,,
348,2470,2016-08-31,,enterotoxaemia,,
349,2484,2016-08-08,,enterotoxaemia,,
350,2489,2016-10-03,,infertile,,
351,2498,2016-10-29,,smothered,,
352,2511,2016-10-26,,unknown death,,
353,2545,2016-10-23,,-weak skinny,,
354,2558,2016-06-28,,slaughter,,
355,2563,2016-06-14,,unknown death,,
356,2571,2016-10-03,,infertile,,
357,2579,2016-10-03,,infertile,,
358,2582,2016-08-10,,unknown death,,
359,2607,2016-08-10,,enterotoxaemia,,
360,2686,2016-08-10,,enterotoxaemia,,
361,2689,2016-10-03,,infertile,,
362,2697,2016-09-16,,Kidding Problem,,
363,2700,2016-10-11,,unknown death,,
364,2715,2016-08-26,,-,,
365,2732,2016-07-21,,unknown death,,
366,2738,2016-08-04,,unknown death,,
367,2739,2016-09-02,,preg toxaemia,,
368,2756,2016-10-23,,-weak skinny,,
369,2780,2016-08-26,,unknown death,,
370,2786,2016-08-04,,unknown death,,
371,2805,2016-10-27,,-weak skinny,,
372,2815,2016-05-19,,unknown death,,
373,2834,2016-10-23,,-weak skinny,,
374,2861,2016-09-12,,unknown death,,
375,2868,2016-06-22,,unknown death,,
376,2869,2016-10-11,,johnes disease,,
377,2872,2016-10-26,,paralysis,,
378,2883,2016-08-04,,unknown death,,
379,2932,2016-08-26,,unknown death,,
380,2956,2016-06-30,,unknown death,,
381,2977,2016-08-09,,unknown death,,
382,2980,2016-08-04,,unknown death,,
383,3011,2016-08-11,,unknown death,,
384,3045,2016-11-08,,unknown death,,
385,3059,2016-08-31,,enterotoxaemia,,
386,3239,2016-01-22,,no activity,,
387,3240,2016-01-22,,no activity,,
388,3241,2016-01-22,,no activity,,
389,3242,2016-01-22,,no activity,,
390,3243,2015-03-28,,missing,,
391,3244,2016-01-22,,no activity,,
392,3245,2015-09-22,,poor milker,,
393,3246,2016-01-22,,no activity,,
394,3247,2014-06-18,,Septicaemia,,
395,3248,2016-01-22,,no activity,,
396,3249,2016-01-22,,no activity,,
397,3250,2016-01-22,,no activity,,
398,3251,2015-06-08,,acidosis,,
399,3252,2015-09-22,,poor milker,,
400,3253,2015-04-30,,missing,,
401,3254,2014-09-25,,poor milker,,
402,3255,2015-11-04,,preg toxaemia,,
403,3256,2015-09-14,,trauma,,
404,3257,2015-12-01,,mastitis,,
405,3258,2014-02-27,,,,
406,3259,2014-09-25,,poor milker,,
407,3260,2015-04-03,,preg toxaemia,,
408,3261,2014-07-02,,unknown death,,
409,3262,2015-12-23,,old age,,
410,3263,2015-09-22,,poor milker,,
411,3264,2015-03-28,,missing,,
412,3265,2015-12-01,,Udder conform.,,
413,3266,2015-03-28,,missing,,
414,3267,2015-03-28,,missing,,
415,3268,2015-12-23,,old age,,
416,3269,2016-01-22,,no activity,,
417,3270,2015-12-23,,old age,,
418,3271,2014-04-05,,,,
419,3272,2015-09-30,,infertile,,
420,3273,2016-01-22,,no activity,,
421,3274,2015-12-23,,old age,,
422,3275,2015-04-04,,dystocia,,
423,3276,2015-07-31,,dystocia,,
424,3277,2015-03-28,,missing,,
425,3278,2015-03-28,,missing,,
426,3279,2014-03-27,,poor milker,,
427,3282,2016-01-22,,no activity,,
428,3283,2016-02-01,,unknown death,,
429,3284,2015-09-11,,preg toxaemia,,
430,3285,2014-03-27,,hermaphrodite,,
431,3286,2016-01-22,,no activity,,
432,3287,2015-07-07,,no activity,,
433,3288,2014-09-25,,poor milker,,
434,3289,2016-01-22,,no activity,,
435,3290,2014-06-26,,neurological,,
436,3291,2015-09-22,,poor milker,,
437,3292,2016-01-22,,no activity,,
438,3293,2016-01-22,,no activity,,
439,3294,2015-12-23,,old age,,
440,3295,2014-09-25,,poor milker,,
441,3296,2014-03-27,,old age,,
442,3297,2015-04-03,,mastitis,,
443,3298,2014-09-25,,poor milker,,
444,3299,2014-10-09,,noimprovement,,
445,3300,2014-11-12,,unknown death,,
446,3301,2016-01-22,,no activity,,
447,3302,2016-03-03,,-,,
448,3303,2016-01-22,,no activity,,
449,3304,2015-03-28,,missing,,
450,3305,2015-07-26,,mastitis,,
451,3306,2015-10-31,,-,,
452,3307,2021-04-21,,unknown death,,
453,3308,2016-01-22,,no activity,,
454,3309,2014-09-17,,unknown death,,
455,3310,2016-01-22,,no activity,,
456,3311,2016-01-22,,no activity,,
457,3312,2016-01-22,,no activity,,
458,3313,2014-03-27,,poor milker,,
459,3314,2016-03-09,,-,,
460,3315,2014-09-25,,poor milker,,
461,3316,2014-10-09,,enterotoxaemia,,
462,3317,2015-03-28,,missing,,
463,3318,2016-01-22,,no activity,,
464,3319,2015-12-23,,old age,,
465,3320,2015-07-04,,dystocia,,
466,3321,2014-08-28,,,,
467,3322,2016-01-22,,no activity,,
468,3323,2014-09-08,,unknown death,,
469,3324,2014-02-07,,unknown death,,
470,3325,2015-09-14,,unknown death,,
471,3326,2014-09-25,,poor milker,,
472,3327,2014-09-25,,poor milker,,
473,3328,2014-09-12,,unknown death,,
474,3329,2015-12-17,,heart problems,,
475,3330,2016-01-22,,no activity,,
476,3331,2015-12-23,,old age,,
477,3332,2014-03-03,,Kidding Problem,,
478,3333,2016-01-22,,no activity,,
479,3334,2015-09-22,,poor milker,,
480,3335,2015-11-10,,preg toxaemia,,
481,3336,2014-09-25,,poor milker,,
482,3337,2015-03-28,,missing,,
483,3338,2015-11-12,,old age,,
484,3339,2014-03-05,,,,
485,3340,2015-12-23,,old age,,
486,3341,2016-01-22,,no activity,,
487,3342,2014-09-25,,poor milker,,
488,3343,2015-09-22,,poor milker,,
489,3344,2016-02-01,,old age,,
490,3345,2016-01-22,,no activity,,
491,3346,2014-11-30,,old age,,
492,3347,2016-03-03,,mastitis,,
493,3348,2015-03-28,,missing,,
494,3349,2015-11-25,,mastitis,,
495,3350,2015-09-22,,poor milker,,
496,3351,2015-11-21,,cae,,
497,3352,2015-12-30,,old age,,
498,3353,2016-02-01,,old age,,
499,3354,2014-08-15,,,,
500,3355,2015-09-22,,poor milker,,
501,3356,2015-09-22,,poor milker,,
502,3357,2014-10-06,,unknown death,,
503,3358,2014-09-25,,poor milker,,
504,3359,2015-06-22,,unknown death,,
505,3360,2014-09-14,,Septicaemia,,
506,3361,2015-12-23,,old age,,
507,3362,2016-01-22,,no activity,,
508,3363,2014-09-25,,poor milker,,
509,3364,2015-03-28,,missing,,
510,3365,2014-08-07,,,,
511,3366,2015-03-28,,missing,,
512,3367,2015-12-23,,old age,,
513,3368,2015-09-01,,heart problems,,
514,3369,2015-07-11,,Black mastitis,,
515,3370,2015-10-31,,-,,
516,3371,2015-10-31,,-,,
517,3372,2014-09-25,,poor milker,,
518,3373,2014-01-18,,,,
519,3374,2016-01-22,,no activity,,
520,3375,2015-10-31,,-,,
521,3376,2015-12-23,,old age,,
522,3377,2016-02-08,,preg toxaemia,,
523,3378,2014-12-03,,Septicaemia,,
524,3379,2016-01-22,,no activity,,
525,3380,2016-02-12,,johnes disease,,
526,3381,2015-11-12,,Blind Quarter,,
527,3382,2016-02-12,,Pneumonia,,
528,3383,2015-12-23,,old age,,
529,3384,2015-03-28,,missing,,
530,3385,2016-03-03,,-,,
531,3386,2015-09-14,,mastitis,,
532,3387,2016-01-22,,no activity,,
533,3388,2015-09-14,,preg toxaemia,,
534,3389,2016-02-01,,old age,,
535,3390,2016-02-01,,old age,,
536,3391,2015-09-22,,poor milker,,
537,3392,2015-03-28,,missing,,
538,3393,2015-03-28,,missing,,
539,3394,2016-01-22,,no activity,,
540,3395,2015-12-22,,Black mastitis,,
541,3396,2015-03-28,,missing,,
542,3397,2016-03-09,,-,,
543,3398,2016-01-22,,no activity,,
544,3399,2014-12-10,,unknown death,,
545,3400,2014-09-25,,poor milker,,
546,3401,2015-10-31,,-,,
547,3402,2015-09-08,,preg toxaemia,,
548,3403,2014-09-25,,poor milker,,
549,3404,2016-02-01,,old age,,
550,3405,2015-03-06,,,,
551,3406,2015-07-07,,no activity,,
552,3407,2016-03-09,,-,,
553,3408,2014-07-28,,Pnumonia,,
554,3409,2015-08-24,,trauma,,
555,3410,2016-01-22,,no activity,,
556,3411,2015-07-17,,unknown death,,
557,3412,2015-12-30,,old age,,
558,3413,2015-03-28,,missing,,
559,3414,2014-10-31,,Kidding Problem,,
560,3415,2015-12-23,,old age,,
561,3416,2014-10-26,,unknown death,,
562,3417,2014-06-27,,unknown death,,
563,3418,2014-07-18,,unknown death,,
564,3419,2016-01-22,,no activity,,
565,3420,2015-03-28,,missing,,
566,3421,2015-03-28,,missing,,
567,3422,2016-01-22,,no activity,,
568,3423,2015-11-14,,metritis,,
569,3424,2015-11-12,,noimprovement,,
570,3425,2015-03-28,,missing,,
571,3426,2015-12-23,,old age,,
572,3427,2016-02-12,,johnes disease,,
573,3428,2015-01-14,,old age,,
574,3429,2016-02-01,,old age,,
575,3430,2015-12-01,,arthritis legs,,
576,3431,2014-11-05,,Kidding Problem,,
577,3432,2015-03-28,,missing,,
578,3433,2015-09-22,,poor milker,,
579,3434,2014-03-27,,poor milker,,
580,3436,2015-12-23,,old age,,
581,3437,2014-06-26,,Kidding Problem,,
582,3438,2015-07-10,,dystocia,,
583,3439,2014-03-27,,old age,,
584,3440,2014-09-25,,poor milker,,
585,3441,2014-03-27,,old age,,
586,3442,2015-10-31,,-,,
587,3443,2015-03-28,,missing,,
588,3444,2014-03-27,,old age,,
589,3445,2015-03-28,,missing,,
590,3446,NA,,-,,
591,3447,2015-03-28,,missing,,
592,3448,2016-01-22,,no activity,,
593,3449,2015-10-31,,-,,
594,3450,2014-04-30,,chronic scours,,
595,3451,2014-03-27,,old age,,
596,3452,2014-03-27,,old age,,
597,3453,2014-03-27,,old age,,
598,3454,2014-08-15,,,,
599,3455,2014-03-26,,unknown death,,
600,3456,2014-03-28,,unknown death,,
601,3457,2014-03-17,,unknown death,,
602,3458,2016-01-22,,no activity,,
603,3459,2014-09-25,,poor milker,,
604,3460,2015-12-30,,old age,,
605,3461,2014-03-03,,Kidding Problem,,
606,3462,2015-12-23,,old age,,
607,3463,2014-09-25,,poor milker,,
608,3464,2014-03-27,,old age,,
609,3465,2016-01-22,,no activity,,
610,3466,2015-09-22,,poor milker,,
611,3467,2015-12-30,,old age,,
612,3468,2015-03-28,,missing,,
613,3469,2016-01-22,,no activity,,
614,3470,2014-06-28,,Kidding Problem,,
615,3471,2016-01-22,,no activity,,
616,3472,2014-03-27,,old age,,
617,3473,2014-09-25,,poor milker,,
618,3474,2016-01-22,,no activity,,
619,3475,2015-04-30,,missing,,
620,3476,2014-09-25,,poor milker,,
621,3477,2015-09-22,,poor milker,,
622,3478,2014-10-09,,noimprovement,,
623,3479,2016-01-22,,no activity,,
624,3480,2016-01-22,,no activity,,
625,3481,2015-12-23,,old age,,
626,3482,2015-07-07,,no activity,,
627,3483,2016-01-22,,no activity,,
628,3484,2015-03-28,,missing,,
629,3485,2014-03-27,,old age,,
630,3486,2016-01-22,,no activity,,
631,3487,2014-03-27,,old age,,
632,3488,2015-12-23,,old age,,
633,3489,2015-07-04,,enteritis,,
634,3490,2014-07-31,,old age,,
635,3491,2016-01-22,,no activity,,
636,3492,2015-11-20,,mastitis,,
637,3493,2015-07-07,,no activity,,
638,3494,2014-02-23,,Kidding Problem,,
639,3495,2016-03-10,,dystocia,,
640,3496,2014-09-25,,poor milker,,
641,3497,2014-08-28,,unknown death,,
642,3498,2016-01-22,,no activity,,
643,3499,2015-11-21,,enterotoxaemia,,
644,3500,2016-03-09,,unknown death,,
645,3501,2015-11-12,,old age,,
646,3502,2014-09-25,,poor milker,,
647,3503,2015-01-27,,mastitis,,
648,3504,2015-07-07,,no activity,,
649,3505,2014-09-04,,unknown death,,
650,3506,2015-11-04,,preg toxaemia,,
651,3507,2015-08-26,,metritis,,
652,3508,2016-01-22,,no activity,,
653,3509,2015-09-22,,poor milker,,
654,3510,2016-01-22,,no activity,,
655,3511,2014-11-03,,unknown death,,
656,3512,2014-07-24,,enterotoxaemia,,
657,3513,2016-01-22,,no activity,,
658,3514,2016-01-22,,no activity,,
659,3515,2015-12-23,,old age,,
660,3516,2015-12-23,,old age,,
661,3517,2015-03-28,,missing,,
662,3518,2016-01-22,,no activity,,
663,3519,2015-12-23,,old age,,
664,3520,2015-12-23,,old age,,
665,3521,2014-09-25,,poor milker,,
666,3522,2015-02-01,,infertile,,
667,3523,2014-10-31,,preg toxaemia,,
668,3524,2016-01-22,,no activity,,
669,3525,2014-08-28,,johnes disease,,
670,3526,2016-01-22,,no activity,,
671,3527,2014-06-11,,unknown death,,
672,3528,2014-03-27,,old age,,
673,3529,2015-09-30,,infertile,,
674,3530,2015-10-31,,-,,
675,3531,2016-02-16,,Septicaemia,,
676,3532,2015-02-01,,infertile,,
677,3533,2015-11-10,,Fatty liver,,
678,3534,2015-03-28,,missing,,
679,3535,2015-12-23,,old age,,
680,3536,2015-07-31,,unknown death,,
681,3537,2016-01-22,,no activity,,
682,3538,2015-12-01,,Udder conform.,,
683,3539,2014-05-02,,,,
684,3540,2016-01-22,,no activity,,
685,3541,2015-09-14,,mastitis,,
686,3542,2015-04-17,,unknown death,,
687,3543,2015-04-07,,dystocia,,
688,3544,2014-09-18,,unknown death,,
689,3545,2015-07-17,,enteritis,,
690,3546,2015-11-17,,poor milker,,
691,3547,2016-01-22,,no activity,,
692,3548,2014-03-27,,,,
693,3549,2015-07-11,,unknown death,,
694,3550,2014-03-27,,poor milker,,
695,3551,2014-09-19,,unknown death,,
696,3552,2015-09-04,,Pneumonia,,
697,3553,2015-11-04,,enterotoxaemia,,
698,3554,2015-10-31,,-,,
699,3557,2014-06-23,,neurological,,
700,3558,2015-07-09,,no activity,,
701,3559,2015-09-08,,Black mastitis,,
702,3560,2015-09-11,,preg toxaemia,,
703,3561,2015-12-30,,Udder conform.,,
704,3562,2015-09-22,,poor milker,,
705,3563,2014-07-24,,mastitis,,
706,3564,2015-07-07,,no activity,,
707,3565,2015-07-07,,no activity,,
708,3566,2015-04-03,,,,
709,3567,2016-01-22,,no activity,,
710,3568,2015-03-28,,missing,,
711,3569,2015-07-07,,no activity,,
712,3570,2016-01-22,,no activity,,
713,3571,2015-07-21,,Bloat,,
714,3572,2014-03-27,,hermaphrodite,,
715,3573,2016-01-22,,no activity,,
716,3574,2015-02-01,,infertile,,
717,3575,2015-09-22,,poor milker,,
718,3576,2014-10-30,,,,
719,3577,2015-11-26,,enterotoxaemia,,
720,3578,2016-01-22,,no activity,,
721,3579,2015-11-12,,noimprovement,,
722,3580,2014-09-25,,poor milker,,
723,3581,2015-02-03,,mastitis,,
724,3582,2014-09-25,,poor milker,,
725,3583,2016-01-22,,no activity,,
726,3584,2015-07-07,,no activity,,
727,3585,2015-07-07,,no activity,,
728,3586,2015-12-27,,noimprovement,,
729,3587,2015-09-22,,poor milker,,
730,3588,2015-09-22,,poor milker,,
731,3589,2015-07-07,,no activity,,
732,3590,2015-01-27,,johnes disease,,
733,3591,2016-01-22,,no activity,,
734,3592,2015-09-30,,johnes disease,,
735,3593,2016-01-22,,no activity,,
736,3594,2016-01-22,,no activity,,
737,3595,2015-09-19,,unknown death,,
738,3596,2016-02-23,,unknown death,,
739,3597,2015-09-22,,poor milker,,
740,3598,2014-07-01,,unknown death,,
741,3599,2015-09-01,,preg toxaemia,,
742,3600,2016-02-01,,cae,,
743,3601,2015-03-28,,missing,,
744,3602,2015-09-07,,dystocia,,
745,3603,2014-04-30,,unknown death,,
746,3604,2015-11-14,,metritis,,
747,3605,2015-03-28,,missing,,
748,3606,2014-08-21,,chronic scours,,
749,3607,2016-05-06,,unknown death,,
750,3608,2014-11-18,,unknown death,,
751,3609,2015-10-05,,dystocia,,
752,3610,2014-11-15,,johnes disease,,
753,3611,2016-01-22,,no activity,,
754,3612,2014-03-27,,,,
755,3613,2016-02-01,,old age,,
756,3614,2015-09-11,,preg toxaemia,,
757,3615,2015-11-21,,arthritis legs,,
758,3616,2015-04-30,,no activity,,
759,3617,2015-07-10,,dystocia,,
760,3618,2016-01-22,,no activity,,
761,3619,2014-07-11,,unknown death,,
762,3620,2015-02-01,,infertile,,
763,3621,2015-09-23,,Udder conform.,,
764,3622,2015-03-28,,missing,,
765,3623,2015-11-14,,preg toxaemia,,
766,3624,2015-03-28,,missing,,
767,3625,2015-03-28,,missing,,
768,3626,2014-10-13,,acidosis,,
769,3628,2014-12-06,,unknown death,,
770,3629,2016-02-20,,johnes disease,,
771,3631,2016-03-09,,-,,
772,3632,2014-07-05,,poor milker,,
773,3633,2015-09-22,,poor milker,,
774,3634,2015-09-19,,dystocia,,
775,3635,2015-09-14,,mastitis,,
776,3636,2015-09-22,,poor milker,,
777,3637,2015-09-22,,poor milker,,
778,3638,2015-08-22,,unknown death,,
779,3639,2015-09-22,,poor milker,,
780,3640,2014-07-05,,poor milker,,
781,3641,2015-02-01,,infertile,,
782,3642,2015-11-08,,heart problems,,
783,3643,2015-03-28,,missing,,
784,3644,2014-07-05,,unknown death,,
785,3645,2014-03-06,,unknown death,,
786,3646,2016-01-22,,no activity,,
787,3647,2015-02-01,,infertile,,
788,3649,2015-04-15,,johnes disease,,
789,3650,2015-09-16,,unknown death,,
790,3651,2015-06-11,,noimprovement,,
791,3652,2015-12-23,,Udder conform.,,
792,3653,2014-02-24,,unknown death,,
793,3654,2014-09-29,,unknown death,,
794,3655,2014-02-24,,unknown death,,
795,3656,2016-02-12,,unknown death,,
796,3657,2015-02-01,,infertile,,
797,3658,2015-07-09,,no activity,,
798,3659,2016-01-22,,no activity,,
799,3660,2014-01-10,,Pnumonia,,
800,3661,2014-10-15,,unknown death,,
801,3662,2014-10-09,,enterotoxaemia,,
802,3663,2015-09-09,,dystocia,,
803,3664,2015-03-28,,missing,,
804,3665,2015-09-22,,poor milker,,
805,3666,2015-07-07,,no activity,,
806,3667,2015-03-28,,missing,,
807,3668,2015-09-22,,poor milker,,
808,3669,2015-09-22,,poor milker,,
809,3670,2015-02-01,,infertile,,
810,3671,2015-03-28,,missing,,
811,3672,2016-01-22,,no activity,,
812,3673,2014-01-18,,,,
813,3674,2015-03-28,,missing,,
814,3675,2015-09-22,,poor milker,,
815,3676,2015-03-28,,missing,,
816,3677,2015-03-28,,missing,,
817,3678,2015-03-28,,missing,,
818,3679,2015-03-28,,missing,,
819,3680,2015-10-05,,unknown death,,
820,3681,2014-10-15,,unknown death,,
821,3682,2015-03-28,,missing,,
822,3683,2015-03-28,,missing,,
823,3684,2016-01-22,,no activity,,
824,3685,2016-01-22,,no activity,,
825,3686,2015-03-28,,missing,,
826,3687,2015-03-28,,missing,,
827,3688,2015-03-28,,missing,,
828,3689,2015-03-28,,missing,,
829,3690,2015-03-28,,missing,,
830,3691,2015-03-28,,missing,,
831,3692,2015-03-28,,missing,,
832,3693,2015-03-28,,missing,,
833,3694,2014-02-24,,unknown death,,
834,3695,2015-03-28,,missing,,
835,3696,2015-03-28,,missing,,
836,3697,2015-09-22,,poor milker,,
837,3698,2016-03-09,,-,,
838,3699,2015-03-28,,missing,,
839,3700,2016-01-22,,no activity,,
840,3701,2015-07-04,,metritis,,
841,3702,2015-09-22,,poor milker,,
842,3703,2015-09-22,,poor milker,,
843,3704,2016-01-22,,no activity,,
844,3705,2015-09-02,,enteritis,,
845,3706,2016-02-16,,arthritis legs,,
846,3707,2015-03-28,,missing,,
847,3708,2015-03-28,,missing,,
848,3709,2015-03-28,,missing,,
849,3710,2015-09-22,,poor milker,,
850,3711,2015-09-01,,dystocia,,
851,3712,2015-02-01,,infertile,,
852,3713,2015-03-28,,missing,,
853,3714,2015-03-28,,missing,,
854,3715,2014-04-30,,,,
855,3716,2015-08-05,,acidosis,,
856,3717,2014-07-10,,Black mastitis,,
857,3718,2015-03-28,,missing,,
858,3719,2015-03-28,,missing,,
859,3720,2015-09-05,,Black mastitis,,
860,3721,2015-09-22,,poor milker,,
861,3722,2015-04-18,,Pnumonia,,
862,3723,2015-07-20,,johnes disease,,
863,3724,2016-01-22,,no activity,,
864,3725,2015-03-28,,missing,,
865,3726,2014-03-06,,unknown death,,
866,3727,2015-04-30,,missing,,
867,3728,2015-04-30,,no activity,,
868,3729,2015-09-14,,mastitis,,
869,3730,2016-01-22,,no activity,,
870,3731,2015-04-30,,no activity,,
871,3732,2016-01-22,,no activity,,
872,3733,2015-03-28,,missing,,
873,3734,2015-11-21,,conformation,,
874,3735,2015-04-30,,no activity,,
875,3736,2015-04-30,,no activity,,
876,3737,2015-09-22,,poor milker,,
877,3738,2016-01-22,,no activity,,
878,3739,2016-01-22,,no activity,,
879,3740,2015-04-30,,no activity,,
880,3741,2015-04-30,,missing,,
881,3742,2015-04-30,,no activity,,
882,3743,2015-04-30,,no activity,,
883,3744,2015-04-30,,no activity,,
884,3745,2014-07-01,,unknown death,,
885,3746,2015-06-12,,arthritis legs,,
886,3747,2015-04-30,,no activity,,
887,3748,2015-04-30,,no activity,,
888,3749,2015-04-30,,no activity,,
889,3750,2015-07-20,,enteritis,,
890,3751,2015-09-22,,poor milker,,
891,3752,2014-10-31,,unknown death,,
892,3753,2015-04-30,,no activity,,
893,3754,2016-01-22,,no activity,,
894,3755,2014-07-02,,,,
895,3756,2015-03-28,,missing,,
896,3757,2015-04-30,,missing,,
897,3758,2015-02-03,,misadventure,,
898,3759,2016-01-22,,no activity,,
899,3760,2015-10-31,,-,,
900,3761,2015-03-28,,missing,,
901,3762,2015-03-28,,missing,,
902,3763,2016-01-22,,no activity,,
903,3764,2016-01-07,,enteritis,,
904,3765,2015-03-28,,missing,,
905,3766,2015-09-04,,dystocia,,
906,3767,2015-09-14,,mastitis,,
907,3768,2015-03-28,,missing,,
908,3769,2015-03-28,,missing,,
909,3770,2015-04-30,,no activity,,
910,3771,2015-03-28,,missing,,
911,3772,2015-03-28,,missing,,
912,3773,2015-04-30,,no activity,,
913,3774,2015-03-28,,missing,,
914,3775,2015-03-28,,missing,,
915,3776,2015-01-27,,,,
916,3777,2015-03-28,,missing,,
917,3778,2015-03-28,,missing,,
918,3779,2015-03-28,,missing,,
919,3780,2016-02-28,,Fatty liver,,
920,3781,2014-09-08,,unknown death,,
921,3782,2014-08-13,,unknown death,,
922,3783,2015-09-04,,dystocia,,
923,3784,2015-03-28,,missing,,
924,3785,2015-03-28,,missing,,
925,3786,2015-03-28,,missing,,
926,3787,2015-03-28,,missing,,
927,3788,2016-01-11,,Black mastitis,,
928,3790,2015-09-04,,dystocia,,
929,3791,2014-07-24,,misadventure,,
930,3792,2016-01-22,,no activity,,
931,3793,2014-08-09,,Kidding Problem,,
932,3794,2015-09-07,,preg toxaemia,,
933,3796,2016-02-23,,Pnumonia,,
934,3797,2016-01-22,,no activity,,
935,3798,2016-01-22,,no activity,,
936,3800,2016-01-22,,no activity,,
937,3801,2016-01-22,,no activity,,
938,3803,2016-02-23,,trauma,,
939,3804,2016-01-22,,no activity,,
940,3805,2016-01-22,,no activity,,
941,3806,2016-01-22,,no activity,,
942,3809,2015-10-31,,-,,
943,3810,2015-10-31,,-,,
944,3811,2015-10-31,,-,,
945,3812,2015-08-07,,arthritis legs,,
946,3814,2015-07-17,,trauma,,
947,3815,2015-07-17,,trauma,,
948,3816,2015-07-17,,trauma,,
949,3817,2015-07-17,,trauma,,
950,3820,2015-08-07,,arthritis legs,,
951,3821,2015-07-17,,trauma,,
952,3822,2015-06-22,,enterotoxaemia,,
953,3823,2015-07-17,,trauma,,
954,3824,2015-10-11,,unknown death,,
955,3825,2015-07-01,,suffocated,,
956,3827,2015-07-17,,trauma,,
957,3828,2015-07-17,,trauma,,
958,3829,2015-08-07,,arthritis legs,,
959,3830,2015-07-17,,trauma,,
960,3831,2015-07-17,,trauma,,
961,3832,2015-07-17,,trauma,,
962,3833,2015-07-17,,trauma,,
963,3834,2015-07-17,,trauma,,
964,3835,2015-07-17,,trauma,,
965,3836,2015-06-12,,enterotoxaemia,,
966,3837,2015-07-17,,trauma,,
967,3838,2015-07-17,,trauma,,
968,3839,2015-07-17,,trauma,,
969,3840,2015-07-17,,trauma,,
970,3841,2015-07-17,,trauma,,
971,3842,2015-07-17,,trauma,,
972,3843,2015-08-07,,arthritis legs,,
973,3844,2015-06-22,,enterotoxaemia,,
974,3845,2015-07-17,,trauma,,
975,3846,2015-07-17,,trauma,,
976,3847,2015-07-17,,trauma,,
977,3848,2015-07-17,,trauma,,
978,3850,2015-07-17,,trauma,,
979,3851,2015-07-17,,trauma,,
980,3852,2015-07-17,,trauma,,
981,3853,2015-07-17,,trauma,,
982,3854,2015-07-17,,trauma,,
983,3855,2015-04-30,,no activity,,
984,3856,2015-04-30,,no activity,,
985,3857,2015-04-30,,no activity,,
986,3858,2015-11-21,,enteritis,,
987,3859,2015-04-30,,no activity,,
988,3860,2015-04-30,,no activity,,
989,3861,2015-04-30,,no activity,,
990,3862,2015-04-30,,no activity,,
991,3863,2016-01-22,,no activity,,
992,3864,2015-04-30,,no activity,,
993,3865,2015-04-30,,no activity,,
994,3866,2015-09-14,,mastitis,,
995,3867,2015-03-28,,missing,,
996,3868,2015-09-22,,poor milker,,
997,3869,2015-04-30,,no activity,,
998,3870,2015-04-30,,no activity,,
999,3871,2015-09-22,,poor milker,,
1000,3873,2015-04-30,,no activity,,
1001,3874,2015-04-30,,no activity,,
1002,3875,2015-07-07,,no activity,,
1003,3876,2015-04-30,,no activity,,
1004,3877,2015-04-30,,no activity,,
1005,3878,2015-04-30,,no activity,,
1006,3879,2015-04-30,,no activity,,
1007,3880,2015-04-30,,no activity,,
1008,3881,2015-04-30,,no activity,,
1009,3882,2015-04-30,,no activity,,
1010,3883,2015-09-30,,infertile,,
1011,3884,2015-04-30,,no activity,,
1012,3885,2015-04-30,,no activity,,
1013,3886,2015-04-30,,no activity,,
1014,3887,2015-03-28,,missing,,
1015,3888,2015-04-30,,no activity,,
1016,3889,2015-04-30,,no activity,,
1017,3890,2015-04-30,,no activity,,
1018,3891,2015-04-30,,no activity,,
1019,3892,2015-04-30,,no activity,,
1020,3893,2015-04-30,,no activity,,
1021,3894,2015-04-30,,no activity,,
1022,3895,2015-04-30,,no activity,,
1023,3896,2015-04-30,,no activity,,
1024,3897,2015-04-30,,no activity,,
1025,3898,2015-04-30,,no activity,,
1026,3899,2015-04-30,,no activity,,
1027,3900,2015-04-30,,no activity,,
1028,3901,2015-04-30,,no activity,,
1029,3902,2015-12-01,,mastitis,,
1030,3903,2015-04-30,,no activity,,
1031,3904,2015-04-30,,no activity,,
1032,3905,2015-04-18,,mastitis,,
1033,3906,2015-04-30,,no activity,,
1034,3907,2015-04-30,,no activity,,
1035,3908,2015-04-30,,no activity,,
1036,3909,2015-04-30,,no activity,,
1037,3910,2015-07-10,,dystocia,,
1038,3911,2014-12-12,,Pnumonia,,
1039,3912,2015-04-30,,no activity,,
1040,3913,2015-04-30,,no activity,,
1041,3914,2015-04-30,,no activity,,
1042,3915,2015-04-30,,no activity,,
1043,3916,2015-04-30,,no activity,,
1044,3917,2015-04-30,,no activity,,
1045,3918,2016-01-22,,no activity,,
1046,3919,2015-04-30,,no activity,,
1047,3920,2015-04-30,,no activity,,
1048,3921,2014-11-21,,noimprovement,,
1049,3922,2014-03-27,,,,
1050,3923,2014-02-14,,mastitis,,
1051,3924,2015-04-30,,no activity,,
1052,3925,2016-03-09,,-,,
1053,3926,2015-04-30,,no activity,,
1054,3927,2016-01-22,,no activity,,
1055,3928,2015-04-30,,no activity,,
1056,3929,2015-04-30,,no activity,,
1057,3930,2015-04-30,,no activity,,
1058,3931,2016-01-22,,no activity,,
1059,3932,2015-04-23,,trauma,,
1060,3933,2014-09-19,,unknown death,,
1061,3934,2015-09-22,,poor milker,,
1062,3935,2015-03-28,,missing,,
1063,3936,2015-04-30,,no activity,,
1064,3937,2015-04-30,,no activity,,
1065,3938,2016-01-22,,no activity,,
1066,3939,2015-04-30,,no activity,,
1067,3940,2015-04-30,,no activity,,
1068,3941,2014-01-18,,,,
1069,3942,2015-04-30,,no activity,,
1070,3943,2015-04-30,,no activity,,
1071,3944,2016-01-22,,no activity,,
1072,3945,2015-04-30,,no activity,,
1073,3946,2015-04-30,,no activity,,
1074,3947,NA,,-,,
1075,3948,2014-09-01,,unknown death,,
1076,3949,2015-04-30,,no activity,,
1077,3950,2015-04-30,,no activity,,
1078,3951,2015-09-14,,mastitis,,
1079,3952,2014-02-04,,Black mastitis,,
1080,3953,2015-04-30,,no activity,,
1081,3954,2015-04-30,,no activity,,
1082,3955,2016-02-06,,Septicaemia,,
1083,3956,2015-04-30,,no activity,,
1084,3957,2015-04-30,,no activity,,
1085,3958,2015-04-30,,no activity,,
1086,3959,2015-04-30,,no activity,,
1087,3960,2015-04-30,,no activity,,
1088,3961,2014-06-25,,unknown death,,
1089,3962,2015-04-30,,no activity,,
1090,3963,2015-04-30,,no activity,,
1091,3964,2015-04-30,,no activity,,
1092,3965,2015-07-07,,no activity,,
1093,3966,2015-04-30,,no activity,,
1094,3967,2015-04-30,,no activity,,
1095,3968,2015-04-30,,no activity,,
1096,3969,2014-11-18,,,,
1097,3970,2015-04-30,,no activity,,
1098,3971,2015-04-30,,no activity,,
1099,3972,2015-04-30,,no activity,,
1100,3973,2014-03-17,,unknown death,,
1101,3974,2015-04-30,,no activity,,
1102,3975,2015-04-30,,no activity,,
1103,3976,2015-04-30,,no activity,,
1104,3977,2015-09-22,,poor milker,,
1105,3978,2015-11-12,,trauma,,
1106,3979,NA,,-,,
1107,3980,2015-04-30,,no activity,,
1108,3981,2015-04-30,,no activity,,
1109,3982,2015-04-30,,no activity,,
1110,3983,2015-04-30,,no activity,,
1111,3984,2015-04-30,,no activity,,
1112,3985,2015-04-30,,no activity,,
1113,3986,2015-04-30,,no activity,,
1114,3987,2015-04-30,,no activity,,
1115,3988,2015-04-30,,no activity,,
1116,3989,2015-04-30,,no activity,,
1117,3990,2015-04-30,,no activity,,
1118,3991,2015-04-30,,no activity,,
1119,3992,2015-04-30,,no activity,,
1120,3993,2015-04-30,,no activity,,
1121,3994,2015-04-30,,no activity,,
1122,3995,2015-04-30,,no activity,,
1123,3996,2015-04-30,,no activity,,
1124,3997,2015-04-30,,no activity,,
1125,3998,2015-09-30,,infertile,,
1126,3999,2015-04-30,,no activity,,
1127,4000,2015-04-30,,no activity,,
1128,4001,2015-04-30,,no activity,,
1129,4002,2015-04-30,,no activity,,
1130,4003,2015-04-30,,no activity,,
1131,4004,2015-04-30,,no activity,,
1132,4005,2015-04-30,,no activity,,
1133,4006,2015-04-30,,no activity,,
1134,4007,2015-04-30,,no activity,,
1135,4008,2015-04-30,,no activity,,
1136,4009,2015-04-30,,no activity,,
1137,4010,2015-04-30,,no activity,,
1138,4011,2015-04-30,,no activity,,
1139,4012,2015-04-30,,no activity,,
1140,4013,2015-04-30,,no activity,,
1141,4014,2015-04-30,,no activity,,
1142,4015,2015-04-30,,no activity,,
1143,4016,2015-09-11,,preg toxaemia,,
1144,4017,2014-10-15,,neurological,,
1145,4018,2015-04-30,,no activity,,
1146,4019,2015-03-28,,missing,,
1147,4020,2014-04-09,,unknown death,,
1148,4021,2015-04-30,,no activity,,
1149,4022,2015-04-30,,no activity,,
1150,4023,2015-04-07,,mastitis,,
1151,4024,2015-04-30,,no activity,,
1152,4025,2014-03-17,,unknown death,,
1153,4026,2015-04-30,,no activity,,
1154,4027,2015-04-30,,no activity,,
1155,4028,2015-04-30,,no activity,,
1156,4029,2015-03-28,,missing,,
1157,4030,2015-04-30,,no activity,,
1158,4031,2015-04-30,,no activity,,
1159,4032,2015-04-30,,no activity,,
1160,4033,2015-04-30,,no activity,,
1161,4034,2016-01-22,,no activity,,
1162,4035,2015-04-30,,no activity,,
1163,4036,2015-04-30,,no activity,,
1164,4037,2015-07-07,,no activity,,
1165,4038,2015-04-30,,no activity,,
1166,4039,2015-04-30,,no activity,,
1167,4040,2015-03-28,,missing,,
1168,4041,2015-04-30,,no activity,,
1169,4042,2015-02-01,,infertile,,
1170,4043,2015-04-30,,no activity,,
1171,4044,2016-01-22,,no activity,,
1172,4045,2015-04-30,,no activity,,
1173,4046,2015-04-30,,no activity,,
1174,4047,2015-04-30,,no activity,,
1175,4048,2015-04-30,,no activity,,
1176,4049,2015-07-10,,dystocia,,
1177,4050,2015-04-30,,no activity,,
1178,4051,2015-04-30,,no activity,,
1179,4052,2014-08-15,,,,
1180,4053,2015-04-30,,no activity,,
1181,4054,2015-04-30,,no activity,,
1182,4055,2015-04-30,,no activity,,
1183,4056,2015-04-30,,no activity,,
1184,4057,2015-03-28,,missing,,
1185,4058,2015-04-30,,no activity,,
1186,4059,2015-04-30,,no activity,,
1187,4060,2015-04-30,,no activity,,
1188,4061,2015-04-30,,no activity,,
1189,4062,2015-04-30,,no activity,,
1190,4063,2015-04-30,,no activity,,
1191,4064,2015-04-30,,no activity,,
1192,4065,2014-10-31,,Kidding Problem,,
1193,4066,2014-05-02,,unknown death,,
1194,4067,2015-04-30,,no activity,,
1195,4068,2015-06-28,,Fatty liver,,
1196,4069,2015-04-30,,no activity,,
1197,4070,2015-04-30,,no activity,,
1198,4071,2015-04-30,,no activity,,
1199,4072,2015-04-30,,no activity,,
1200,4073,2015-02-01,,infertile,,
1201,4074,2015-04-30,,no activity,,
1202,4075,2015-04-30,,no activity,,
1203,4076,2015-09-22,,poor milker,,
1204,4077,2015-04-30,,no activity,,
1205,4078,2015-03-28,,missing,,
1206,4079,2015-04-30,,no activity,,
1207,4080,2014-06-28,,unknown death,,
1208,4081,2015-04-30,,no activity,,
1209,4082,2015-04-30,,no activity,,
1210,4083,2015-04-30,,no activity,,
1211,4084,2016-01-22,,no activity,,
1212,4085,2015-03-28,,missing,,
1213,4086,2015-04-30,,no activity,,
1214,4087,2015-04-30,,no activity,,
1215,4088,2015-04-30,,no activity,,
1216,4089,2015-04-30,,no activity,,
1217,4090,2015-04-30,,no activity,,
1218,4091,2016-01-22,,no activity,,
1219,4092,2014-08-15,,,,
1220,4093,2015-09-22,,poor milker,,
1221,4094,2015-04-30,,no activity,,
1222,4095,2015-04-30,,no activity,,
1223,4096,2015-03-28,,missing,,
1224,4097,2015-04-30,,no activity,,
1225,4098,2015-04-30,,no activity,,
1226,4099,2015-04-30,,no activity,,
1227,4100,2014-07-21,,unknown death,,
1228,4101,2015-04-30,,no activity,,
1229,4102,2014-07-21,,unknown death,,
1230,4103,2014-03-26,,unknown death,,
1231,4104,2015-09-22,,poor milker,,
1232,4105,2016-01-22,,no activity,,
1233,4106,2015-04-30,,no activity,,
1234,4107,2015-04-30,,no activity,,
1235,4108,2015-01-27,,no activity,,
1236,4109,2015-03-28,,missing,,
1237,4110,2015-04-30,,no activity,,
1238,4111,2015-04-30,,no activity,,
1239,4112,2014-04-23,,smothered,,
1240,4113,2015-04-30,,no activity,,
1241,4114,2015-04-30,,no activity,,
1242,4115,2015-03-28,,missing,,
1243,4116,2015-07-07,,no activity,,
1244,4117,2015-04-30,,no activity,,
1245,4118,2015-04-30,,no activity,,
1246,4119,2015-04-30,,no activity,,
1247,4120,2015-04-30,,no activity,,
1248,4121,2015-03-28,,missing,,
1249,4122,2015-04-30,,no activity,,
1250,4123,2016-03-09,,mastitis,,
1251,4124,2015-04-30,,no activity,,
1252,4125,2016-01-22,,no activity,,
1253,4126,2015-11-26,,dystocia,,
1254,4127,2015-04-30,,no activity,,
1255,4128,2016-02-08,,Fatty liver,,
1256,4129,2015-04-30,,no activity,,
1257,4130,2015-10-05,,unknown death,,
1258,4131,2015-10-31,,-,,
1259,4132,2016-01-22,,no activity,,
1260,4133,2014-08-15,,,,
1261,4134,2015-04-30,,no activity,,
1262,4135,2015-03-28,,missing,,
1263,4136,2014-04-04,,,,
1264,4137,2014-09-22,,misadventure,,
1265,4138,2015-04-30,,no activity,,
1266,4139,2016-01-22,,no activity,,
1267,4140,2014-02-08,,Pnumonia,,
1268,4141,2016-03-08,,mastitis,,
1269,4142,2015-06-08,,mastitis,,
1270,4143,2015-11-12,,paralysis,,
1271,4144,2015-04-30,,no activity,,
1272,4145,2015-11-11,,Face Absces,,
1273,4146,2015-11-11,,preg toxaemia,,
1274,4147,2015-09-22,,poor milker,,
1275,4148,2015-09-23,,mastitis,,
1276,4149,2015-03-28,,missing,,
1277,4150,2015-03-28,,missing,,
1278,4151,2014-05-02,,unknown death,,
1279,4152,2015-04-30,,no activity,,
1280,4153,2014-11-21,,noimprovement,,
1281,4154,2015-04-30,,no activity,,
1282,4155,2015-04-30,,no activity,,
1283,4156,2015-04-30,,no activity,,
1284,4157,2015-04-30,,no activity,,
1285,4158,2015-04-30,,no activity,,
1286,4159,2015-08-27,,dystocia,,
1287,4160,2015-09-22,,poor milker,,
1288,4161,2015-02-01,,infertile,,
1289,4162,2015-04-30,,no activity,,
1290,4164,2015-04-30,,no activity,,
1291,4165,2015-02-01,,infertile,,
1292,4166,2015-02-01,,infertile,,
1293,4167,2015-04-30,,no activity,,
1294,4168,2015-04-30,,no activity,,
1295,4169,2015-04-30,,no activity,,
1296,4170,2015-04-30,,no activity,,
1297,4171,2015-04-30,,no activity,,
1298,4172,2016-01-22,,no activity,,
1299,4173,2015-04-30,,no activity,,
1300,4174,2015-03-28,,missing,,
1301,4175,2016-01-04,,mastitis,,
1302,4176,2015-04-30,,no activity,,
1303,4178,2015-04-30,,no activity,,
1304,4179,2015-04-30,,no activity,,
1305,4180,2015-04-30,,no activity,,
1306,4181,2015-03-28,,missing,,
1307,4182,2014-05-05,,unknown death,,
1308,4183,2014-07-20,,,,
1309,4184,2014-09-01,,Kidding Problem,,
1310,4185,2015-12-22,,unknown death,,
1311,4186,2015-07-09,,no activity,,
1312,4187,2015-04-30,,no activity,,
1313,4188,2014-07-28,,unknown death,,
1314,4189,2014-11-03,,trauma,,
1315,4190,2015-04-30,,no activity,,
1316,4191,2015-04-30,,no activity,,
1317,4192,2015-04-30,,no activity,,
1318,4193,2015-04-30,,no activity,,
1319,4194,2015-04-30,,no activity,,
1320,4195,2015-04-30,,no activity,,
1321,4196,2015-04-30,,no activity,,
1322,4197,2015-04-30,,no activity,,
1323,4198,2015-04-30,,no activity,,
1324,4199,2015-04-30,,no activity,,
1325,4200,2015-04-30,,no activity,,
1326,4201,2015-04-30,,no activity,,
1327,4202,2015-12-23,,Udder conform.,,
1328,4203,2015-10-05,,johnes disease,,
1329,4204,2015-04-30,,no activity,,
1330,4205,2015-03-28,,missing,,
1331,4206,2016-01-22,,no activity,,
1332,4207,2014-08-29,,unknown death,,
1333,4208,2015-09-22,,poor milker,,
1334,4209,2015-02-03,,laminitus,,
1335,4210,2014-09-10,,unknown death,,
1336,4211,2015-07-07,,no activity,,
1337,4212,2014-09-01,,Kidding Problem,,
1338,4213,2015-09-22,,poor milker,,
1339,4214,2014-08-19,,preg toxaemia,,
1340,4215,2015-09-09,,unknown death,,
1341,4216,2015-09-22,,poor milker,,
1342,4217,2014-09-01,,Kidding Problem,,
1343,4218,2015-12-07,,unknown death,,
1344,4219,2015-11-12,,arthritis legs,,
1345,4220,2015-09-22,,poor milker,,
1346,4221,2015-02-01,,infertile,,
1347,4222,2015-09-22,,poor milker,,
1348,4223,2016-01-22,,no activity,,
1349,4224,2016-03-09,,-,,
1350,4225,2015-04-30,,no activity,,
1351,4226,2016-01-22,,no activity,,
1352,4227,2016-01-22,,no activity,,
1353,4228,2014-06-26,,misadventure,,
1354,4229,2014-07-20,,unknown death,,
1355,4230,2016-01-22,,no activity,,
1356,4231,2016-01-22,,no activity,,
1357,4232,2015-03-28,,missing,,
1358,4234,2015-09-14,,johnes disease,,
1359,4235,2016-01-22,,no activity,,
1360,4236,2014-06-20,,unknown death,,
1361,4237,2015-04-07,,dystocia,,
1362,4238,2014-06-26,,misadventure,,
1363,4239,2016-01-22,,no activity,,
1364,4240,2015-03-28,,missing,,
1365,4241,2015-03-28,,missing,,
1366,4242,2016-01-22,,no activity,,
1367,4243,2016-01-22,,no activity,,
1368,4244,2014-06-11,,misadventure,,
1369,4245,2016-01-22,,no activity,,
1370,4246,2015-03-28,,missing,,
1371,4247,2015-04-30,,no activity,,
1372,4248,2016-01-22,,no activity,,
1373,4249,2016-01-11,,Pneumonia,,
1374,4250,2015-02-01,,infertile,,
1375,4251,2015-09-22,,poor milker,,
1376,4252,2016-01-22,,no activity,,
1377,4253,2015-07-11,,Pneumonia,,
1378,4254,2016-01-22,,no activity,,
1379,4255,2015-02-01,,infertile,,
1380,4256,2015-09-09,,preg toxaemia,,
1381,4257,2016-01-10,,enteritis,,
1382,4258,2015-09-22,,poor milker,,
1383,4259,2015-09-22,,poor milker,,
1384,4260,2015-07-09,,no activity,,
1385,4261,2015-07-07,,no activity,,
1386,4262,2015-09-22,,poor milker,,
1387,4263,2015-09-23,,Fatty liver,,
1388,4264,2016-01-22,,no activity,,
1389,4265,2016-01-22,,no activity,,
1390,4266,2015-03-28,,missing,,
1391,4267,2015-04-20,,,,
1392,4268,2016-03-04,,Black mastitis,,
1393,4269,2016-01-22,,no activity,,
1394,4270,2015-09-22,,poor milker,,
1395,4271,2015-03-28,,missing,,
1396,4272,2015-03-28,,missing,,
1397,4273,2016-03-09,,-,,
1398,4274,2016-01-22,,no activity,,
1399,4275,2016-01-22,,no activity,,
1400,4276,2016-02-16,,poor milker,,
1401,4277,2015-09-23,,enterotoxaemia,,
1402,4278,2015-09-22,,poor milker,,
1403,4279,2015-09-22,,poor milker,,
1404,4280,2015-09-22,,poor milker,,
1405,4281,2015-03-28,,missing,,
1406,4282,2015-03-28,,missing,,
1407,4283,2015-12-17,,unknown death,,
1408,4284,2014-09-15,,Pnumonia,,
1409,4285,2015-06-08,,enteritis,,
1410,4286,2015-09-30,,unknown death,,
1411,4287,2015-09-22,,poor milker,,
1412,4288,2015-10-31,,-,,
1413,4289,2015-09-14,,laminitus,,
1414,4290,2016-02-06,,unknown death,,
1415,4291,2015-03-28,,missing,,
1416,4292,2015-09-16,,arthritis legs,,
1417,4294,2015-09-14,,failtorespond,,
1418,4295,2015-09-19,,enterotoxaemia,,
1419,4296,2016-01-11,,enteritis,,
1420,4298,2016-03-09,,-,,
1421,4300,2016-03-09,,mastitis,,
1422,4304,2015-09-22,,poor milker,,
1423,4309,2015-10-31,,-,,
1424,4318,2016-01-22,,no activity,,
1425,4323,2016-12-30,,Meningitis,,
1426,4325,2015-09-09,,dystocia,,
1427,4327,2016-01-22,,no activity,,
1428,4328,2015-10-31,,-,,
1429,4329,2015-04-04,,unknown death,,
1430,4330,2015-04-30,,smothered,,
1431,4331,2016-01-22,,no activity,,
1432,4332,2015-04-04,,unknown death,,
1433,4333,2015-04-04,,unknown death,,
1434,4334,2015-09-01,,metritis,,
1435,4335,2015-04-04,,mycotoxins,,
1436,4336,2014-11-15,,paralysis,,
1437,4337,2016-01-22,,no activity,,
1438,4338,2015-10-31,,-,,
1439,4339,2015-08-05,,arthritis legs,,
1440,4340,2015-08-13,,unknown death,,
1441,4341,2015-09-30,,arthritis legs,,
1442,4342,2016-01-22,,no activity,,
1443,4343,2016-01-22,,no activity,,
1444,4344,2016-01-22,,no activity,,
1445,4345,2015-10-31,,-,,
1446,4346,2016-03-03,,-,,
1447,4347,2015-04-30,,smothered,,
1448,4348,2015-09-22,,poor milker,,
1449,4349,2016-01-07,,Fatty liver,,
1450,4350,2015-09-22,,poor milker,,
1451,4351,2016-01-22,,no activity,,
1452,4352,2015-09-14,,mastitis,,
1453,4353,2015-04-30,,smothered,,
1454,4354,2016-01-22,,no activity,,
1455,4355,2015-11-12,,poor milker,,
1456,4356,2015-03-28,,missing,,
1457,4357,2016-01-22,,no activity,,
1458,4358,2015-09-22,,poor milker,,
1459,4359,2015-04-04,,mycotoxins,,
1460,4360,2015-03-28,,missing,,
1461,4361,2015-04-30,,smothered,,
1462,4362,2015-04-04,,mycotoxins,,
1463,4363,2015-03-28,,missing,,
1464,4364,2015-04-12,,unknown death,,
1465,4365,2014-12-06,,enterotoxaemia,,
1466,4366,2016-01-22,,no activity,,
1467,4367,2015-03-28,,missing,,
1468,4368,2015-09-02,,metritis,,
1469,4369,2015-12-27,,enteritis,,
1470,4370,2015-04-04,,mycotoxins,,
1471,4371,2015-04-04,,mycotoxins,,
1472,4372,2015-04-04,,mycotoxins,,
1473,4373,2015-03-28,,missing,,
1474,4374,2015-04-04,,mycotoxins,,
1475,4375,2015-03-28,,missing,,
1476,4376,2015-03-28,,missing,,
1477,4377,2016-01-22,,no activity,,
1478,4378,2015-03-28,,missing,,
1479,4379,2016-01-22,,no activity,,
1480,4380,2015-04-04,,mycotoxins,,
1481,4381,2015-03-28,,missing,,
1482,4382,2016-02-23,,dystocia,,
1483,4383,2016-01-22,,no activity,,
1484,4384,2015-03-28,,missing,,
1485,4385,2015-04-30,,smothered,,
1486,4386,2016-01-22,,no activity,,
1487,4387,2015-03-28,,missing,,
1488,4388,2015-03-28,,missing,,
1489,4389,2015-03-28,,missing,,
1490,4390,2015-09-22,,poor milker,,
1491,4391,2015-03-28,,missing,,
1492,4392,2016-01-22,,no activity,,
1493,4393,2016-01-22,,no activity,,
1494,4394,2015-03-28,,missing,,
1495,4395,2015-11-08,,unknown death,,
1496,4396,2015-03-28,,missing,,
1497,4397,2015-03-28,,missing,,
1498,4398,2015-09-04,,dystocia,,
1499,4399,2016-01-22,,no activity,,
1500,4400,2016-01-22,,no activity,,
1501,4401,2015-09-22,,poor milker,,
1502,4404,2015-09-22,,poor milker,,
1503,4405,2015-09-22,,poor milker,,
1504,4406,2016-01-22,,no activity,,
1505,4407,2016-01-22,,no activity,,
1506,4408,2015-09-19,,unknown death,,
1507,4409,2015-09-30,,infertile,,
1508,4410,2016-01-22,,no activity,,
1509,4411,2016-01-22,,no activity,,
1510,4412,2016-01-22,,no activity,,
1511,4413,2016-01-22,,no activity,,
1512,4414,2016-01-22,,no activity,,
1513,4415,2015-09-20,,trauma,,
1514,4416,2016-01-22,,no activity,,
1515,4417,2015-09-20,,arthritis legs,,
1516,4418,2015-11-21,,paralysis,,
1517,4419,2015-12-27,,unknown death,,
1518,4420,2016-01-22,,no activity,,
1519,4421,2016-02-01,,cae,,
1520,4422,2016-01-22,,no activity,,
1521,4423,2015-09-23,,Bloat,,
1522,4424,2016-03-15,,dystocia,,
1523,4425,2016-01-09,,enteritis,,
1524,4426,2015-09-22,,poor milker,,
1525,4427,2015-12-27,,enteritis,,
1526,4428,2015-10-31,,-,,
1527,4429,2015-09-16,,unknown death,,
1528,4430,2015-07-17,,trauma,,
1529,4431,2015-07-17,,trauma,,
1530,4433,2015-07-17,,trauma,,
1531,4434,2015-07-17,,trauma,,
1532,4435,2015-07-17,,trauma,,
1533,4436,2015-07-17,,trauma,,
1534,4437,2015-07-17,,trauma,,
1535,4440,2015-07-17,,trauma,,
1536,4444,2016-02-10,,enteritis,,
1537,4445,2016-01-16,,unknown death,,
1538,4446,2015-09-30,,Pneumonia,,
1539,4447,2016-10-27,,bad legs,,
1540,4448,2016-02-10,,unknown death,,
1541,4449,2016-01-12,,unknown death,,
1542,4451,2016-02-23,,slaughter,,
1543,4452,2016-02-23,,trauma,,
1544,4455,2016-03-03,,Pneumonia,,
1545,4456,2015-10-31,,-,,
1546,4457,2016-01-16,,unknown death,,
1547,4458,2016-01-16,,unknown death,,
1548,4459,2015-11-28,,enterotoxaemia,,
1549,4460,2015-11-11,,Bloat,,
1550,4461,2015-12-07,,Bloat,,
1551,4462,2015-12-07,,unknown death,,
1552,4463,2016-01-12,,Bloat,,
1553,4464,2016-01-04,,Bloat,,
1554,4465,2015-11-11,,Bloat,,
1555,4466,2016-01-15,,unknown death,,
1556,4467,2015-12-14,,coccidiosis,,
1557,4468,2015-10-14,,Bloat,,
1558,4469,2015-11-05,,enterotoxaemia,,
1559,4470,2016-01-18,,unknown death,,
1560,4472,2016-01-21,,Pneumonia,,
1561,4473,2015-12-24,,unknown death,,
1562,4475,2016-01-18,,unknown death,,
1563,4476,2015-11-24,,Bloat,,
1564,4477,2015-12-03,,Bloat,,
1565,4478,2016-01-18,,unknown death,,
1566,4479,2015-11-21,,Bloat,,
1567,4480,2016-01-12,,Hernia,,
1568,4481,2016-01-18,,unknown death,,
1569,4483,2016-01-18,,enterotoxaemia,,
1570,4484,2016-01-18,,Bloat,,
1571,4485,2016-01-31,,unknown death,,
1572,4486,2016-01-22,,unknown death,,
1573,4487,2016-02-10,,Pneumonia,,
1574,4488,2016-01-24,,unknown death,,
1575,4489,2016-02-11,,Meningitis,,
1576,4490,2016-01-24,,unknown death,,
1577,4491,2016-02-02,,unknown death,,
1578,4492,2016-02-11,,enteritis,,
1579,4494,2016-01-25,,enteritis,,
1580,4495,2016-02-23,,arthritis legs,,
1581,4496,2016-01-24,,unknown death,,
1582,4497,2016-02-23,,enteritis,,
1583,4498,2016-01-26,,unknown death,,
1584,4499,2016-01-22,,enterotoxaemia,,
1585,4500,2016-02-09,,Pneumonia,,
1586,4501,2016-01-25,,Septicaemia,,
1587,4502,2016-01-25,,Pneumonia,,
1588,NA,2016-01-22,,no activity,,
