joinKey,cowKey,jsDate,jeDate,joinSire,joinComment,calvDate,vreDate,diagnosis
NA,10031,NA,31/01/2017,NA,NA,30/05/2017,24/03/2017,pregnant
NA,9302,NA,31/01/2017,NA,NA,15/06/2017,24/03/2017,pregnant
NA,8454,NA,31/01/2017,NA,NA,16/06/2017,24/03/2017,pregnant
NA,8778,NA,31/01/2017,NA,NA,3/06/2017,24/03/2017,pregnant
NA,8102,NA,31/01/2017,NA,NA,NA,24/03/2017,empty
NA,9223,NA,31/01/2017,NA,NA,1/03/2017,NA,NA
NA,9716,NA,31/01/2017,NA,NA,14/06/2017,24/03/2017,pregnant
NA,9863,NA,31/01/2017,NA,NA,NA,24/03/2017,empty
NA,9213,NA,31/01/2017,NA,NA,NA,24/03/2017,empty
NA,10025,NA,31/01/2017,NA,NA,5/06/2017,24/03/2017,pregnant
NA,9683,NA,31/01/2017,NA,NA,NA,24/03/2017,empty
NA,9591,NA,31/01/2017,NA,NA,NA,24/03/2017,empty
NA,9674,NA,31/01/2017,NA,NA,NA,24/03/2017,empty
NA,9875,NA,31/01/2017,NA,NA,15/06/2017,24/03/2017,pregnant
NA,7670,NA,31/01/2017,NA,NA,13/06/2017,24/03/2017,pregnant
NA,9968,NA,31/01/2017,NA,NA,1/06/2017,24/03/2017,pregnant
NA,9198,NA,31/01/2017,NA,NA,NA,24/03/2017,empty
NA,9856,NA,31/01/2017,NA,NA,NA,24/03/2017,empty
NA,9110,NA,31/01/2017,NA,NA,13/03/2017,NA,NA
NA,10022,NA,31/01/2017,NA,NA,11/06/2017,24/03/2017,pregnant
NA,9877,NA,31/01/2017,NA,NA,NA,24/03/2017,empty
NA,9153,NA,31/01/2017,NA,NA,NA,24/03/2017,empty
NA,8691,NA,31/01/2017,NA,NA,5/06/2017,24/03/2017,pregnant
NA,9709,NA,31/01/2017,NA,NA,NA,NA,NA
NA,9590,NA,31/01/2017,NA,NA,26/05/2017,24/03/2017,pregnant
NA,9665,NA,31/01/2017,NA,NA,1/06/2017,24/03/2017,pregnant
NA,9670,NA,31/01/2017,NA,NA,NA,24/03/2017,pregnant
NA,7516,NA,31/01/2017,NA,NA,NA,24/03/2017,empty
NA,9188,NA,31/01/2017,NA,NA,26/05/2017,24/03/2017,pregnant
NA,8680,NA,31/01/2017,NA,NA,NA,24/03/2017,empty
NA,9940,NA,31/01/2017,NA,NA,NA,24/03/2017,empty
NA,NA,NA,31/01/2017,NA,NA,NA,NA,NA
NA,7008,NA,31/01/2017,NA,NA,NA,24/03/2017,empty
NA,8050,NA,31/01/2017,NA,NA,NA,24/03/2017,empty
NA,10019,NA,31/01/2017,NA,NA,1/06/2017,24/03/2017,pregnant
NA,8570,NA,31/01/2017,NA,NA,3/06/2017,24/03/2017,pregnant
NA,10027,NA,31/01/2017,NA,NA,9/06/2017,24/03/2017,pregnant
NA,9983,NA,31/01/2017,NA,NA,NA,24/03/2017,empty
NA,10034,NA,31/01/2017,NA,NA,9/06/2017,24/03/2017,pregnant
NA,9712,NA,31/01/2017,NA,NA,12/06/2017,24/03/2017,pregnant
NA,9987,NA,31/01/2017,NA,NA,5/06/2017,24/03/2017,pregnant
NA,10004,NA,31/01/2017,NA,NA,NA,24/03/2017,empty
NA,9638,NA,31/01/2017,NA,NA,1/06/2017,24/03/2017,pregnant
NA,9723,NA,31/01/2017,NA,NA,NA,24/03/2017,empty
NA,9846,NA,31/01/2017,NA,NA,1/06/2017,24/03/2017,pregnant
NA,10014,NA,31/01/2017,NA,NA,30/05/2017,24/03/2017,pregnant
NA,9929,NA,31/01/2017,NA,NA,NA,24/03/2017,empty
NA,10017,NA,31/01/2017,NA,NA,NA,24/03/2017,empty
NA,9678,NA,31/01/2017,NA,NA,3/06/2017,24/03/2017,pregnant
NA,9224,NA,31/01/2017,NA,NA,NA,24/03/2017,empty
NA,6364,NA,31/01/2017,NA,NA,NA,24/03/2017,empty
NA,9309,NA,31/01/2017,NA,NA,3/06/2017,24/03/2017,empty
NA,9791,NA,31/01/2017,NA,NA,NA,24/03/2017,empty
NA,9542,NA,31/01/2017,NA,NA,8/06/2017,24/03/2017,pregnant
NA,9785,NA,31/01/2017,NA,NA,NA,24/03/2017,empty
NA,9256,NA,31/01/2017,NA,NA,3/06/2017,24/03/2017,pregnant
NA,8734,NA,31/01/2017,NA,NA,NA,24/03/2017,empty
NA,8307,NA,31/01/2017,NA,NA,NA,24/03/2017,empty
NA,10028,NA,31/01/2017,NA,NA,16/06/2017,24/03/2017,pregnant
NA,8762,NA,31/01/2017,NA,NA,30/06/2017,24/03/2017,pregnant
NA,10021,NA,31/01/2017,NA,NA,30/05/2017,24/03/2017,pregnant
NA,9274,NA,31/01/2017,NA,NA,19/03/2017,NA,NA
NA,9844,NA,31/01/2017,NA,NA,10/06/2017,24/03/2017,pregnant
NA,9693,NA,31/01/2017,NA,NA,16/06/2017,24/03/2017,pregnant
NA,8546,NA,31/01/2017,NA,NA,9/06/2017,24/03/2017,pregnant
NA,8086,NA,31/01/2017,NA,NA,19/06/2017,24/03/2017,pregnant
NA,9239,NA,31/01/2017,NA,NA,NA,24/03/2017,pregnant
NA,9783,NA,31/01/2017,NA,NA,30/05/2017,24/03/2017,pregnant
NA,9560,NA,31/01/2017,NA,NA,NA,24/03/2017,empty
NA,9252,NA,31/01/2017,NA,NA,NA,24/03/2017,empty
NA,10036,NA,31/01/2017,NA,NA,1/06/2017,24/03/2017,pregnant
NA,9130,NA,31/01/2017,NA,NA,NA,24/03/2017,empty
NA,9752,NA,31/01/2017,NA,NA,6/06/2017,24/03/2017,pregnant
NA,9681,NA,31/01/2017,NA,NA,8/06/2017,24/03/2017,pregnant
NA,9884,NA,31/01/2017,NA,NA,7/06/2017,24/03/2017,pregnant
NA,9034,NA,31/01/2017,NA,NA,NA,24/03/2017,empty
NA,9668,NA,31/01/2017,NA,NA,5/06/2017,24/03/2017,pregnant
NA,9885,NA,31/01/2017,NA,NA,21/06/2017,24/03/2017,empty
NA,9164,NA,31/01/2017,NA,NA,NA,24/03/2017,empty
NA,9296,NA,31/01/2017,NA,NA,3/06/2017,24/03/2017,pregnant
NA,7706,NA,31/01/2017,NA,NA,NA,24/03/2017,empty
NA,8754,NA,31/01/2017,NA,NA,8/06/2017,24/03/2017,pregnant
NA,9941,NA,31/01/2017,NA,NA,5/06/2017,24/03/2017,pregnant
NA,9838,NA,31/01/2017,NA,NA,26/05/2017,24/03/2017,pregnant
NA,7880,NA,31/01/2017,NA,NA,7/06/2017,24/03/2017,pregnant
NA,8809,NA,31/01/2017,NA,NA,NA,24/03/2017,empty
NA,9868,NA,31/01/2017,NA,NA,NA,24/03/2017,empty
NA,8533,NA,31/01/2017,NA,NA,NA,24/03/2017,empty
NA,9999,NA,31/01/2017,NA,NA,27/06/2017,24/03/2017,pregnant
NA,7091,NA,31/01/2017,NA,NA,NA,24/03/2017,empty
NA,9660,NA,31/01/2017,NA,NA,NA,24/03/2017,empty
NA,9781,NA,31/01/2017,NA,NA,5/06/2017,24/03/2017,pregnant
NA,8334,NA,31/01/2017,NA,NA,NA,24/03/2017,empty
NA,9767,NA,31/01/2017,NA,NA,7/06/2017,24/03/2017,pregnant
NA,9745,NA,31/01/2017,NA,NA,NA,24/03/2017,empty
NA,8542,NA,31/01/2017,NA,NA,1/03/2017,NA,NA
NA,9925,NA,31/01/2017,NA,NA,NA,24/03/2017,empty
NA,9837,NA,31/01/2017,NA,NA,5/06/2017,24/03/2017,pregnant
NA,9666,NA,31/01/2017,NA,NA,1/06/2017,24/03/2017,pregnant
NA,7777,NA,31/01/2017,NA,NA,5/06/2017,24/03/2017,pregnant
NA,9876,NA,31/01/2017,NA,NA,9/06/2017,24/03/2017,pregnant
NA,9873,NA,31/01/2017,NA,NA,NA,24/03/2017,empty
NA,9694,NA,31/01/2017,NA,NA,11/06/2017,24/03/2017,pregnant
NA,9562,NA,31/01/2017,NA,NA,NA,24/03/2017,empty
NA,9504,NA,31/01/2017,NA,NA,NA,NA,NA
NA,9942,NA,31/01/2017,NA,NA,30/05/2017,24/03/2017,pregnant
NA,9156,NA,31/01/2017,NA,NA,1/03/2017,NA,NA
NA,9192,NA,31/01/2017,NA,NA,NA,24/03/2017,empty
NA,8547,NA,31/01/2017,NA,NA,7/06/2017,24/03/2017,pregnant
NA,9792,NA,31/01/2017,NA,NA,3/06/2017,24/03/2017,pregnant
NA,9152,NA,31/01/2017,NA,NA,26/05/2017,24/03/2017,pregnant
NA,9808,NA,31/01/2017,NA,NA,NA,24/03/2017,empty
NA,9661,NA,31/01/2017,NA,NA,NA,24/03/2017,empty
NA,9691,NA,31/01/2017,NA,NA,10/06/2017,24/03/2017,pregnant
NA,9786,NA,31/01/2017,NA,NA,6/06/2017,24/03/2017,pregnant
NA,9967,NA,31/01/2017,NA,NA,3/06/2017,24/03/2017,pregnant
NA,9969,NA,31/01/2017,NA,NA,NA,24/03/2017,empty
NA,10051,NA,31/01/2017,NA,NA,NA,24/03/2017,empty
NA,9813,NA,31/01/2017,NA,NA,1/07/2017,24/03/2017,pregnant
NA,9766,NA,31/01/2017,NA,NA,NA,24/03/2017,empty
NA,9740,NA,31/01/2017,NA,NA,16/06/2017,24/03/2017,pregnant
NA,7176,NA,31/01/2017,NA,NA,8/06/2017,24/03/2017,pregnant
NA,9773,NA,31/01/2017,NA,NA,5/07/2017,24/03/2017,pregnant
NA,9911,NA,31/01/2017,NA,NA,9/06/2017,24/03/2017,pregnant
NA,6749,NA,31/01/2017,NA,NA,10/06/2017,24/03/2017,pregnant
NA,9965,NA,31/01/2017,NA,NA,NA,24/03/2017,empty
NA,9998,NA,31/01/2017,NA,NA,1/06/2017,24/03/2017,pregnant
NA,9513,NA,31/01/2017,NA,NA,NA,24/03/2017,empty
NA,7333,NA,31/01/2017,NA,NA,NA,24/03/2017,empty
NA,9641,NA,31/01/2017,NA,NA,NA,24/03/2017,empty
NA,9936,NA,31/01/2017,NA,NA,26/05/2017,24/03/2017,pregnant
NA,9951,NA,31/01/2017,NA,NA,NA,24/03/2017,pregnant
NA,9819,NA,31/01/2017,NA,NA,6/06/2017,24/03/2017,pregnant
NA,9798,NA,31/01/2017,NA,NA,30/05/2017,24/03/2017,pregnant
NA,9669,NA,31/01/2017,NA,NA,5/06/2017,24/03/2017,pregnant
NA,9889,NA,31/01/2017,NA,NA,NA,24/03/2017,empty
NA,9952,NA,31/01/2017,NA,NA,5/06/2017,24/03/2017,pregnant
NA,9275,NA,31/01/2017,NA,NA,NA,24/03/2017,empty
NA,9848,NA,31/01/2017,NA,NA,NA,24/03/2017,empty
NA,9801,NA,31/01/2017,NA,NA,9/06/2017,24/03/2017,pregnant
NA,9765,NA,31/01/2017,NA,NA,NA,24/03/2017,pregnant
NA,9650,NA,31/01/2017,NA,NA,1/06/2017,24/03/2017,pregnant
NA,10000,NA,31/01/2017,NA,NA,NA,24/03/2017,empty
NA,9815,NA,31/01/2017,NA,NA,26/06/2017,24/03/2017,pregnant
NA,9864,NA,31/01/2017,NA,NA,5/06/2017,24/03/2017,pregnant
NA,9950,NA,31/01/2017,NA,NA,22/06/2017,NA,NA
NA,7616,NA,31/01/2017,NA,NA,NA,24/03/2017,pregnant
NA,10046,NA,31/01/2017,NA,NA,NA,24/03/2017,empty
NA,9976,NA,31/01/2017,NA,NA,8/06/2017,24/03/2017,pregnant
NA,9851,NA,31/01/2017,NA,NA,5/06/2017,24/03/2017,pregnant
NA,9161,NA,31/01/2017,NA,NA,NA,24/03/2017,empty
NA,9995,NA,31/01/2017,NA,NA,27/06/2017,24/03/2017,pregnant
NA,9633,NA,31/01/2017,NA,NA,21/05/2017,24/03/2017,pregnant
NA,9794,NA,31/01/2017,NA,NA,30/05/2017,24/03/2017,pregnant
NA,9839,NA,31/01/2017,NA,NA,9/06/2017,24/03/2017,pregnant
NA,9991,NA,31/01/2017,NA,NA,6/06/2017,24/03/2017,pregnant
NA,9811,NA,31/01/2017,NA,NA,NA,24/03/2017,empty
NA,9996,NA,31/01/2017,NA,NA,NA,24/03/2017,empty
NA,9982,NA,31/01/2017,NA,NA,11/06/2017,24/03/2017,pregnant
NA,9147,NA,31/01/2017,NA,NA,NA,24/03/2017,empty
NA,9687,NA,31/01/2017,NA,NA,10/06/2017,24/03/2017,pregnant
NA,9914,NA,31/01/2017,NA,NA,NA,24/03/2017,empty
NA,9842,NA,31/01/2017,NA,NA,23/06/2017,24/03/2017,pregnant
NA,9717,NA,31/01/2017,NA,NA,NA,24/03/2017,empty
NA,7771,NA,31/01/2017,NA,NA,NA,24/03/2017,empty
NA,8939,NA,31/01/2017,NA,NA,NA,24/03/2017,empty
NA,9682,NA,31/01/2017,NA,NA,NA,24/03/2017,pregnant
NA,9304,NA,31/01/2017,NA,NA,NA,24/03/2017,empty
NA,9113,NA,31/01/2017,NA,NA,NA,NA,NA
NA,8797,NA,31/01/2017,NA,NA,NA,24/03/2017,empty
NA,9608,NA,31/01/2017,NA,NA,NA,24/03/2017,empty
NA,9921,NA,31/01/2017,NA,NA,23/06/2017,24/03/2017,pregnant
NA,8771,NA,31/01/2017,NA,NA,8/06/2017,24/03/2017,pregnant
NA,7261,NA,31/01/2017,NA,NA,6/06/2017,24/03/2017,pregnant
NA,9572,NA,31/01/2017,NA,NA,NA,24/03/2017,empty
NA,9420,NA,31/01/2017,NA,NA,NA,24/03/2017,empty
NA,9564,NA,31/01/2017,NA,NA,NA,24/03/2017,empty
NA,8877,NA,31/01/2017,NA,NA,19/03/2017,NA,NA
NA,8331,NA,31/01/2017,NA,NA,16/03/2017,NA,NA
NA,7419,NA,31/01/2017,NA,NA,9/06/2017,24/03/2017,pregnant
NA,9031,NA,31/01/2017,NA,NA,NA,24/03/2017,empty
NA,8014,NA,31/01/2017,NA,NA,10/06/2017,24/03/2017,pregnant
NA,9948,NA,31/01/2017,NA,NA,NA,24/03/2017,empty
NA,9664,NA,31/01/2017,NA,NA,26/05/2017,24/03/2017,pregnant
NA,9787,NA,31/01/2017,NA,NA,10/06/2017,24/03/2017,pregnant
NA,9648,NA,31/01/2017,NA,NA,NA,24/03/2017,empty
NA,9190,NA,31/01/2017,NA,NA,NA,24/03/2017,empty
NA,9615,NA,31/01/2017,NA,NA,15/06/2017,24/03/2017,pregnant
NA,7879,NA,31/01/2017,NA,NA,NA,24/03/2017,empty
NA,9702,NA,31/01/2017,NA,NA,1/06/2017,24/03/2017,pregnant
NA,9770,NA,31/01/2017,NA,NA,5/06/2017,24/03/2017,pregnant
NA,9777,NA,31/01/2017,NA,NA,7/06/2017,24/03/2017,pregnant
NA,9258,NA,31/01/2017,NA,NA,7/06/2017,24/03/2017,pregnant
NA,9589,NA,31/01/2017,NA,NA,1/06/2017,24/03/2017,pregnant
NA,8088,NA,31/01/2017,NA,NA,NA,24/03/2017,empty
NA,9645,NA,31/01/2017,NA,NA,NA,24/03/2017,empty
NA,9992,NA,31/01/2017,NA,NA,NA,24/03/2017,empty
NA,9639,NA,31/01/2017,NA,NA,5/06/2017,24/03/2017,pregnant
NA,9913,NA,31/01/2017,NA,NA,NA,24/03/2017,empty
NA,9264,NA,31/01/2017,NA,NA,5/06/2017,24/03/2017,pregnant
NA,9834,NA,31/01/2017,NA,NA,NA,24/03/2017,empty
NA,9817,NA,31/01/2017,NA,NA,NA,24/03/2017,empty
NA,7820,NA,31/01/2017,NA,NA,NA,NA,NA
NA,9790,NA,31/01/2017,NA,NA,28/06/2017,24/03/2017,pregnant
NA,9900,NA,31/01/2017,NA,NA,NA,24/03/2017,empty
NA,9724,NA,31/01/2017,NA,NA,NA,24/03/2017,empty
NA,9730,NA,31/01/2017,NA,NA,NA,24/03/2017,empty
NA,9959,NA,31/01/2017,NA,NA,1/06/2017,24/03/2017,pregnant
NA,8795,NA,31/01/2017,NA,NA,30/05/2017,24/03/2017,pregnant
NA,9872,NA,31/01/2017,NA,NA,3/06/2017,24/03/2017,pregnant
NA,9715,NA,31/01/2017,NA,NA,5/06/2017,24/03/2017,pregnant
NA,9855,NA,31/01/2017,NA,NA,17/06/2017,24/03/2017,pregnant
NA,9847,NA,31/01/2017,NA,NA,10/06/2017,24/03/2017,pregnant
NA,9613,NA,31/01/2017,NA,NA,13/06/2017,24/03/2017,pregnant
NA,9634,NA,31/01/2017,NA,NA,10/06/2017,24/03/2017,pregnant
NA,9695,NA,31/01/2017,NA,NA,8/06/2017,24/03/2017,pregnant
NA,8438,NA,31/01/2017,NA,NA,9/03/2017,NA,NA
NA,9733,NA,31/01/2017,NA,NA,NA,24/03/2017,empty
NA,9812,NA,31/01/2017,NA,NA,NA,24/03/2017,empty
NA,9966,NA,31/01/2017,NA,NA,21/06/2017,NA,NA
NA,9824,NA,31/01/2017,NA,NA,NA,24/03/2017,empty
NA,10020,NA,31/01/2017,NA,NA,1/06/2017,24/03/2017,pregnant
NA,9233,NA,31/01/2017,NA,NA,20/03/2017,NA,NA
NA,9080,NA,31/01/2017,NA,NA,10/06/2017,24/03/2017,pregnant
NA,8523,NA,31/01/2017,NA,NA,NA,24/03/2017,empty
NA,9827,NA,31/01/2017,NA,NA,7/06/2017,24/03/2017,pregnant
NA,9067,NA,31/01/2017,NA,NA,NA,24/03/2017,empty
NA,9174,NA,31/01/2017,NA,NA,NA,24/03/2017,empty
NA,8730,NA,31/01/2017,NA,NA,NA,24/03/2017,empty
NA,9212,NA,31/01/2017,NA,NA,8/06/2017,24/03/2017,pregnant
NA,9603,NA,31/01/2017,NA,NA,5/06/2017,24/03/2017,pregnant
NA,10016,NA,31/01/2017,NA,NA,22/06/2017,24/03/2017,empty
NA,8630,NA,31/01/2017,NA,NA,NA,24/03/2017,pregnant
NA,7859,NA,31/01/2017,NA,NA,NA,24/03/2017,empty
NA,9972,NA,31/01/2017,NA,NA,19/06/2017,24/03/2017,pregnant
NA,9290,NA,31/01/2017,NA,NA,NA,24/03/2017,empty
NA,9894,NA,31/01/2017,NA,NA,6/06/2017,24/03/2017,pregnant
NA,9550,NA,31/01/2017,NA,NA,14/06/2017,24/03/2017,pregnant
NA,8506,NA,31/01/2017,NA,NA,8/06/2017,24/03/2017,pregnant
NA,8822,NA,31/01/2017,NA,NA,NA,24/03/2017,empty
NA,9635,NA,31/01/2017,NA,NA,19/06/2017,24/03/2017,pregnant
NA,8355,NA,31/01/2017,NA,NA,NA,24/03/2017,empty
NA,8390,NA,31/01/2017,NA,NA,NA,24/03/2017,empty
NA,9753,NA,31/01/2017,NA,NA,5/06/2017,24/03/2017,pregnant
NA,9699,NA,31/01/2017,NA,NA,NA,24/03/2017,empty
NA,9754,NA,31/01/2017,NA,NA,NA,24/03/2017,empty
NA,9748,NA,31/01/2017,NA,NA,10/06/2017,24/03/2017,pregnant
NA,9803,NA,31/01/2017,NA,NA,NA,24/03/2017,empty
NA,9617,NA,31/01/2017,NA,NA,NA,24/03/2017,empty
NA,7715,NA,31/01/2017,NA,NA,NA,24/03/2017,empty
NA,9796,NA,31/01/2017,NA,NA,28/06/2017,24/03/2017,pregnant
NA,9647,NA,31/01/2017,NA,NA,9/06/2017,24/03/2017,pregnant
NA,8688,NA,31/01/2017,NA,NA,26/05/2017,24/03/2017,pregnant
NA,8789,NA,31/01/2017,NA,NA,NA,24/03/2017,empty
NA,8325,NA,31/01/2017,NA,NA,NA,24/03/2017,empty
NA,9958,NA,31/01/2017,NA,NA,5/06/2017,24/03/2017,pregnant
NA,9211,NA,31/01/2017,NA,NA,NA,24/03/2017,empty
NA,9738,NA,31/01/2017,NA,NA,NA,24/03/2017,empty
NA,7708,NA,31/01/2017,NA,NA,NA,24/03/2017,empty
NA,8496,NA,31/01/2017,NA,NA,NA,24/03/2017,empty
NA,9301,NA,31/01/2017,NA,NA,NA,24/03/2017,empty
NA,8958,NA,31/01/2017,NA,NA,NA,24/03/2017,empty
NA,9482,NA,31/01/2017,NA,NA,NA,24/03/2017,empty
NA,9236,NA,31/01/2017,NA,NA,NA,24/03/2017,empty
NA,9546,NA,31/01/2017,NA,NA,23/06/2017,24/03/2017,pregnant
NA,9293,NA,31/01/2017,NA,NA,26/05/2017,24/03/2017,pregnant
NA,9621,NA,31/01/2017,NA,NA,5/06/2017,24/03/2017,pregnant
NA,9852,NA,31/01/2017,NA,NA,8/06/2017,24/03/2017,pregnant
NA,8783,NA,31/01/2017,NA,NA,16/03/2017,NA,NA
NA,9874,NA,31/01/2017,NA,NA,NA,24/03/2017,empty
NA,9106,NA,31/01/2017,NA,NA,NA,24/03/2017,empty
NA,7814,NA,31/01/2017,NA,NA,9/06/2017,24/03/2017,pregnant
NA,9893,NA,31/01/2017,NA,NA,5/06/2017,24/03/2017,pregnant
NA,9957,NA,31/01/2017,NA,NA,8/06/2017,24/03/2017,pregnant
NA,8046,NA,31/01/2017,NA,NA,NA,24/03/2017,empty
NA,9533,NA,31/01/2017,NA,NA,19/03/2017,NA,NA
NA,7732,NA,31/01/2017,NA,NA,NA,24/03/2017,empty
NA,10002,NA,31/01/2017,NA,NA,NA,24/03/2017,empty
NA,9806,NA,31/01/2017,NA,NA,NA,24/03/2017,pregnant
NA,9755,NA,31/01/2017,NA,NA,5/06/2017,24/03/2017,pregnant
NA,8135,NA,31/01/2017,NA,NA,NA,24/03/2017,empty
NA,9881,NA,31/01/2017,NA,NA,NA,24/03/2017,empty
NA,8217,NA,31/01/2017,NA,NA,NA,24/03/2017,empty
NA,9696,NA,31/01/2017,NA,NA,7/06/2017,24/03/2017,pregnant
NA,9954,NA,31/01/2017,NA,NA,13/06/2017,24/03/2017,pregnant
NA,9778,NA,31/01/2017,NA,NA,NA,24/03/2017,empty
NA,7289,NA,31/01/2017,NA,NA,NA,24/03/2017,empty
NA,7926,NA,31/01/2017,NA,NA,3/06/2017,24/03/2017,pregnant
NA,9305,NA,31/01/2017,NA,NA,NA,24/03/2017,pregnant
NA,8394,NA,31/01/2017,NA,NA,NA,24/03/2017,empty
NA,9259,NA,31/01/2017,NA,NA,17/06/2017,24/03/2017,pregnant
NA,9686,NA,31/01/2017,NA,NA,1/07/2017,24/03/2017,pregnant
NA,9395,NA,31/01/2017,NA,NA,18/03/2017,NA,NA
NA,9583,NA,31/01/2017,NA,NA,3/06/2017,24/03/2017,pregnant
NA,9217,NA,31/01/2017,NA,NA,20/03/2017,NA,NA
NA,9599,NA,31/01/2017,NA,NA,NA,24/03/2017,pregnant
NA,9245,NA,31/01/2017,NA,NA,NA,24/03/2017,empty
NA,9557,NA,31/01/2017,NA,NA,NA,24/03/2017,empty
NA,9722,NA,31/01/2017,NA,NA,12/06/2017,24/03/2017,pregnant
NA,9202,NA,31/01/2017,NA,NA,5/06/2017,24/03/2017,pregnant
NA,9169,NA,31/01/2017,NA,NA,NA,24/03/2017,empty
NA,9870,NA,31/01/2017,NA,NA,NA,24/03/2017,empty
NA,9100,NA,31/01/2017,NA,NA,NA,24/03/2017,pregnant
NA,9721,NA,31/01/2017,NA,NA,NA,24/03/2017,empty
NA,9007,NA,31/01/2017,NA,NA,13/06/2017,24/03/2017,pregnant
NA,9103,NA,31/01/2017,NA,NA,8/03/2017,NA,NA
NA,10035,NA,31/01/2017,NA,NA,NA,24/03/2017,empty
NA,9833,NA,31/01/2017,NA,NA,5/06/2017,24/03/2017,pregnant
NA,9177,NA,31/01/2017,NA,NA,30/05/2017,24/03/2017,pregnant
NA,9727,NA,31/01/2017,NA,NA,NA,24/03/2017,empty
NA,9978,NA,31/01/2017,NA,NA,19/06/2017,24/03/2017,pregnant
NA,5664,NA,31/01/2017,NA,NA,NA,24/03/2017,empty
NA,10024,NA,31/01/2017,NA,NA,10/06/2017,24/03/2017,pregnant
NA,7905,NA,31/01/2017,NA,NA,NA,24/03/2017,empty
NA,9600,NA,31/01/2017,NA,NA,NA,24/03/2017,empty
NA,9135,NA,31/01/2017,NA,NA,NA,24/03/2017,empty
NA,8967,NA,31/01/2017,NA,NA,NA,24/03/2017,empty
NA,9814,NA,31/01/2017,NA,NA,NA,24/03/2017,empty
NA,9260,NA,31/01/2017,NA,NA,1/06/2017,24/03/2017,pregnant
NA,9567,NA,31/01/2017,NA,NA,NA,24/03/2017,empty
NA,9989,NA,31/01/2017,NA,NA,30/05/2017,24/03/2017,pregnant
NA,9799,NA,31/01/2017,NA,NA,5/06/2017,24/03/2017,pregnant
NA,8860,NA,31/01/2017,NA,NA,12/06/2017,24/03/2017,pregnant
NA,7790,NA,31/01/2017,NA,NA,NA,24/03/2017,empty
NA,8417,NA,31/01/2017,NA,NA,19/03/2017,NA,NA
NA,8304,NA,31/01/2017,NA,NA,NA,24/03/2017,empty
NA,8035,NA,31/01/2017,NA,NA,NA,24/03/2017,empty
NA,8312,NA,31/01/2017,NA,NA,NA,24/03/2017,empty
NA,9556,NA,31/01/2017,NA,NA,NA,24/03/2017,empty
NA,8722,NA,31/01/2017,NA,NA,NA,24/03/2017,empty
NA,9673,NA,31/01/2017,NA,NA,3/06/2017,24/03/2017,pregnant
NA,NA,NA,31/01/2017,NA,NA,NA,NA,NA
NA,9677,NA,31/01/2017,NA,NA,10/06/2017,24/03/2017,pregnant
NA,9269,NA,31/01/2017,NA,NA,13/03/2017,NA,NA
NA,9910,NA,31/01/2017,NA,NA,30/05/2017,24/03/2017,pregnant
NA,7081,NA,31/01/2017,NA,NA,NA,24/03/2017,empty
NA,9576,NA,31/01/2017,NA,NA,NA,24/03/2017,empty
NA,9840,NA,31/01/2017,NA,NA,NA,24/03/2017,pregnant
NA,9394,NA,31/01/2017,NA,NA,NA,24/03/2017,empty
NA,9592,NA,31/01/2017,NA,NA,NA,24/03/2017,empty
NA,9273,NA,31/01/2017,NA,NA,NA,24/03/2017,empty
NA,9632,NA,31/01/2017,NA,NA,19/03/2017,NA,NA
NA,9932,NA,31/01/2017,NA,NA,NA,24/03/2017,empty
NA,9823,NA,31/01/2017,NA,NA,16/03/2017,NA,NA
NA,8091,NA,31/01/2017,NA,NA,NA,24/03/2017,empty
NA,9618,NA,31/01/2017,NA,NA,NA,24/03/2017,empty
NA,9566,NA,31/01/2017,NA,NA,30/05/2017,24/03/2017,pregnant
NA,9927,NA,31/01/2017,NA,NA,8/06/2017,24/03/2017,pregnant
NA,9850,NA,31/01/2017,NA,NA,NA,24/03/2017,empty
NA,9980,NA,31/01/2017,NA,NA,NA,24/03/2017,empty
NA,9612,NA,31/01/2017,NA,NA,NA,NA,NA
NA,9552,NA,31/01/2017,NA,NA,NA,24/03/2017,empty
NA,9857,NA,31/01/2017,NA,NA,10/06/2017,24/03/2017,pregnant
NA,9986,NA,31/01/2017,NA,NA,15/06/2017,24/03/2017,pregnant
NA,9918,NA,31/01/2017,NA,NA,30/05/2017,24/03/2017,pregnant
NA,9285,NA,31/01/2017,NA,NA,27/06/2017,24/03/2017,pregnant
NA,9703,NA,31/01/2017,NA,NA,NA,24/03/2017,empty
NA,9536,NA,31/01/2017,NA,NA,NA,24/03/2017,empty
NA,8512,NA,31/01/2017,NA,NA,NA,24/03/2017,empty
NA,10047,NA,31/01/2017,NA,NA,NA,NA,NA
NA,9271,NA,31/01/2017,NA,NA,NA,24/03/2017,empty
NA,9541,NA,31/01/2017,NA,NA,21/05/2017,24/03/2017,pregnant
NA,8250,NA,31/01/2017,NA,NA,NA,24/03/2017,empty
NA,9543,NA,31/01/2017,NA,NA,3/06/2017,24/03/2017,pregnant
NA,9955,NA,31/01/2017,NA,NA,NA,24/03/2017,pregnant
NA,9879,NA,31/01/2017,NA,NA,NA,24/03/2017,empty
NA,9547,NA,31/01/2017,NA,NA,NA,24/03/2017,empty
NA,8095,NA,31/01/2017,NA,NA,10/06/2017,24/03/2017,pregnant
NA,9606,NA,31/01/2017,NA,NA,NA,24/03/2017,pregnant
NA,9684,NA,31/01/2017,NA,NA,NA,24/03/2017,empty
NA,9869,NA,31/01/2017,NA,NA,26/05/2017,24/03/2017,pregnant
NA,9931,NA,31/01/2017,NA,NA,26/05/2017,24/03/2017,pregnant
NA,8935,NA,31/01/2017,NA,NA,NA,24/03/2017,empty
NA,8360,NA,31/01/2017,NA,NA,9/06/2017,24/03/2017,pregnant
NA,10042,NA,31/01/2017,NA,NA,1/06/2017,24/03/2017,pregnant
NA,7810,NA,31/01/2017,NA,NA,12/06/2017,24/03/2017,pregnant
NA,9114,NA,31/01/2017,NA,NA,30/05/2017,24/03/2017,pregnant
NA,10053,NA,31/01/2017,NA,NA,10/06/2017,24/03/2017,pregnant
NA,8731,NA,31/01/2017,NA,NA,10/06/2017,24/03/2017,pregnant
NA,9906,NA,31/01/2017,NA,NA,7/06/2017,24/03/2017,pregnant
NA,9295,NA,31/01/2017,NA,NA,NA,24/03/2017,empty
NA,8544,NA,31/01/2017,NA,NA,13/06/2017,24/03/2017,pregnant
NA,9700,NA,31/01/2017,NA,NA,NA,24/03/2017,empty
NA,9947,NA,31/01/2017,NA,NA,8/06/2017,24/03/2017,pregnant
NA,7932,NA,31/01/2017,NA,NA,3/06/2017,24/03/2017,pregnant
NA,10776,NA,31/01/2017,NA,NA,26/05/2017,24/03/2017,pregnant
NA,9984,NA,31/01/2017,NA,NA,6/06/2017,24/03/2017,pregnant
NA,9953,NA,31/01/2017,NA,NA,1/06/2017,24/03/2017,pregnant
NA,9961,NA,31/01/2017,NA,NA,NA,24/03/2017,empty
NA,8022,NA,31/01/2017,NA,NA,NA,24/03/2017,empty
NA,9129,NA,31/01/2017,NA,NA,NA,24/03/2017,empty
NA,8522,NA,31/01/2017,NA,NA,NA,24/03/2017,empty
NA,9779,NA,31/01/2017,NA,NA,NA,24/03/2017,empty
NA,9160,NA,31/01/2017,NA,NA,NA,24/03/2017,pregnant
NA,7351,NA,31/01/2017,NA,NA,NA,24/03/2017,pregnant
NA,8439,NA,31/01/2017,NA,NA,NA,24/03/2017,empty
NA,9744,NA,31/01/2017,NA,NA,1/06/2017,24/03/2017,pregnant
NA,9601,NA,31/01/2017,NA,NA,NA,24/03/2017,empty
NA,10009,NA,31/01/2017,NA,NA,3/06/2017,24/03/2017,pregnant
NA,7387,NA,31/01/2017,NA,NA,NA,24/03/2017,empty
NA,8764,NA,31/01/2017,NA,NA,NA,24/03/2017,empty
NA,9204,NA,31/01/2017,NA,NA,5/06/2017,24/03/2017,pregnant
NA,9816,NA,31/01/2017,NA,NA,NA,24/03/2017,empty
NA,8614,NA,31/01/2017,NA,NA,NA,24/03/2017,empty
NA,8780,NA,31/01/2017,NA,NA,NA,24/03/2017,empty
NA,8407,NA,31/01/2017,NA,NA,NA,24/03/2017,empty
NA,8515,NA,31/01/2017,NA,NA,NA,24/03/2017,empty
NA,9594,NA,31/01/2017,NA,NA,NA,24/03/2017,empty
NA,5537,NA,31/01/2017,NA,NA,15/06/2017,24/03/2017,pregnant
NA,6305,NA,31/01/2017,NA,NA,NA,24/03/2017,pregnant
NA,6437,NA,31/01/2017,NA,NA,12/06/2017,24/03/2017,pregnant
NA,8019,NA,31/01/2017,NA,NA,NA,24/03/2017,empty
NA,6443,NA,31/01/2017,NA,NA,19/06/2017,24/03/2017,pregnant
NA,6291,NA,31/01/2017,NA,NA,3/06/2017,24/03/2017,pregnant
NA,6273,NA,31/01/2017,NA,NA,13/06/2017,24/03/2017,pregnant
NA,6238,NA,31/01/2017,NA,NA,NA,24/03/2017,empty
NA,7637,NA,31/01/2017,NA,NA,16/06/2017,24/03/2017,pregnant
NA,5653,NA,31/01/2017,NA,NA,18/03/2017,NA,NA
NA,5007,NA,31/01/2017,NA,NA,12/06/2017,24/03/2017,pregnant
NA,7006,NA,31/01/2017,NA,NA,NA,24/03/2017,empty
NA,6979,NA,31/01/2017,NA,NA,11/06/2017,24/03/2017,pregnant
NA,6480,NA,31/01/2017,NA,NA,NA,24/03/2017,empty
NA,6915,NA,31/01/2017,NA,NA,7/06/2017,24/03/2017,pregnant
NA,7138,NA,31/01/2017,NA,NA,27/05/2017,24/03/2017,pregnant
NA,6373,NA,31/01/2017,NA,NA,12/06/2017,24/03/2017,pregnant
NA,6268,NA,31/01/2017,NA,NA,17/06/2017,24/03/2017,pregnant
NA,6406,NA,31/01/2017,NA,NA,14/06/2017,24/03/2017,pregnant
NA,7642,NA,31/01/2017,NA,NA,17/06/2017,24/03/2017,pregnant
NA,7062,NA,31/01/2017,NA,NA,8/06/2017,24/03/2017,pregnant
NA,7118,NA,31/01/2017,NA,NA,NA,24/03/2017,empty
NA,7088,NA,31/01/2017,NA,NA,11/06/2017,24/03/2017,pregnant
NA,7053,NA,31/01/2017,NA,NA,NA,24/03/2017,empty
NA,9052,NA,31/01/2017,NA,NA,15/06/2017,NA,NA
NA,7141,NA,31/01/2017,NA,NA,NA,24/03/2017,empty
NA,7532,NA,31/01/2017,NA,NA,NA,NA,NA
NA,7022,NA,31/01/2017,NA,NA,6/06/2017,24/03/2017,pregnant
NA,6242,NA,31/01/2017,NA,NA,NA,24/03/2017,empty
NA,6344,NA,31/01/2017,NA,NA,15/06/2017,24/03/2017,pregnant
NA,7136,NA,31/01/2017,NA,NA,12/06/2017,24/03/2017,pregnant
NA,7657,NA,31/01/2017,NA,NA,13/06/2017,24/03/2017,pregnant
NA,7486,NA,31/01/2017,NA,NA,17/06/2017,24/03/2017,pregnant
NA,7636,NA,31/01/2017,NA,NA,NA,24/03/2017,empty
NA,6968,NA,31/01/2017,NA,NA,NA,24/03/2017,empty
NA,7705,NA,31/01/2017,NA,NA,12/06/2017,24/03/2017,pregnant
NA,5596,NA,31/01/2017,NA,NA,NA,24/03/2017,pregnant
NA,7044,NA,31/01/2017,NA,NA,12/06/2017,24/03/2017,pregnant
NA,9051,NA,31/01/2017,NA,NA,17/06/2017,24/03/2017,pregnant
NA,9398,NA,31/01/2017,NA,NA,13/06/2017,24/03/2017,pregnant
NA,7152,NA,31/01/2017,NA,NA,NA,24/03/2017,empty
NA,5651,NA,31/01/2017,NA,NA,NA,24/03/2017,empty
NA,6407,NA,31/01/2017,NA,NA,NA,24/03/2017,empty
NA,8092,NA,31/01/2017,NA,NA,16/06/2017,24/03/2017,pregnant
NA,6981,NA,31/01/2017,NA,NA,6/06/2017,24/03/2017,pregnant
NA,7561,NA,31/01/2017,NA,NA,NA,24/03/2017,empty
NA,6267,NA,31/01/2017,NA,NA,NA,24/03/2017,empty
NA,7145,NA,31/01/2017,NA,NA,NA,NA,NA
NA,7085,NA,31/01/2017,NA,NA,8/06/2017,24/03/2017,pregnant
NA,7730,NA,31/01/2017,NA,NA,NA,24/03/2017,empty
NA,8184,NA,31/01/2017,NA,NA,16/06/2017,24/03/2017,pregnant
NA,7243,NA,31/01/2017,NA,NA,5/07/2017,24/03/2017,pregnant
NA,6718,NA,31/01/2017,NA,NA,NA,24/03/2017,empty
NA,6239,NA,31/01/2017,NA,NA,NA,NA,NA
NA,8966,NA,31/01/2017,NA,NA,7/06/2017,24/03/2017,pregnant
NA,7752,NA,31/01/2017,NA,NA,16/06/2017,24/03/2017,pregnant
NA,7029,NA,31/01/2017,NA,NA,13/06/2017,24/03/2017,pregnant
NA,6916,NA,31/01/2017,NA,NA,16/06/2017,24/03/2017,pregnant
NA,6367,NA,31/01/2017,NA,NA,16/06/2017,24/03/2017,pregnant
NA,6937,NA,31/01/2017,NA,NA,NA,24/03/2017,pregnant
NA,6255,NA,31/01/2017,NA,NA,11/06/2017,24/03/2017,pregnant
NA,6696,NA,31/01/2017,NA,NA,NA,24/03/2017,empty
NA,5804,NA,31/01/2017,NA,NA,15/06/2017,24/03/2017,pregnant
NA,5833,NA,31/01/2017,NA,NA,14/06/2017,24/03/2017,pregnant
NA,6780,NA,31/01/2017,NA,NA,NA,24/03/2017,pregnant
NA,8200,NA,31/01/2017,NA,NA,13/06/2017,24/03/2017,pregnant
NA,7127,NA,31/01/2017,NA,NA,15/06/2017,24/03/2017,pregnant
NA,6971,NA,31/01/2017,NA,NA,1/06/2017,24/03/2017,pregnant
NA,5678,NA,31/01/2017,NA,NA,7/06/2017,24/03/2017,pregnant
NA,7046,NA,31/01/2017,NA,NA,16/06/2017,24/03/2017,pregnant
NA,7734,NA,31/01/2017,NA,NA,NA,24/03/2017,empty
NA,5751,NA,31/01/2017,NA,NA,NA,24/03/2017,empty
NA,7694,NA,31/01/2017,NA,NA,13/06/2017,24/03/2017,pregnant
NA,5705,NA,31/01/2017,NA,NA,17/06/2017,24/03/2017,pregnant
NA,5729,NA,31/01/2017,NA,NA,NA,24/03/2017,empty
NA,7781,NA,31/01/2017,NA,NA,NA,24/03/2017,empty
NA,7726,NA,31/01/2017,NA,NA,14/06/2017,24/03/2017,pregnant
NA,8180,NA,31/01/2017,NA,NA,7/06/2017,24/03/2017,pregnant
NA,8196,NA,31/01/2017,NA,NA,12/06/2017,24/03/2017,pregnant
NA,5848,NA,31/01/2017,NA,NA,14/06/2017,24/03/2017,pregnant
NA,7710,NA,31/01/2017,NA,NA,16/06/2017,24/03/2017,pregnant
NA,6609,NA,31/01/2017,NA,NA,15/06/2017,24/03/2017,pregnant
NA,5408,NA,31/01/2017,NA,NA,22/06/2017,24/03/2017,pregnant
NA,5775,NA,31/01/2017,NA,NA,NA,24/03/2017,pregnant
NA,6705,NA,31/01/2017,NA,NA,8/06/2017,24/03/2017,pregnant
NA,9013,NA,31/01/2017,NA,NA,8/06/2017,24/03/2017,pregnant
NA,6416,NA,31/01/2017,NA,NA,NA,NA,NA
NA,5646,NA,31/01/2017,NA,NA,6/06/2017,24/03/2017,pregnant
NA,6466,NA,31/01/2017,NA,NA,5/06/2017,24/03/2017,pregnant
NA,6224,NA,31/01/2017,NA,NA,14/06/2017,24/03/2017,pregnant
NA,5238,NA,31/01/2017,NA,NA,9/06/2017,24/03/2017,pregnant
NA,7086,NA,31/01/2017,NA,NA,9/06/2017,24/03/2017,pregnant
NA,6742,NA,31/01/2017,NA,NA,16/06/2017,24/03/2017,pregnant
NA,6888,NA,31/01/2017,NA,NA,1/07/2017,24/03/2017,pregnant
NA,6987,NA,31/01/2017,NA,NA,12/06/2017,24/03/2017,pregnant
NA,6583,NA,31/01/2017,NA,NA,NA,24/03/2017,empty
NA,6464,NA,31/01/2017,NA,NA,NA,24/03/2017,empty
NA,6343,NA,31/01/2017,NA,NA,NA,24/03/2017,empty
NA,6618,NA,31/01/2017,NA,NA,NA,24/03/2017,empty
NA,6423,NA,31/01/2017,NA,NA,NA,24/03/2017,empty
NA,9023,NA,31/01/2017,NA,NA,NA,NA,NA
NA,6846,NA,31/01/2017,NA,NA,10/06/2017,24/03/2017,pregnant
NA,5638,NA,31/01/2017,NA,NA,NA,24/03/2017,empty
NA,6627,NA,31/01/2017,NA,NA,16/06/2017,24/03/2017,pregnant
NA,7021,NA,31/01/2017,NA,NA,NA,24/03/2017,empty
NA,6976,NA,31/01/2017,NA,NA,NA,NA,NA
NA,7047,NA,31/01/2017,NA,NA,9/06/2017,24/03/2017,pregnant
NA,6681,NA,31/01/2017,NA,NA,10/06/2017,24/03/2017,pregnant
NA,6336,NA,31/01/2017,NA,NA,12/06/2017,24/03/2017,pregnant
NA,5585,NA,31/01/2017,NA,NA,11/06/2017,24/03/2017,pregnant
NA,6298,NA,31/01/2017,NA,NA,1/06/2017,24/03/2017,pregnant
NA,6327,NA,31/01/2017,NA,NA,6/06/2017,24/03/2017,pregnant
NA,6402,NA,31/01/2017,NA,NA,27/06/2017,24/03/2017,pregnant
NA,6555,NA,31/01/2017,NA,NA,8/06/2017,24/03/2017,pregnant
NA,6227,NA,31/01/2017,NA,NA,NA,24/03/2017,empty
NA,6386,NA,31/01/2017,NA,NA,NA,24/03/2017,empty
NA,7137,NA,31/01/2017,NA,NA,17/06/2017,24/03/2017,pregnant
NA,8185,NA,31/01/2017,NA,NA,NA,NA,NA
NA,6233,NA,31/01/2017,NA,NA,16/06/2017,24/03/2017,pregnant
NA,8186,NA,31/01/2017,NA,NA,16/06/2017,24/03/2017,pregnant
NA,7209,NA,31/01/2017,NA,NA,5/06/2017,24/03/2017,pregnant
NA,7142,NA,31/01/2017,NA,NA,NA,24/03/2017,empty
NA,5483,NA,31/01/2017,NA,NA,27/06/2017,24/03/2017,pregnant
NA,7624,NA,31/01/2017,NA,NA,NA,24/03/2017,pregnant
NA,6349,NA,31/01/2017,NA,NA,9/06/2017,24/03/2017,pregnant
NA,6756,NA,31/01/2017,NA,NA,5/06/2017,24/03/2017,pregnant
NA,6982,NA,31/01/2017,NA,NA,10/06/2017,24/03/2017,pregnant
NA,9036,NA,31/01/2017,NA,NA,NA,24/03/2017,empty
NA,5323,NA,31/01/2017,NA,NA,8/06/2017,24/03/2017,pregnant
NA,6747,NA,31/01/2017,NA,NA,12/06/2017,24/03/2017,pregnant
NA,6595,NA,31/01/2017,NA,NA,15/06/2017,24/03/2017,pregnant
NA,7495,NA,31/01/2017,NA,NA,NA,24/03/2017,empty
NA,6998,NA,31/01/2017,NA,NA,9/06/2017,24/03/2017,pregnant
NA,7294,NA,31/01/2017,NA,NA,12/06/2017,24/03/2017,pregnant
NA,7623,NA,31/01/2017,NA,NA,19/06/2017,24/03/2017,pregnant
NA,5740,NA,31/01/2017,NA,NA,NA,24/03/2017,empty
NA,8964,NA,31/01/2017,NA,NA,11/06/2017,24/03/2017,pregnant
NA,5749,NA,31/01/2017,NA,NA,NA,24/03/2017,empty
NA,7599,NA,31/01/2017,NA,NA,8/06/2017,24/03/2017,pregnant
NA,6256,NA,31/01/2017,NA,NA,NA,24/03/2017,empty
NA,5330,NA,31/01/2017,NA,NA,8/06/2017,24/03/2017,pregnant
NA,9061,NA,31/01/2017,NA,NA,17/06/2017,24/03/2017,pregnant
NA,6845,NA,31/01/2017,NA,NA,NA,24/03/2017,empty
NA,6418,NA,31/01/2017,NA,NA,NA,24/03/2017,empty
NA,9025,NA,31/01/2017,NA,NA,9/06/2017,24/03/2017,pregnant
NA,7266,NA,31/01/2017,NA,NA,7/06/2017,24/03/2017,pregnant
NA,7645,NA,31/01/2017,NA,NA,NA,24/03/2017,empty
NA,6646,NA,31/01/2017,NA,NA,17/06/2017,24/03/2017,pregnant
NA,7800,NA,31/01/2017,NA,NA,NA,24/03/2017,empty
NA,6676,NA,31/01/2017,NA,NA,8/06/2017,24/03/2017,pregnant
NA,5595,NA,31/01/2017,NA,NA,8/06/2017,24/03/2017,pregnant
NA,8020,NA,31/01/2017,NA,NA,7/06/2017,24/03/2017,pregnant
NA,7126,NA,31/01/2017,NA,NA,NA,24/03/2017,empty
NA,5782,NA,31/01/2017,NA,NA,17/06/2017,24/03/2017,pregnant
NA,8926,NA,31/01/2017,NA,NA,NA,24/03/2017,empty
NA,6234,NA,31/01/2017,NA,NA,9/06/2017,24/03/2017,pregnant
NA,7040,NA,31/01/2017,NA,NA,16/06/2017,24/03/2017,pregnant
NA,6354,NA,31/01/2017,NA,NA,8/06/2017,24/03/2017,pregnant
NA,7092,NA,31/01/2017,NA,NA,9/06/2017,24/03/2017,pregnant
NA,6123,NA,31/01/2017,NA,NA,14/06/2017,24/03/2017,pregnant
NA,6388,NA,31/01/2017,NA,NA,15/06/2017,24/03/2017,pregnant
NA,7699,NA,31/01/2017,NA,NA,7/06/2017,24/03/2017,pregnant
NA,7622,NA,31/01/2017,NA,NA,NA,24/03/2017,empty
NA,7112,NA,31/01/2017,NA,NA,NA,NA,NA
NA,5779,NA,31/01/2017,NA,NA,NA,NA,NA
NA,5744,NA,31/01/2017,NA,NA,NA,24/03/2017,empty
NA,5732,NA,31/01/2017,NA,NA,NA,24/03/2017,empty
NA,6351,NA,31/01/2017,NA,NA,NA,NA,NA
NA,7479,NA,31/01/2017,NA,NA,18/03/2017,NA,NA
NA,6947,NA,31/01/2017,NA,NA,NA,24/03/2017,empty
NA,5760,NA,31/01/2017,NA,NA,15/06/2017,24/03/2017,pregnant
NA,6949,NA,31/01/2017,NA,NA,NA,24/03/2017,empty
NA,5770,NA,31/01/2017,NA,NA,NA,24/03/2017,empty
NA,7992,NA,31/01/2017,NA,NA,NA,24/03/2017,empty
NA,7073,NA,31/01/2017,NA,NA,NA,24/03/2017,empty
NA,6625,NA,31/01/2017,NA,NA,NA,NA,NA
NA,6688,NA,31/01/2017,NA,NA,NA,24/03/2017,empty
NA,7791,NA,31/01/2017,NA,NA,19/06/2017,24/03/2017,pregnant
NA,5808,NA,31/01/2017,NA,NA,9/06/2017,24/03/2017,pregnant
NA,5750,NA,31/01/2017,NA,NA,NA,24/03/2017,empty
NA,7074,NA,31/01/2017,NA,NA,NA,24/03/2017,empty
NA,6377,NA,31/01/2017,NA,NA,15/06/2017,24/03/2017,pregnant
NA,5719,NA,31/01/2017,NA,NA,NA,24/03/2017,empty
NA,6883,NA,31/01/2017,NA,NA,NA,24/03/2017,pregnant
NA,5572,NA,31/01/2017,NA,NA,NA,24/03/2017,empty
NA,5847,NA,31/01/2017,NA,NA,10/06/2017,24/03/2017,pregnant
NA,7562,NA,31/01/2017,NA,NA,17/06/2017,24/03/2017,pregnant
NA,7630,NA,31/01/2017,NA,NA,NA,24/03/2017,empty
NA,8068,NA,31/01/2017,NA,NA,15/06/2017,24/03/2017,pregnant
NA,5815,NA,31/01/2017,NA,NA,8/06/2017,24/03/2017,pregnant
NA,7789,NA,31/01/2017,NA,NA,NA,24/03/2017,empty
NA,7164,NA,31/01/2017,NA,NA,NA,24/03/2017,empty
NA,7638,NA,31/01/2017,NA,NA,NA,24/03/2017,empty
NA,6564,NA,31/01/2017,NA,NA,19/06/2017,24/03/2017,pregnant
NA,6706,NA,31/01/2017,NA,NA,8/06/2017,24/03/2017,pregnant
NA,6875,NA,31/01/2017,NA,NA,10/06/2017,24/03/2017,pregnant
NA,7640,NA,31/01/2017,NA,NA,NA,24/03/2017,empty
NA,8165,NA,31/01/2017,NA,NA,14/06/2017,24/03/2017,pregnant
NA,6348,NA,31/01/2017,NA,NA,NA,24/03/2017,empty
NA,8903,NA,31/01/2017,NA,NA,13/06/2017,24/03/2017,pregnant
NA,7061,NA,31/01/2017,NA,NA,NA,24/03/2017,empty
NA,9030,NA,31/01/2017,NA,NA,NA,24/03/2017,empty
NA,7130,NA,31/01/2017,NA,NA,17/06/2017,24/03/2017,pregnant
NA,7072,NA,31/01/2017,NA,NA,8/06/2017,24/03/2017,pregnant
NA,6353,NA,31/01/2017,NA,NA,12/06/2017,24/03/2017,pregnant
NA,6236,NA,31/01/2017,NA,NA,NA,24/03/2017,empty
NA,5346,NA,31/01/2017,NA,NA,NA,24/03/2017,empty
NA,7149,NA,31/01/2017,NA,NA,11/06/2017,24/03/2017,pregnant
NA,5753,NA,31/01/2017,NA,NA,NA,24/03/2017,empty
NA,8188,NA,31/01/2017,NA,NA,NA,24/03/2017,empty
NA,6990,NA,31/01/2017,NA,NA,NA,24/03/2017,empty
NA,7000,NA,31/01/2017,NA,NA,19/06/2017,24/03/2017,pregnant
NA,7738,NA,31/01/2017,NA,NA,NA,24/03/2017,pregnant
NA,5404,NA,31/01/2017,NA,NA,NA,NA,NA
NA,6228,NA,31/01/2017,NA,NA,8/06/2017,24/03/2017,pregnant
NA,7643,NA,31/01/2017,NA,NA,21/06/2017,NA,NA
NA,5733,NA,31/01/2017,NA,NA,15/06/2017,NA,NA
NA,7488,NA,31/01/2017,NA,NA,NA,24/03/2017,empty
NA,6667,NA,31/01/2017,NA,NA,17/06/2017,24/03/2017,pregnant
NA,6774,NA,31/01/2017,NA,NA,NA,24/03/2017,empty
NA,6499,NA,31/01/2017,NA,NA,NA,24/03/2017,empty
NA,6894,NA,31/01/2017,NA,NA,17/06/2017,24/03/2017,pregnant
NA,7267,NA,31/01/2017,NA,NA,15/06/2017,24/03/2017,pregnant
NA,5726,NA,31/01/2017,NA,NA,NA,NA,NA
NA,7427,NA,31/01/2017,NA,NA,13/06/2017,24/03/2017,pregnant
NA,7178,NA,31/01/2017,NA,NA,NA,24/03/2017,empty
NA,7232,NA,31/01/2017,NA,NA,NA,NA,NA
NA,6264,NA,31/01/2017,NA,NA,NA,NA,NA
NA,6325,NA,31/01/2017,NA,NA,NA,24/03/2017,pregnant
NA,5834,NA,31/01/2017,NA,NA,12/06/2017,24/03/2017,pregnant
NA,9017,NA,31/01/2017,NA,NA,NA,24/03/2017,empty
NA,6902,NA,31/01/2017,NA,NA,22/06/2017,24/03/2017,pregnant
NA,7125,NA,31/01/2017,NA,NA,12/06/2017,24/03/2017,pregnant
NA,5828,NA,31/01/2017,NA,NA,NA,24/03/2017,empty
NA,6901,NA,31/01/2017,NA,NA,11/06/2017,24/03/2017,pregnant
NA,5262,NA,31/01/2017,NA,NA,15/06/2017,24/03/2017,pregnant
NA,8954,NA,31/01/2017,NA,NA,7/06/2017,24/03/2017,pregnant
NA,7217,NA,31/01/2017,NA,NA,3/06/2017,24/03/2017,pregnant
NA,5845,NA,31/01/2017,NA,NA,16/06/2017,24/03/2017,pregnant
NA,7677,NA,31/01/2017,NA,NA,10/06/2017,24/03/2017,pregnant
NA,5798,NA,31/01/2017,NA,NA,15/06/2017,24/03/2017,pregnant
NA,7682,NA,31/01/2017,NA,NA,9/06/2017,24/03/2017,empty
NA,8221,NA,31/01/2017,NA,NA,17/06/2017,24/03/2017,pregnant
NA,9055,NA,31/01/2017,NA,NA,10/06/2017,24/03/2017,pregnant
NA,7795,NA,31/01/2017,NA,NA,17/06/2017,24/03/2017,pregnant
NA,8013,NA,31/01/2017,NA,NA,10/06/2017,24/03/2017,pregnant
NA,6890,NA,31/01/2017,NA,NA,14/06/2017,24/03/2017,pregnant
NA,7605,NA,31/01/2017,NA,NA,17/06/2017,24/03/2017,pregnant
NA,7265,NA,31/01/2017,NA,NA,NA,24/03/2017,empty
NA,7635,NA,31/01/2017,NA,NA,10/06/2017,24/03/2017,pregnant
NA,6772,NA,31/01/2017,NA,NA,12/06/2017,24/03/2017,pregnant
NA,9021,NA,31/01/2017,NA,NA,22/06/2017,24/03/2017,pregnant
NA,6333,NA,31/01/2017,NA,NA,10/06/2017,24/03/2017,pregnant
NA,5647,NA,31/01/2017,NA,NA,13/06/2017,24/03/2017,pregnant
NA,5741,NA,31/01/2017,NA,NA,15/06/2017,24/03/2017,pregnant
NA,5666,NA,31/01/2017,NA,NA,NA,24/03/2017,empty
NA,6313,NA,31/01/2017,NA,NA,19/06/2017,24/03/2017,pregnant
NA,6973,NA,31/01/2017,NA,NA,8/06/2017,24/03/2017,pregnant
NA,6926,NA,31/01/2017,NA,NA,19/06/2017,24/03/2017,pregnant
NA,7183,NA,31/01/2017,NA,NA,16/06/2017,24/03/2017,pregnant
NA,5516,NA,31/01/2017,NA,NA,NA,NA,NA
NA,6384,NA,31/01/2017,NA,NA,NA,24/03/2017,empty
NA,6897,NA,31/01/2017,NA,NA,12/06/2017,24/03/2017,pregnant
NA,7594,NA,31/01/2017,NA,NA,5/06/2017,24/03/2017,pregnant
NA,5711,NA,31/01/2017,NA,NA,NA,24/03/2017,empty
NA,8949,NA,31/01/2017,NA,NA,NA,24/03/2017,pregnant
NA,6481,NA,31/01/2017,NA,NA,6/06/2017,24/03/2017,pregnant
NA,6389,NA,31/01/2017,NA,NA,16/06/2017,24/03/2017,pregnant
NA,5800,NA,31/01/2017,NA,NA,NA,24/03/2017,empty
NA,7067,NA,31/01/2017,NA,NA,12/06/2017,24/03/2017,pregnant
NA,7224,NA,31/01/2017,NA,NA,NA,NA,NA
NA,7702,NA,31/01/2017,NA,NA,14/06/2017,24/03/2017,pregnant
NA,6865,NA,31/01/2017,NA,NA,NA,24/03/2017,empty
NA,6711,NA,31/01/2017,NA,NA,14/06/2017,24/03/2017,pregnant
NA,7613,NA,31/01/2017,NA,NA,NA,24/03/2017,pregnant
NA,7733,NA,31/01/2017,NA,NA,NA,24/03/2017,pregnant
NA,5714,NA,31/01/2017,NA,NA,10/03/2017,NA,NA
NA,6263,NA,31/01/2017,NA,NA,15/06/2017,24/03/2017,pregnant
NA,6948,NA,31/01/2017,NA,NA,7/06/2017,24/03/2017,pregnant
NA,7117,NA,31/01/2017,NA,NA,13/06/2017,24/03/2017,pregnant
NA,7162,NA,31/01/2017,NA,NA,10/06/2017,24/03/2017,pregnant
NA,7765,NA,31/01/2017,NA,NA,16/06/2017,24/03/2017,pregnant
NA,6850,NA,31/01/2017,NA,NA,NA,24/03/2017,empty
NA,8914,NA,31/01/2017,NA,NA,17/06/2017,24/03/2017,pregnant
NA,9029,NA,31/01/2017,NA,NA,10/06/2017,24/03/2017,pregnant
NA,5687,NA,31/01/2017,NA,NA,15/06/2017,24/03/2017,pregnant
NA,7049,NA,31/01/2017,NA,NA,NA,24/03/2017,empty
NA,5853,NA,31/01/2017,NA,NA,10/06/2017,24/03/2017,pregnant
NA,6859,NA,31/01/2017,NA,NA,NA,24/03/2017,pregnant
NA,8995,NA,31/01/2017,NA,NA,14/06/2017,24/03/2017,pregnant
NA,7735,NA,31/01/2017,NA,NA,10/06/2017,24/03/2017,pregnant
NA,7647,NA,31/01/2017,NA,NA,10/06/2017,24/03/2017,pregnant
NA,7641,NA,31/01/2017,NA,NA,NA,24/03/2017,empty
NA,7179,NA,31/01/2017,NA,NA,NA,24/03/2017,empty
NA,5544,NA,31/01/2017,NA,NA,13/06/2017,24/03/2017,pregnant
NA,6669,NA,31/01/2017,NA,NA,NA,NA,NA
NA,6592,NA,31/01/2017,NA,NA,NA,24/03/2017,empty
NA,6930,NA,31/01/2017,NA,NA,NA,NA,NA
NA,5272,NA,31/01/2017,NA,NA,1/07/2017,24/03/2017,pregnant
NA,7121,NA,31/01/2017,NA,NA,15/06/2017,24/03/2017,pregnant
NA,6951,NA,31/01/2017,NA,NA,12/06/2017,24/03/2017,pregnant
NA,6299,NA,31/01/2017,NA,NA,10/06/2017,24/03/2017,pregnant
NA,5354,NA,31/01/2017,NA,NA,NA,NA,NA
NA,7068,NA,31/01/2017,NA,NA,NA,24/03/2017,empty
NA,8012,NA,31/01/2017,NA,NA,NA,24/03/2017,pregnant
NA,5548,NA,31/01/2017,NA,NA,16/06/2017,24/03/2017,pregnant
NA,7101,NA,31/01/2017,NA,NA,NA,24/03/2017,empty
NA,7196,NA,31/01/2017,NA,NA,8/06/2017,24/03/2017,pregnant
NA,6903,NA,31/01/2017,NA,NA,17/06/2017,24/03/2017,pregnant
NA,6450,NA,31/01/2017,NA,NA,13/06/2017,24/03/2017,pregnant
NA,7411,NA,31/01/2017,NA,NA,13/06/2017,24/03/2017,pregnant
NA,9049,NA,31/01/2017,NA,NA,NA,NA,NA
NA,5494,NA,31/01/2017,NA,NA,14/06/2017,24/03/2017,pregnant
NA,8925,NA,31/01/2017,NA,NA,15/06/2017,24/03/2017,pregnant
NA,7278,NA,31/01/2017,NA,NA,1/06/2017,24/03/2017,pregnant
NA,6438,NA,31/01/2017,NA,NA,NA,24/03/2017,empty
NA,7020,NA,31/01/2017,NA,NA,22/06/2017,24/03/2017,pregnant
NA,5781,NA,31/01/2017,NA,NA,13/06/2017,24/03/2017,pregnant
NA,6286,NA,31/01/2017,NA,NA,22/06/2017,24/03/2017,pregnant
NA,7098,NA,31/01/2017,NA,NA,14/06/2017,24/03/2017,pregnant
NA,6952,NA,31/01/2017,NA,NA,NA,24/03/2017,pregnant
NA,7208,NA,31/01/2017,NA,NA,NA,24/03/2017,empty
NA,6773,NA,31/01/2017,NA,NA,15/06/2017,24/03/2017,pregnant
NA,6765,NA,31/01/2017,NA,NA,NA,24/03/2017,empty
NA,6869,NA,31/01/2017,NA,NA,14/06/2017,24/03/2017,pregnant
NA,7299,NA,31/01/2017,NA,NA,16/06/2017,24/03/2017,pregnant
NA,5852,NA,31/01/2017,NA,NA,NA,24/03/2017,empty
NA,9059,NA,31/01/2017,NA,NA,11/06/2017,24/03/2017,pregnant
NA,6868,NA,31/01/2017,NA,NA,NA,24/03/2017,empty
NA,7405,NA,31/01/2017,NA,NA,13/06/2017,24/03/2017,pregnant
NA,7215,NA,31/01/2017,NA,NA,12/06/2017,24/03/2017,pregnant
NA,7051,NA,31/01/2017,NA,NA,NA,24/03/2017,empty
NA,7596,NA,31/01/2017,NA,NA,NA,24/03/2017,empty
NA,6918,NA,31/01/2017,NA,NA,12/06/2017,24/03/2017,pregnant
NA,6871,NA,31/01/2017,NA,NA,NA,24/03/2017,pregnant
NA,6714,NA,31/01/2017,NA,NA,19/06/2017,24/03/2017,pregnant
NA,7808,NA,31/01/2017,NA,NA,19/06/2017,24/03/2017,pregnant
NA,8163,NA,31/01/2017,NA,NA,15/06/2017,24/03/2017,pregnant
NA,5539,NA,31/01/2017,NA,NA,10/06/2017,24/03/2017,pregnant
NA,5545,NA,31/01/2017,NA,NA,5/06/2017,24/03/2017,pregnant
NA,6956,NA,31/01/2017,NA,NA,17/06/2017,24/03/2017,pregnant
NA,7690,NA,31/01/2017,NA,NA,NA,24/03/2017,empty
NA,7487,NA,31/01/2017,NA,NA,19/06/2017,24/03/2017,pregnant
NA,7742,NA,31/01/2017,NA,NA,13/06/2017,24/03/2017,pregnant
NA,4611,NA,31/01/2017,NA,NA,NA,24/03/2017,empty
NA,7720,NA,31/01/2017,NA,NA,NA,24/03/2017,empty
NA,6347,NA,31/01/2017,NA,NA,8/06/2017,24/03/2017,pregnant
NA,9053,NA,31/01/2017,NA,NA,16/06/2017,24/03/2017,pregnant
NA,7801,NA,31/01/2017,NA,NA,16/06/2017,24/03/2017,pregnant
NA,7696,NA,31/01/2017,NA,NA,NA,24/03/2017,empty
NA,8972,NA,31/01/2017,NA,NA,8/06/2017,24/03/2017,pregnant
NA,5665,NA,31/01/2017,NA,NA,17/06/2017,24/03/2017,pregnant
NA,6855,NA,31/01/2017,NA,NA,NA,24/03/2017,pregnant
NA,8919,NA,31/01/2017,NA,NA,15/06/2017,24/03/2017,pregnant
NA,9008,NA,31/01/2017,NA,NA,16/06/2017,24/03/2017,pregnant
NA,6445,NA,31/01/2017,NA,NA,19/06/2017,24/03/2017,pregnant
NA,7695,NA,31/01/2017,NA,NA,11/06/2017,24/03/2017,pregnant
NA,6269,NA,31/01/2017,NA,NA,9/06/2017,24/03/2017,pregnant
NA,6692,NA,31/01/2017,NA,NA,NA,24/03/2017,empty
NA,6318,NA,31/01/2017,NA,NA,15/06/2017,24/03/2017,pregnant
NA,6345,NA,31/01/2017,NA,NA,NA,24/03/2017,empty
NA,6944,NA,31/01/2017,NA,NA,10/06/2017,24/03/2017,pregnant
NA,9056,NA,31/01/2017,NA,NA,16/06/2017,24/03/2017,pregnant
NA,7027,NA,31/01/2017,NA,NA,3/06/2017,24/03/2017,pregnant
NA,5715,NA,31/01/2017,NA,NA,NA,24/03/2017,empty
NA,7408,NA,31/01/2017,NA,NA,NA,24/03/2017,pregnant
NA,8902,NA,31/01/2017,NA,NA,15/06/2017,24/03/2017,pregnant
NA,7749,NA,31/01/2017,NA,NA,12/06/2017,24/03/2017,pregnant
NA,6398,NA,31/01/2017,NA,NA,8/06/2017,24/03/2017,pregnant
NA,6985,NA,31/01/2017,NA,NA,12/06/2017,24/03/2017,pregnant
NA,9058,NA,31/01/2017,NA,NA,11/06/2017,24/03/2017,pregnant
NA,7273,NA,31/01/2017,NA,NA,NA,24/03/2017,empty
NA,6852,NA,31/01/2017,NA,NA,9/06/2017,24/03/2017,pregnant
NA,8932,NA,31/01/2017,NA,NA,NA,24/03/2017,pregnant
NA,5720,NA,31/01/2017,NA,NA,12/06/2017,24/03/2017,pregnant
NA,6698,NA,31/01/2017,NA,NA,NA,24/03/2017,empty
NA,9009,NA,31/01/2017,NA,NA,NA,24/03/2017,empty
NA,6381,NA,31/01/2017,NA,NA,19/06/2017,24/03/2017,pregnant
NA,9002,NA,31/01/2017,NA,NA,NA,24/03/2017,empty
NA,7172,NA,31/01/2017,NA,NA,NA,24/03/2017,empty
NA,7366,NA,31/01/2017,NA,NA,NA,24/03/2017,empty
NA,7589,NA,31/01/2017,NA,NA,NA,24/03/2017,empty
NA,6563,NA,31/01/2017,NA,NA,16/06/2017,24/03/2017,pregnant
NA,7093,NA,31/01/2017,NA,NA,8/06/2017,24/03/2017,pregnant
NA,5662,NA,31/01/2017,NA,NA,NA,24/03/2017,empty
NA,6701,NA,31/01/2017,NA,NA,14/06/2017,24/03/2017,pregnant
NA,6424,NA,31/01/2017,NA,NA,9/06/2017,24/03/2017,pregnant
NA,7704,NA,31/01/2017,NA,NA,NA,24/03/2017,empty
NA,6739,NA,31/01/2017,NA,NA,NA,24/03/2017,empty
NA,4087,NA,31/01/2017,NA,NA,8/06/2017,24/03/2017,pregnant
NA,7656,NA,31/01/2017,NA,NA,NA,NA,NA
NA,7186,NA,31/01/2017,NA,NA,NA,24/03/2017,empty
NA,7719,NA,31/01/2017,NA,NA,14/06/2017,24/03/2017,pregnant
NA,5601,NA,31/01/2017,NA,NA,9/06/2017,24/03/2017,pregnant
NA,6891,NA,31/01/2017,NA,NA,NA,24/03/2017,empty
NA,6992,NA,31/01/2017,NA,NA,8/06/2017,24/03/2017,pregnant
NA,6936,NA,31/01/2017,NA,NA,NA,24/03/2017,empty
NA,9057,NA,31/01/2017,NA,NA,NA,24/03/2017,empty
NA,7802,NA,31/01/2017,NA,NA,NA,24/03/2017,empty
NA,6691,NA,31/01/2017,NA,NA,13/06/2017,24/03/2017,pregnant
NA,7676,NA,31/01/2017,NA,NA,NA,24/03/2017,empty
NA,5701,NA,31/01/2017,NA,NA,8/06/2017,24/03/2017,pregnant
NA,9026,NA,31/01/2017,NA,NA,NA,24/03/2017,empty
NA,6486,NA,31/01/2017,NA,NA,14/06/2017,24/03/2017,pregnant
NA,7741,NA,31/01/2017,NA,NA,11/06/2017,24/03/2017,pregnant
NA,8928,NA,31/01/2017,NA,NA,NA,24/03/2017,empty
NA,8908,NA,31/01/2017,NA,NA,16/06/2017,24/03/2017,pregnant
NA,7769,NA,31/01/2017,NA,NA,10/06/2017,24/03/2017,pregnant
NA,8961,NA,31/01/2017,NA,NA,10/06/2017,24/03/2017,pregnant
NA,7328,NA,31/01/2017,NA,NA,NA,24/03/2017,empty
NA,6570,NA,31/01/2017,NA,NA,NA,24/03/2017,empty
NA,5849,NA,31/01/2017,NA,NA,14/06/2017,24/03/2017,pregnant
NA,7428,NA,31/01/2017,NA,NA,14/06/2017,24/03/2017,pregnant
NA,NA,NA,31/01/2017,NA,NA,NA,NA,NA
NA,6884,NA,31/01/2017,NA,NA,8/06/2017,24/03/2017,pregnant
NA,6707,NA,31/01/2017,NA,NA,4/06/2017,24/03/2017,pregnant
NA,6637,NA,31/01/2017,NA,NA,10/06/2017,24/03/2017,pregnant
NA,7104,NA,31/01/2017,NA,NA,9/06/2017,24/03/2017,pregnant
NA,6919,NA,31/01/2017,NA,NA,NA,24/03/2017,empty
NA,9060,NA,31/01/2017,NA,NA,14/06/2017,24/03/2017,pregnant
NA,6775,NA,31/01/2017,NA,NA,14/06/2017,24/03/2017,pregnant
NA,7140,NA,31/01/2017,NA,NA,NA,24/03/2017,empty
NA,5745,NA,31/01/2017,NA,NA,NA,NA,NA
NA,7220,NA,31/01/2017,NA,NA,NA,24/03/2017,empty
NA,7180,NA,31/01/2017,NA,NA,19/06/2017,24/03/2017,pregnant
NA,5787,NA,31/01/2017,NA,NA,16/06/2017,24/03/2017,pregnant
NA,7041,NA,31/01/2017,NA,NA,17/06/2017,24/03/2017,pregnant
NA,7762,NA,31/01/2017,NA,NA,NA,NA,NA
NA,7174,NA,31/01/2017,NA,NA,NA,24/03/2017,empty
NA,7718,NA,31/01/2017,NA,NA,NA,24/03/2017,empty
NA,6638,NA,31/01/2017,NA,NA,22/06/2017,24/03/2017,pregnant
NA,7122,NA,31/01/2017,NA,NA,16/06/2017,24/03/2017,pregnant
NA,7090,NA,31/01/2017,NA,NA,13/06/2017,24/03/2017,pregnant
NA,9054,NA,31/01/2017,NA,NA,16/06/2017,24/03/2017,pregnant
NA,7737,NA,31/01/2017,NA,NA,17/06/2017,24/03/2017,pregnant
NA,7772,NA,31/01/2017,NA,NA,19/06/2017,24/03/2017,pregnant
NA,6295,NA,31/01/2017,NA,NA,7/06/2017,24/03/2017,pregnant
NA,6479,NA,31/01/2017,NA,NA,NA,24/03/2017,empty
NA,6271,NA,31/01/2017,NA,NA,13/06/2017,24/03/2017,pregnant
NA,5793,NA,31/01/2017,NA,NA,16/06/2017,24/03/2017,pregnant
NA,5728,NA,31/01/2017,NA,NA,9/06/2017,24/03/2017,pregnant
NA,7703,NA,31/01/2017,NA,NA,3/06/2017,24/03/2017,pregnant
NA,6763,NA,31/01/2017,NA,NA,8/06/2017,NA,NA
NA,6309,NA,31/01/2017,NA,NA,16/06/2017,24/03/2017,pregnant
NA,7045,NA,31/01/2017,NA,NA,9/06/2017,24/03/2017,pregnant
NA,7619,NA,31/01/2017,NA,NA,7/06/2017,24/03/2017,pregnant
NA,6750,NA,31/01/2017,NA,NA,12/06/2017,24/03/2017,pregnant
NA,8982,NA,31/01/2017,NA,NA,14/06/2017,24/03/2017,pregnant
NA,7633,NA,31/01/2017,NA,NA,NA,24/03/2017,empty
NA,7339,NA,31/01/2017,NA,NA,NA,24/03/2017,empty
NA,10056,NA,31/01/2017,NA,NA,12/06/2017,24/03/2017,pregnant
NA,5836,NA,31/01/2017,NA,NA,15/06/2017,24/03/2017,pregnant
NA,7002,NA,31/01/2017,NA,NA,8/06/2017,24/03/2017,pregnant
NA,6682,NA,31/01/2017,NA,NA,11/06/2017,24/03/2017,pregnant
NA,6940,NA,31/01/2017,NA,NA,15/06/2017,24/03/2017,pregnant
NA,6917,NA,31/01/2017,NA,NA,19/06/2017,24/03/2017,pregnant
NA,5543,NA,31/01/2017,NA,NA,14/06/2017,24/03/2017,pregnant
NA,6879,NA,31/01/2017,NA,NA,15/06/2017,24/03/2017,pregnant
NA,8994,NA,31/01/2017,NA,NA,NA,24/03/2017,empty
NA,8999,NA,31/01/2017,NA,NA,7/06/2017,24/03/2017,pregnant
NA,8101,NA,31/01/2017,NA,NA,NA,24/03/2017,empty
NA,5724,NA,31/01/2017,NA,NA,NA,24/03/2017,empty
NA,6720,NA,31/01/2017,NA,NA,NA,24/03/2017,pregnant
NA,6974,NA,31/01/2017,NA,NA,15/06/2017,24/03/2017,pregnant
NA,5627,NA,31/01/2017,NA,NA,16/06/2017,24/03/2017,pregnant
NA,7798,NA,31/01/2017,NA,NA,10/06/2017,24/03/2017,pregnant
NA,6504,NA,31/01/2017,NA,NA,19/06/2017,24/03/2017,pregnant
NA,8960,NA,31/01/2017,NA,NA,11/06/2017,24/03/2017,pregnant
NA,5746,NA,31/01/2017,NA,NA,NA,24/03/2017,empty
NA,8917,NA,31/01/2017,NA,NA,19/06/2017,24/03/2017,pregnant
NA,6699,NA,31/01/2017,NA,NA,NA,24/03/2017,empty
