ServKey,CowKey,servDate,servType,Sire,Technician,Batch,comment,HeatObservedBy,HeatDetectionMethod,HeatDetectionCertainty,HoursSinceObservedHeat,SemenType,SemenStorage,SemenUnitCost,TimeOfAI,SplitStraw,DateHeatDetected,ETDonorCowID
1,1,"06/04/06 00:00:00","AI","85264","DCBA",,,,,,,,,,,,,
2,2,"06/04/06 00:00:00","AI","85264","DCBA",,,,,,,,,,,,,
3,3,"06/05/06 00:00:00","AI","83283","DCBA",,,,,,,,,,,,,
4,4,"06/05/06 00:00:00","AI","86279","DCBA",,,,,,,,,,,,,
5,5,"06/06/06 00:00:00","AI","86202","DCBA",,,,,,,,,,,,,
6,6,"06/06/06 00:00:00","AI","86202","DCBA",,,,,,,,,,,,,
7,9,"06/26/07 00:00:00","AI","87203","DCBA",,,,,,,,,,,,,
8,9,"07/21/07 00:00:00","NM","000000",,,,,,,,,,,,,,
9,10,"06/18/06 00:00:00","AI","83283",,,,,,,,,,,,,,
10,10,"07/07/06 00:00:00","AI","86279","DCBA",,,,,,,,,,,,,
11,10,"07/30/06 00:00:00","NM",,,,,,,,,,,,,,,
12,10,"08/19/06 00:00:00","NM",,,,,,,,,,,,,,,
13,11,"06/29/06 00:00:00","AI","85273","DCBA",,,,,,,,,,,,,
14,11,"07/23/06 00:00:00","NM",,,,,,,,,,,,,,,
15,12,"06/01/06 00:00:00","AI","86279","DCBA",,,,,,,,,,,,,
16,12,"08/12/06 00:00:00","NM",,,,,,,,,,,,,,,
17,13,"06/11/06 00:00:00","AI","85273",,,,,,,,,,,,,,
18,13,"07/11/06 00:00:00","AI","85273","JACK",,,,,,,,,,,,,
19,14,"06/08/06 00:00:00","AI","86279",,,,,,,,,,,,,,
20,14,"06/29/06 00:00:00","AI","85273","DCBA",,,,,,,,,,,,,
21,14,"07/18/06 00:00:00","NM",,,,,,,,,,,,,,,
22,15,"06/22/06 00:00:00","AI","86279","DCBA",,,,,,,,,,,,,
23,15,"08/13/06 00:00:00","NM",,,,,,,,,,,,,,,
24,15,"08/25/06 00:00:00","NM",,,,,,,,,,,,,,,
25,16,"06/14/06 00:00:00","AI","85273",,,,,,,,,,,,,,
26,17,"06/18/06 00:00:00","AI","83283","DCBA",,,,,,,,,,,,,
27,18,"07/01/06 00:00:00","AI","85273","BOB",,,,,,,,,,,,,
28,19,"06/19/06 00:00:00","AI","83283","DCBA",,,,,,,,,,,,,
29,20,"06/11/06 00:00:00","AI","85203",,,,,,,,,,,,,,
30,20,"07/05/06 00:00:00","AI","86279","BOB",,,,,,,,,,,,,
31,24,"06/29/06 00:00:00","AI","85273","DCBA",,,,,,,,,,,,,
32,24,"08/14/06 00:00:00","NM",,,,,,,,,,,,,,,
33,25,"06/11/06 00:00:00","AI","85203",,,,,,,,,,,,,,
34,25,"06/12/06 00:00:00","AI","85203","DCBA",,,,,,,,,,,,,
35,25,"07/22/06 00:00:00","NM",,,,,,,,,,,,,,,
36,25,"07/31/06 00:00:00","NM",,,,,,,,,,,,,,,
37,25,"08/19/06 00:00:00","NM",,,,,,,,,,,,,,,
38,26,"06/03/06 00:00:00","AI","86279",,,,,,,,,,,,,,
39,26,"06/22/06 00:00:00","AI","86219",,,,,,,,,,,,,,
40,26,"07/11/06 00:00:00","AI","85273","JACK",,,,,,,,,,,,,
41,26,"07/27/06 00:00:00","NM",,,,,,,,,,,,,,,
42,26,"08/15/06 00:00:00","NM",,,,,,,,,,,,,,,
43,27,"06/19/06 00:00:00","AI","83283","DCBA",,,,,,,,,,,,,
44,28,"06/06/06 00:00:00","AI","83283",,,,,,,,,,,,,,
45,28,"06/27/06 00:00:00","AI","85203","DCBA",,,,,,,,,,,,,
46,28,"07/23/06 00:00:00","NM",,,,,,,,,,,,,,,
47,28,"08/07/06 00:00:00","NM",,,,,,,,,,,,,,,
48,28,"08/29/06 00:00:00","NM",,,,,,,,,,,,,,,
49,29,"06/04/06 00:00:00","AI","84264","DCBA",,,,,,,,,,,,,
50,30,"06/21/06 00:00:00","AI","86279","DCBA",,,,,,,,,,,,,
51,30,"07/13/06 00:00:00","NM",,,,,,,,,,,,,,,
52,30,"08/02/06 00:00:00","NM",,,,,,,,,,,,,,,
53,30,"08/22/06 00:00:00","NM",,,,,,,,,,,,,,,
54,32,"06/01/06 00:00:00","AI","86279",,,,,,,,,,,,,,
55,32,"06/20/06 00:00:00","AI","85273",,,,,,,,,,,,,,
56,32,"06/23/06 00:00:00","AI","86279",,,,,,,,,,,,,,
57,32,"08/29/06 00:00:00","NM",,,,,,,,,,,,,,,
58,33,"06/16/06 00:00:00","AI","85273",,,,,,,,,,,,,,
59,33,"07/07/06 00:00:00","AI","86279","DCBA",,,,,,,,,,,,,
60,33,"07/29/06 00:00:00","NM",,,,,,,,,,,,,,,
61,33,"08/19/06 00:00:00","NM",,,,,,,,,,,,,,,
62,34,"06/13/06 00:00:00","AI","85268","DCBA",,,,,,,,,,,,,
63,34,"07/30/06 00:00:00","NM",,,,,,,,,,,,,,,
64,35,"06/06/06 00:00:00","AI","83283",,,,,,,,,,,,,,
65,35,"06/30/06 00:00:00","AI","85273","DCBA",,,,,,,,,,,,,
66,35,"08/22/06 00:00:00","NM",,,,,,,,,,,,,,,
67,36,"06/26/06 00:00:00","AI","85203","DCBA",,,,,,,,,,,,,
68,36,"07/15/06 00:00:00","NM",,,,,,,,,,,,,,,
69,36,"07/18/06 00:00:00","NM",,,,,,,,,,,,,,,
70,36,"08/07/06 00:00:00","NM",,,,,,,,,,,,,,,
71,38,"06/15/06 00:00:00","AI","85273",,,,,,,,,,,,,,
72,38,"07/07/06 00:00:00","AI","86279","DCBA",,,,,,,,,,,,,
73,38,"07/29/06 00:00:00","NM",,,,,,,,,,,,,,,
74,38,"08/19/06 00:00:00","NM",,,,,,,,,,,,,,,
75,51,"06/05/07 00:00:00","AI","86279","DCBA",,,,,,,,,,,,,
76,65,"06/07/08 00:00:00","AI","88241","DCBA",,,,,,,,,,,,,
77,65,"06/10/07 00:00:00","AI","87208","DCBA",,,,,,,,,,,,,
78,65,"06/22/06 00:00:00","AI","86219",,,,,,,,,,,,,,
79,65,"06/30/06 00:00:00","AI","85273","DCBA",,,,,,,,,,,,,
80,65,"07/23/06 00:00:00","NM",,,,,,,,,,,,,,,
81,66,"06/21/07 00:00:00","AI","87224","DCBA",,,,,,,,,,,,,
82,66,"07/12/07 00:00:00","AI","88225","SAM",,,,,,,,,,,,,
83,66,"06/14/06 00:00:00","AI","85203",,,,,,,,,,,,,,
84,67,"06/13/08 00:00:00","AI","88225","DCBA",,,,,,,,,,,,,
85,67,"06/23/07 00:00:00","AI","87224","DCBA",,,,,,,,,,,,,
86,67,"07/15/07 00:00:00","NM","000000",,,,,,,,,,,,,,
87,67,"06/19/06 00:00:00","AI","83283",,,,,,,,,,,,,,
88,67,"06/20/06 00:00:00","AI","85264",,,,,,,,,,,,,,
89,67,"07/11/06 00:00:00","AI","85273","JACK",,,,,,,,,,,,,
90,67,"07/31/06 00:00:00","NM",,,,,,,,,,,,,,,
91,67,"08/01/06 00:00:00","NM",,,,,,,,,,,,,,,
92,68,"07/30/07 00:00:00","NM","000000",,,,,,,,,,,,,,
93,68,"06/28/06 00:00:00","AI","85203","DCBA",,,,,,,,,,,,,
94,68,"08/01/06 00:00:00","NM",,,,,,,,,,,,,,,
95,69,"06/02/07 00:00:00","AI","87208","DCBA",,,,,,,,,,,,,
96,69,"06/12/06 00:00:00","AI","85203","DCBA",,,,,,,,,,,,,
97,69,"06/14/06 00:00:00","AI","85273",,,,,,,,,,,,,,
98,69,"08/05/06 00:00:00","NM",,,,,,,,,,,,,,,
99,70,"06/04/08 00:00:00","AI","87203","DCBA",,,,,,,,,,,,,
100,70,"06/16/07 00:00:00","AI","87224","DCBA",,,,,,,,,,,,,
101,70,"06/09/06 00:00:00","AI","86279","DCBA",,,,,,,,,,,,,
102,71,"06/05/08 00:00:00","AI","88241","DCBA",,,,,,,,,,,,,
103,71,"06/11/08 00:00:00","AI","88225","DCBA",,,,,,,,,,,,,
104,71,"06/29/07 00:00:00","AI","87224","DCBA",,,,,,,,,,,,,
105,71,"07/16/07 00:00:00","NM","000000",,,,,,,,,,,,,,
106,71,"06/06/06 00:00:00","AI","83283",,,,,,,,,,,,,,
107,72,"06/01/07 00:00:00","AI","87224","DCBA",,,,,,,,,,,,,
108,72,"06/25/07 00:00:00","AI","87224","DCBA",,,,,,,,,,,,,
109,72,"06/05/06 00:00:00","AI","83283",,,,,,,,,,,,,,
110,73,"06/23/07 00:00:00","AI","87224","DCBA",,,,,,,,,,,,,
111,73,"07/16/07 00:00:00","NM","000000",,,,,,,,,,,,,,
112,73,"08/12/07 00:00:00","NM","000000",,,,,,,,,,,,,,
113,73,"06/10/06 00:00:00","AI","86279","DCBA",,,,,,,,,,,,,
114,74,"06/04/08 00:00:00","AI","87203","DCBA",,,,,,,,,,,,,
115,74,"06/12/07 00:00:00","AI","87203","FRED",,,,,,,,,,,,,
116,74,"07/02/07 00:00:00","AI","87224","DCBA",,,,,,,,,,,,,
117,74,"06/21/06 00:00:00","AI","86279","DCBA",,,,,,,,,,,,,
118,75,"06/11/07 00:00:00","AI","86279","JILL",,,,,,,,,,,,,
119,75,"06/06/06 00:00:00","AI","83283",,,,,,,,,,,,,,
120,76,"06/17/07 00:00:00","AI","87224","DCBA",,,,,,,,,,,,,
121,76,"07/20/07 00:00:00","NM","000000",,,,,,,,,,,,,,
122,76,"08/04/07 00:00:00","NM","000000",,,,,,,,,,,,,,
123,76,"06/04/06 00:00:00","AI","83283","DCBA",,,,,,,,,,,,,
124,77,"06/02/07 00:00:00","AI","87208","DCBA",,,,,,,,,,,,,
125,77,"07/18/07 00:00:00","NM","000000",,,,,,,,,,,,,,
126,77,"06/18/06 00:00:00","AI","83283","DCBA",,,,,,,,,,,,,
127,78,"06/06/07 00:00:00","AI","87224","DCBA",,,,,,,,,,,,,
128,78,"06/09/06 00:00:00","AI","86279",,,,,,,,,,,,,,
129,78,"07/03/06 00:00:00","AI","83283","BOB",,,,,,,,,,,,,
130,78,"08/18/06 00:00:00","NM",,,,,,,,,,,,,,,
131,79,"06/29/07 00:00:00","AI","87224","DCBA",,,,,,,,,,,,,
132,79,"07/22/07 00:00:00","NM","000000",,,,,,,,,,,,,,
133,79,"06/27/06 00:00:00","AI","85203","DCBA",,,,,,,,,,,,,
134,79,"07/23/06 00:00:00","NM",,,,,,,,,,,,,,,
135,79,"08/13/06 00:00:00","NM",,,,,,,,,,,,,,,
136,80,"06/03/07 00:00:00","AI","87203","DCBA",,,,,,,,,,,,,
137,80,"06/20/06 00:00:00","AI","85264","DCBA",,,,,,,,,,,,,
138,80,"07/15/06 00:00:00","NM",,,,,,,,,,,,,,,
139,81,"06/01/08 00:00:00","AI","88269","DCBA",,,,,,,,,,,,,
140,81,"06/21/07 00:00:00","AI","87268","DCBA",,,,,,,,,,,,,
141,81,"08/10/07 00:00:00","NM","000000",,,,,,,,,,,,,,
142,81,"08/15/07 00:00:00","NM","000000",,,,,,,,,,,,,,
143,81,"06/13/06 00:00:00","AI","85203",,,,,,,,,,,,,,
144,81,"07/04/06 00:00:00","AI","83283","BOB",,,,,,,,,,,,,
145,81,"07/27/06 00:00:00","NM",,,,,,,,,,,,,,,
146,81,"08/21/06 00:00:00","NM",,,,,,,,,,,,,,,
147,82,"06/01/07 00:00:00","AI","87224","DCBA",,,,,,,,,,,,,
148,82,"06/21/07 00:00:00","AI","87224","DCBA",,,,,,,,,,,,,
149,82,"07/09/07 00:00:00","AI","88269","DCBA",,,,,,,,,,,,,
150,82,"08/05/07 00:00:00","NM","000000",,,,,,,,,,,,,,
151,82,"06/25/06 00:00:00","AI","85203","DCBA",,,,,,,,,,,,,
152,82,"07/16/06 00:00:00","NM",,,,,,,,,,,,,,,
153,82,"08/08/06 00:00:00","NM",,,,,,,,,,,,,,,
154,83,"06/06/08 00:00:00","AI","88241","DCBA",,,,,,,,,,,,,
155,83,"06/07/07 00:00:00","AI","87224","DCBA",,,,,,,,,,,,,
156,83,"07/02/07 00:00:00","AI","87224","DCBA",,,,,,,,,,,,,
157,83,"07/22/07 00:00:00","NM","000000",,,,,,,,,,,,,,
158,83,"06/15/06 00:00:00","AI","85273",,,,,,,,,,,,,,
159,84,"06/19/07 00:00:00","AI","87203","DCBA",,,,,,,,,,,,,
160,84,"07/10/07 00:00:00","AI","88225","DCBA",,,,,,,,,,,,,
161,84,"08/03/07 00:00:00","NM","000000",,,,,,,,,,,,,,
162,84,"06/16/06 00:00:00","AI","85273",,,,,,,,,,,,,,
163,85,"06/04/07 00:00:00","AI","87268","DCBA",,,,,,,,,,,,,
164,85,"06/25/07 00:00:00","AI","87224","DCBA",,,,,,,,,,,,,
165,85,"07/19/07 00:00:00","NM","000000",,,,,,,,,,,,,,
166,85,"08/07/07 00:00:00","NM","000000",,,,,,,,,,,,,,
167,85,"10/30/07 00:00:00","NM",,,,,,,,,,,,,,,
168,85,"06/14/06 00:00:00","AI","85273",,,,,,,,,,,,,,
169,85,"08/21/06 00:00:00","NM",,,,,,,,,,,,,,,
170,86,"07/02/07 00:00:00","AI","87224","DCBA",,,,,,,,,,,,,
171,86,"08/14/07 00:00:00","NM","000000",,,,,,,,,,,,,,
172,86,"06/23/06 00:00:00","AI","86279","DCBA",,,,,,,,,,,,,
173,87,"07/04/06 00:00:00","AI","83283","BOB",,,,,,,,,,,,,
174,88,"07/09/07 00:00:00","AI","88269","DCBA",,,,,,,,,,,,,
175,88,"07/25/07 00:00:00","NM","000000",,,,,,,,,,,,,,
176,88,"07/30/07 00:00:00","NM","000000",,,,,,,,,,,,,,
177,88,"07/06/06 00:00:00","AI","86279","DCBA",,,,,,,,,,,,,
178,89,"06/11/07 00:00:00","AI","86279","JILL",,,,,,,,,,,,,
179,89,"07/03/07 00:00:00","AI","87203","DCBA",,,,,,,,,,,,,
180,89,"06/19/06 00:00:00","AI","83283","DCBA",,,,,,,,,,,,,
181,90,"06/14/07 00:00:00","AI","87203","DCBA",,,,,,,,,,,,,
182,90,"06/05/06 00:00:00","AI","86279","DCBA",,,,,,,,,,,,,
183,90,"06/06/06 00:00:00","AI","86202","DCBA",,,,,,,,,,,,,
184,91,"06/05/07 00:00:00","AI","87224","DCBA",,,,,,,,,,,,,
185,91,"06/27/07 00:00:00","AI","87268","DCBA",,,,,,,,,,,,,
186,91,"07/21/07 00:00:00","NM","000000",,,,,,,,,,,,,,
187,91,"06/22/06 00:00:00","AI","86279","DCBA",,,,,,,,,,,,,
188,92,"06/21/07 00:00:00","AI","87224","DCBA",,,,,,,,,,,,,
189,92,"07/16/07 00:00:00","NM","000000",,,,,,,,,,,,,,
190,92,"08/13/07 00:00:00","NM","000000",,,,,,,,,,,,,,
191,92,"06/05/06 00:00:00","AI","86279","DCBA",,,,,,,,,,,,,
192,93,"06/03/07 00:00:00","AI","87203","DCBA",,,,,,,,,,,,,
193,93,"06/21/07 00:00:00","AI","87224","DCBA",,,,,,,,,,,,,
194,93,"07/24/07 00:00:00","NM","000000",,,,,,,,,,,,,,
195,93,"08/15/07 00:00:00","NM","000000",,,,,,,,,,,,,,
196,93,"06/16/06 00:00:00","AI","85273",,,,,,,,,,,,,,
197,93,"07/09/06 00:00:00","AI","85273","JACK",,,,,,,,,,,,,
198,94,"06/20/07 00:00:00","AI","87203","DCBA",,,,,,,,,,,,,
199,94,"06/05/06 00:00:00","AI","83283",,,,,,,,,,,,,,
200,94,"06/28/06 00:00:00","AI","85203","DCBA",,,,,,,,,,,,,
201,94,"07/19/06 00:00:00","NM",,,,,,,,,,,,,,,
202,95,"06/23/07 00:00:00","AI","87224","DCBA",,,,,,,,,,,,,
203,95,"06/16/06 00:00:00","AI","85273",,,,,,,,,,,,,,
204,96,"07/30/07 00:00:00","NM","000000",,,,,,,,,,,,,,
205,96,"06/17/06 00:00:00","AI","83283",,,,,,,,,,,,,,
206,96,"06/27/06 00:00:00","AI","85203","DCBA",,,,,,,,,,,,,
207,96,"07/17/06 00:00:00","NM",,,,,,,,,,,,,,,
208,97,"07/02/07 00:00:00","AI","87224","DCBA",,,,,,,,,,,,,
209,97,"06/14/06 00:00:00","AI","85273",,,,,,,,,,,,,,
210,98,"06/18/07 00:00:00","AI","87224","DCBA",,,,,,,,,,,,,
211,98,"07/09/07 00:00:00","AI","88269","DCBA",,,,,,,,,,,,,
212,98,"06/13/06 00:00:00","AI","85268","DCBA",,,,,,,,,,,,,
213,99,"06/03/07 00:00:00","AI","87203","DCBA",,,,,,,,,,,,,
214,99,"06/04/07 00:00:00","AI","87268","DCBA",,,,,,,,,,,,,
215,99,"06/08/06 00:00:00","AI","86279","DCBA",,,,,,,,,,,,,
216,100,"06/03/07 00:00:00","AI","87203","DCBA",,,,,,,,,,,,,
217,100,"07/06/07 00:00:00","AI","87224","DCBA",,,,,,,,,,,,,
218,100,"11/01/07 00:00:00","NM",,,,,,,,,,,,,,,
219,100,"06/06/06 00:00:00","AI","83283",,,,,,,,,,,,,,
220,100,"07/21/06 00:00:00","NM",,,,,,,,,,,,,,,
221,101,"06/21/08 00:00:00","AI",,"DCBA",,,,,,,,,,,,,
222,101,"06/24/08 00:00:00","AI","88241","DCBA",,,,,,,,,,,,,
223,101,"07/11/08 00:00:00","AI","88269","DCBA",,,,,,,,,,,,,
224,101,"06/05/07 00:00:00","AI","87224","DCBA",,,,,,,,,,,,,
225,101,"08/03/07 00:00:00","NM","000000",,,,,,,,,,,,,,
226,101,"06/06/06 00:00:00","AI","83283",,,,,,,,,,,,,,
227,101,"08/30/06 00:00:00","NM",,,,,,,,,,,,,,,
228,102,"06/05/06 00:00:00","AI","83283",,,,,,,,,,,,,,
229,102,"07/14/06 00:00:00","NM",,,,,,,,,,,,,,,
230,103,"06/10/08 00:00:00","AI","87203","DCBA",,,,,,,,,,,,,
231,103,"07/25/08 00:00:00","NM",,,,,,,,,,,,,,,
232,103,"06/13/07 00:00:00","AI","87203","DCBA",,,,,,,,,,,,,
233,103,"07/08/07 00:00:00","AI","88269","DCBA",,,,,,,,,,,,,
234,103,"07/20/07 00:00:00","NM","000000",,,,,,,,,,,,,,
235,103,"06/08/06 00:00:00","AI","86279","DCBA",,,,,,,,,,,,,
236,104,"06/25/07 00:00:00","AI","87224","DCBA",,,,,,,,,,,,,
237,104,"07/18/07 00:00:00","NM","000000",,,,,,,,,,,,,,
238,104,"06/09/06 00:00:00","AI","86279","DCBA",,,,,,,,,,,,,
239,104,"07/30/06 00:00:00","NM",,,,,,,,,,,,,,,
240,105,"06/22/08 00:00:00","AI","88241","DCBA",,,,,,,,,,,,,
241,105,"07/13/08 00:00:00","NM",,,,,,,,,,,,,,,
242,105,"11/04/08 00:00:00","AI","89294","EDCB",,,,,,,,,,,,,
243,105,"06/13/07 00:00:00","AI","87203","DCBA",,,,,,,,,,,,,
244,105,"07/02/07 00:00:00","AI","87224","DCBA",,,,,,,,,,,,,
245,105,"07/23/07 00:00:00","NM","000000",,,,,,,,,,,,,,
246,105,"06/19/06 00:00:00","AI","83283",,,,,,,,,,,,,,
247,105,"07/09/06 00:00:00","AI","85273","JACK",,,,,,,,,,,,,
248,105,"07/30/06 00:00:00","NM",,,,,,,,,,,,,,,
249,106,"06/20/07 00:00:00","AI","87203","DCBA",,,,,,,,,,,,,
250,106,"06/03/06 00:00:00","AI","86279","DCBA",,,,,,,,,,,,,
251,107,"06/16/07 00:00:00","AI","87224","DCBA",,,,,,,,,,,,,
252,107,"07/14/07 00:00:00","NM","000000",,,,,,,,,,,,,,
253,107,"07/12/06 00:00:00","AI","85273","JACK",,,,,,,,,,,,,
254,107,"08/01/06 00:00:00","NM",,,,,,,,,,,,,,,
255,108,"06/01/08 00:00:00","AI",,"DCBA",,,,,,,,,,,,,
256,108,"06/21/08 00:00:00","AI","87203","DCBA",,,,,,,,,,,,,
257,108,"07/12/08 00:00:00","AI","88241","DCBA",,,,,,,,,,,,,
258,108,"06/02/07 00:00:00","AI","87208","DCBA",,,,,,,,,,,,,
259,108,"06/21/07 00:00:00","AI","87224","DCBA",,,,,,,,,,,,,
260,108,"07/31/07 00:00:00","NM","000000",,,,,,,,,,,,,,
261,108,"06/19/06 00:00:00","AI","83283",,,,,,,,,,,,,,
262,108,"06/25/06 00:00:00","AI","85203",,,,,,,,,,,,,,
263,108,"07/07/06 00:00:00","AI","86279","DCBA",,,,,,,,,,,,,
264,108,"07/27/06 00:00:00","NM",,,,,,,,,,,,,,,
265,109,"06/13/08 00:00:00","AI","88225","DCBA",,,,,,,,,,,,,
266,109,"06/23/08 00:00:00","AI","88241","DCBA",,,,,,,,,,,,,
267,109,"06/21/07 00:00:00","AI","87224","DCBA",,,,,,,,,,,,,
268,109,"08/03/07 00:00:00","NM","000000",,,,,,,,,,,,,,
269,109,"08/23/07 00:00:00","NM","000000",,,,,,,,,,,,,,
270,109,"06/17/06 00:00:00","AI","83283",,,,,,,,,,,,,,
271,109,"07/09/06 00:00:00","AI","85273","JACK",,,,,,,,,,,,,
272,109,"07/30/06 00:00:00","NM",,,,,,,,,,,,,,,
273,110,"06/11/08 00:00:00","AI",,"DCBA",,,,,,,,,,,,,
274,110,"07/09/08 00:00:00","AI","88225","DCBA",,,,,,,,,,,,,
275,110,"11/04/08 00:00:00","AI","89294","EDCB",,,,,,,,,,,,,
276,111,"06/15/08 00:00:00","AI","88269","DCBA",,,,,,,,,,,,,
277,111,"06/01/07 00:00:00","AI","87224","DCBA",,,,,,,,,,,,,
278,111,"06/02/06 00:00:00","AI","86279","DCBA",,,,,,,,,,,,,
279,111,"08/22/06 00:00:00","NM",,,,,,,,,,,,,,,
280,112,"06/06/08 00:00:00","AI",,"DCBA",,,,,,,,,,,,,
281,112,"06/21/08 00:00:00","AI",,"DCBA",,,,,,,,,,,,,
282,112,"07/08/08 00:00:00","AI","87203","DCBA",,,,,,,,,,,,,
283,112,"11/04/08 00:00:00","AI","89294","EDCB",,,,,,,,,,,,,
284,112,"06/03/07 00:00:00","AI","87203","DCBA",,,,,,,,,,,,,
285,112,"06/04/06 00:00:00","AI","83283","DCBA",,,,,,,,,,,,,
286,112,"06/05/06 00:00:00","AI","86279","DCBA",,,,,,,,,,,,,
287,113,"06/19/07 00:00:00","AI","87203","DCBA",,,,,,,,,,,,,
288,113,"06/20/06 00:00:00","AI","85273","DCBA",,,,,,,,,,,,,
289,114,"06/12/08 00:00:00","AI","88225","DCBA",,,,,,,,,,,,,
290,114,"07/07/08 00:00:00","AI","87203","DCBA",,,,,,,,,,,,,
291,114,"07/26/08 00:00:00","NM",,,,,,,,,,,,,,,
292,114,"06/20/07 00:00:00","AI","87203","DCBA",,,,,,,,,,,,,
293,114,"06/18/06 00:00:00","AI","83283","DCBA",,,,,,,,,,,,,
294,115,"06/09/08 00:00:00","AI",,"DCBA",,,,,,,,,,,,,
295,115,"06/30/08 00:00:00","AI","88225","DCBA",,,,,,,,,,,,,
296,115,"07/23/08 00:00:00","NM",,,,,,,,,,,,,,,
297,115,"11/04/08 00:00:00","AI","89294","EDCB",,,,,,,,,,,,,
298,115,"06/28/07 00:00:00","AI","87268","DCBA",,,,,,,,,,,,,
299,115,"06/15/06 00:00:00","AI","85273",,,,,,,,,,,,,,
300,116,"06/04/08 00:00:00","AI","88241","DCBA",,,,,,,,,,,,,
301,116,"06/27/08 00:00:00","AI","88269","DCBA",,,,,,,,,,,,,
302,116,"06/06/07 00:00:00","AI","87224","DCBA",,,,,,,,,,,,,
303,116,"07/30/07 00:00:00","NM","000000",,,,,,,,,,,,,,
304,116,"06/13/06 00:00:00","AI","85268","DCBA",,,,,,,,,,,,,
305,116,"07/30/06 00:00:00","NM",,,,,,,,,,,,,,,
306,117,"06/19/08 00:00:00","AI",,"DCBA",,,,,,,,,,,,,
307,117,"07/10/08 00:00:00","AI","88225","DCBA",,,,,,,,,,,,,
308,117,"11/04/08 00:00:00","AI","89294","EDCB",,,,,,,,,,,,,
309,117,"06/11/07 00:00:00","AI","86279","JILL",,,,,,,,,,,,,
310,117,"06/12/07 00:00:00","AI","87203","FRED",,,,,,,,,,,,,
311,117,"06/05/06 00:00:00","AI","86279","DCBA",,,,,,,,,,,,,
312,117,"06/06/06 00:00:00","AI","86202","DCBA",,,,,,,,,,,,,
313,118,"07/15/07 00:00:00","NM","000000",,,,,,,,,,,,,,
314,118,"08/14/07 00:00:00","NM","000000",,,,,,,,,,,,,,
315,118,"06/06/06 00:00:00","AI","86202","DCBA",,,,,,,,,,,,,
316,119,"06/07/08 00:00:00","AI",,"DCBA",,,,,,,,,,,,,
317,119,"06/23/08 00:00:00","AI","88241","DCBA",,,,,,,,,,,,,
318,119,"07/15/08 00:00:00","NM",,,,,,,,,,,,,,,
319,119,"11/05/08 00:00:00","AI","87224","EDCB",,,,,,,,,,,,,
320,119,"06/14/07 00:00:00","AI","87203","DCBA",,,,,,,,,,,,,
321,119,"06/14/06 00:00:00","AI","85273",,,,,,,,,,,,,,
322,119,"07/08/06 00:00:00","AI","86279","DDVB",,,,,,,,,,,,,
323,120,"06/14/08 00:00:00","AI","88225","DCBA",,,,,,,,,,,,,
324,120,"07/26/08 00:00:00","NM",,,,,,,,,,,,,,,
325,120,"06/02/07 00:00:00","AI","87208","DCBA",,,,,,,,,,,,,
326,120,"07/04/07 00:00:00","AI","87268","DCBA",,,,,,,,,,,,,
327,120,"06/08/06 00:00:00","AI","86279",,,,,,,,,,,,,,
328,120,"06/28/06 00:00:00","AI","85203","DCBA",,,,,,,,,,,,,
329,120,"07/23/06 00:00:00","NM",,,,,,,,,,,,,,,
330,121,"06/24/07 00:00:00","AI","87224","DCBA",,,,,,,,,,,,,
331,121,"06/18/06 00:00:00","AI","83283","DCBA",,,,,,,,,,,,,
332,121,"07/14/06 00:00:00","NM",,,,,,,,,,,,,,,
333,121,"08/25/06 00:00:00","NM",,,,,,,,,,,,,,,
334,122,"06/09/08 00:00:00","AI","87203","DCBA",,,,,,,,,,,,,
335,122,"06/25/07 00:00:00","AI","87224","DCBA",,,,,,,,,,,,,
336,122,"06/20/06 00:00:00","AI","85273","DCBA",,,,,,,,,,,,,
337,123,"06/27/08 00:00:00","AI","88269","DCBA",,,,,,,,,,,,,
338,123,"07/17/08 00:00:00","NM",,,,,,,,,,,,,,,
339,123,"11/04/08 00:00:00","AI","89294","EDCB",,,,,,,,,,,,,
340,123,"06/03/07 00:00:00","AI","87203","DCBA",,,,,,,,,,,,,
341,123,"06/04/06 00:00:00","AI","84264","DCBA",,,,,,,,,,,,,
342,124,"06/20/08 00:00:00","AI",,"DCBA",,,,,,,,,,,,,
343,124,"07/09/08 00:00:00","AI","88225","DCBA",,,,,,,,,,,,,
344,124,"07/26/08 00:00:00","NM",,,,,,,,,,,,,,,
345,124,"11/04/08 00:00:00","AI","89294","EDCB",,,,,,,,,,,,,
346,124,"06/11/07 00:00:00","AI","86279","JILL",,,,,,,,,,,,,
347,124,"07/03/07 00:00:00","AI","87203","DCBA",,,,,,,,,,,,,
348,124,"07/11/07 00:00:00","AI","88225","DCBA",,,,,,,,,,,,,
349,124,"07/28/07 00:00:00","NM","000000",,,,,,,,,,,,,,
350,124,"08/18/07 00:00:00","NM","000000",,,,,,,,,,,,,,
351,124,"06/13/06 00:00:00","AI","85203",,,,,,,,,,,,,,
352,124,"07/02/06 00:00:00","AI","83283","BOB",,,,,,,,,,,,,
353,124,"07/23/06 00:00:00","NM",,,,,,,,,,,,,,,
354,125,"06/02/07 00:00:00","AI","87208","DCBA",,,,,,,,,,,,,
355,125,"06/04/06 00:00:00","AI","85264","DCBA",,,,,,,,,,,,,
356,126,"06/08/08 00:00:00","AI","88241","DCBA",,,,,,,,,,,,,
357,126,"06/29/08 00:00:00","AI","88225","DCBA",,,,,,,,,,,,,
358,126,"06/09/07 00:00:00","AI","87233","DCBA",,,,,,,,,,,,,
359,126,"06/05/06 00:00:00","AI","86279","DCBA",,,,,,,,,,,,,
360,127,"06/04/08 00:00:00","AI","88241","DCBA",,,,,,,,,,,,,
361,127,"11/04/08 00:00:00","AI","89294","EDCB",,,,,,,,,,,,,
362,127,"06/17/07 00:00:00","AI","87224","DCBA",,,,,,,,,,,,,
363,127,"06/05/06 00:00:00","AI","83283",,,,,,,,,,,,,,
364,127,"06/27/06 00:00:00","AI","85203","DCBA",,,,,,,,,,,,,
365,128,"06/11/08 00:00:00","AI","88225","DCBA",,,,,,,,,,,,,
366,128,"07/04/08 00:00:00","AI","88269","DCBA",,,,,,,,,,,,,
367,128,"07/26/08 00:00:00","NM",,,,,,,,,,,,,,,
368,128,"06/04/07 00:00:00","AI","87268","DCBA",,,,,,,,,,,,,
369,128,"06/06/06 00:00:00","AI","83283",,,,,,,,,,,,,,
370,128,"06/30/06 00:00:00","AI","85273","DCBA",,,,,,,,,,,,,
371,129,"06/04/08 00:00:00","AI",,"DCBA",,,,,,,,,,,,,
372,129,"06/27/08 00:00:00","AI","88269","DCBA",,,,,,,,,,,,,
373,129,"07/14/08 00:00:00","NM",,,,,,,,,,,,,,,
374,129,"11/05/08 00:00:00","AI","87224","EDCB",,,,,,,,,,,,,
375,129,"06/04/07 00:00:00","AI","87208","DCBA",,,,,,,,,,,,,
376,129,"06/06/06 00:00:00","AI","86202","DCBA",,,,,,,,,,,,,
377,130,"06/10/08 00:00:00","AI",,"DCBA",,,,,,,,,,,,,
378,130,"06/22/08 00:00:00","AI","88241","DCBA",,,,,,,,,,,,,
379,130,"07/13/08 00:00:00","NM",,,,,,,,,,,,,,,
380,130,"11/05/08 00:00:00","AI","87224","EDCB",,,,,,,,,,,,,
381,130,"06/05/07 00:00:00","AI","86279","DCBA",,,,,,,,,,,,,
382,131,"07/03/08 00:00:00","AI","88269","DCBA",,,,,,,,,,,,,
383,131,"06/05/07 00:00:00","AI","86279","DCBA",,,,,,,,,,,,,
384,132,"06/03/08 00:00:00","AI",,"DCBA",,,,,,,,,,,,,
385,132,"06/22/08 00:00:00","AI","88241","DCBA",,,,,,,,,,,,,
386,132,"11/04/08 00:00:00","AI","89294","EDCB",,,,,,,,,,,,,
387,132,"06/07/07 00:00:00","AI","87224","DCBA",,,,,,,,,,,,,
388,132,"06/25/06 00:00:00","AI","85203","DCBA",,,,,,,,,,,,,
389,133,"06/04/08 00:00:00","AI","87203","DCBA",,,,,,,,,,,,,
390,133,"06/27/08 00:00:00","AI","88269","DCBA",,,,,,,,,,,,,
391,133,"06/04/07 00:00:00","AI","87233","DCBA",,,,,,,,,,,,,
392,134,"06/01/08 00:00:00","AI","88269","DCBA",,,,,,,,,,,,,
393,134,"06/03/07 00:00:00","AI","87203","DCBA",,,,,,,,,,,,,
394,134,"06/03/06 00:00:00","AI","86279","DCBA",,,,,,,,,,,,,
395,135,"06/24/08 00:00:00","AI","88241","DCBA",,,,,,,,,,,,,
396,135,"06/25/08 00:00:00","AI","88269","DCBA",,,,,,,,,,,,,
397,135,"07/19/08 00:00:00","NM",,,,,,,,,,,,,,,
398,135,"06/01/07 00:00:00","AI","87224","DCBA",,,,,,,,,,,,,
399,135,"06/17/07 00:00:00","AI","87224","DCBA",,,,,,,,,,,,,
400,135,"07/08/07 00:00:00","AI","88269","DCBA",,,,,,,,,,,,,
401,135,"07/30/07 00:00:00","NM","000000",,,,,,,,,,,,,,
402,135,"06/03/06 00:00:00","AI","86279",,,,,,,,,,,,,,
403,135,"06/26/06 00:00:00","AI","85203","DCBA",,,,,,,,,,,,,
404,136,"06/13/08 00:00:00","AI","88225","DCBA",,,,,,,,,,,,,
405,136,"07/03/08 00:00:00","AI","88269","DCBA",,,,,,,,,,,,,
406,136,"06/12/07 00:00:00","AI","87203","FRED",,,,,,,,,,,,,
407,136,"07/02/07 00:00:00","AI","87224","DCBA",,,,,,,,,,,,,
408,136,"07/20/07 00:00:00","NM","000000",,,,,,,,,,,,,,
409,136,"06/07/06 00:00:00","AI","83283",,,,,,,,,,,,,,
410,137,"06/05/07 00:00:00","AI","87224","DCBA",,,,,,,,,,,,,
411,137,"06/22/07 00:00:00","AI","87224","DCBA",,,,,,,,,,,,,
412,137,"07/13/07 00:00:00","AI","87224","DCBA",,,,,,,,,,,,,
413,137,"07/28/07 00:00:00","NM","000000",,,,,,,,,,,,,,
414,137,"06/06/06 00:00:00","AI","83283",,,,,,,,,,,,,,
415,138,"06/22/08 00:00:00","AI","88241","DCBA",,,,,,,,,,,,,
416,138,"07/13/08 00:00:00","NM",,,,,,,,,,,,,,,
417,138,"11/04/08 00:00:00","AI","89294","EDCB",,,,,,,,,,,,,
418,138,"06/03/07 00:00:00","AI","86279","DCBA",,,,,,,,,,,,,
419,139,"06/14/07 00:00:00","AI","87203","DCBA",,,,,,,,,,,,,
420,139,"06/21/06 00:00:00","AI","86279","DCBA",,,,,,,,,,,,,
421,140,"06/04/08 00:00:00","AI","88241","DCBA",,,,,,,,,,,,,
422,140,"06/08/07 00:00:00","AI","87268","DCBA",,,,,,,,,,,,,
423,140,"06/26/07 00:00:00","AI","87203","DCBA",,,,,,,,,,,,,
424,140,"07/23/07 00:00:00","NM","000000",,,,,,,,,,,,,,
425,140,"06/05/06 00:00:00","AI","83283",,,,,,,,,,,,,,
426,140,"06/25/06 00:00:00","AI","85203","DCBA",,,,,,,,,,,,,
427,140,"07/14/06 00:00:00","NM",,,,,,,,,,,,,,,
428,141,"06/03/08 00:00:00","AI","88269","DCBA",,,,,,,,,,,,,
429,141,"11/04/08 00:00:00","AI","89294","EDCB",,,,,,,,,,,,,
430,141,"06/14/07 00:00:00","AI","87203","DCBA",,,,,,,,,,,,,
431,141,"07/04/07 00:00:00","AI","87268","DCBA",,,,,,,,,,,,,
432,141,"06/01/06 00:00:00","AI","86279",,,,,,,,,,,,,,
433,141,"06/21/06 00:00:00","AI","86279","DCBA",,,,,,,,,,,,,
434,142,"06/24/08 00:00:00","AI","88241","DCBA",,,,,,,,,,,,,
435,142,"07/18/08 00:00:00","NM",,,,,,,,,,,,,,,
436,142,"11/04/08 00:00:00","AI","89294","EDCB",,,,,,,,,,,,,
437,142,"06/04/07 00:00:00","AI","87268","DCBA",,,,,,,,,,,,,
438,143,"06/01/08 00:00:00","AI","88269","DCBA",,,,,,,,,,,,,
439,143,"06/19/08 00:00:00","AI","87203","DCBA",,,,,,,,,,,,,
440,143,"06/14/07 00:00:00","AI","87203","DCBA",,,,,,,,,,,,,
441,143,"06/26/06 00:00:00","AI","85203","DCBA",,,,,,,,,,,,,
442,144,"06/02/08 00:00:00","AI",,"DCBA",,,,,,,,,,,,,
443,144,"06/11/08 00:00:00","AI",,"DCBA",,,,,,,,,,,,,
444,144,"06/27/08 00:00:00","AI",,"DCBA",,,,,,,,,,,,,
445,144,"07/12/08 00:00:00","AI","88241","DCBA",,,,,,,,,,,,,
446,144,"11/04/08 00:00:00","AI","89294","EDCB",,,,,,,,,,,,,
447,144,"06/10/07 00:00:00","AI","87208","DCBA",,,,,,,,,,,,,
448,144,"06/06/06 00:00:00","AI","86202","DCBA",,,,,,,,,,,,,
449,145,"06/18/08 00:00:00","AI","87203","DCBA",,,,,,,,,,,,,
450,145,"06/20/07 00:00:00","AI","87203","DCBA",,,,,,,,,,,,,
451,145,"06/06/06 00:00:00","AI","83283",,,,,,,,,,,,,,
452,146,"06/12/08 00:00:00","AI","88225","DCBA",,,,,,,,,,,,,
453,146,"07/16/08 00:00:00","NM",,,,,,,,,,,,,,,
454,146,"11/04/08 00:00:00","AI","89294","EDCB",,,,,,,,,,,,,
455,146,"06/02/07 00:00:00","AI","87208","DCBA",,,,,,,,,,,,,
456,146,"06/10/06 00:00:00","AI","86279",,,,,,,,,,,,,,
457,146,"07/01/06 00:00:00","AI","85273","BOB",,,,,,,,,,,,,
458,146,"08/12/06 00:00:00","NM",,,,,,,,,,,,,,,
459,147,"11/04/08 00:00:00","AI","89294","EDCB",,,,,,,,,,,,,
460,147,"06/15/07 00:00:00","AI","87233","DCBA",,,,,,,,,,,,,
461,147,"08/12/07 00:00:00","NM","000000",,,,,,,,,,,,,,
462,147,"06/04/06 00:00:00","AI","85264","DCBA",,,,,,,,,,,,,
463,148,"06/05/07 00:00:00","AI","87233","DCBA",,,,,,,,,,,,,
464,149,"06/11/08 00:00:00","AI","88225","DCBA",,,,,,,,,,,,,
465,149,"07/01/08 00:00:00","AI","88225","DCBA",,,,,,,,,,,,,
466,149,"07/09/07 00:00:00","AI","88269","DCBA",,,,,,,,,,,,,
467,149,"06/14/06 00:00:00","AI","85273",,,,,,,,,,,,,,
468,149,"06/20/06 00:00:00","AI","85264",,,,,,,,,,,,,,
469,149,"06/22/06 00:00:00","AI","86219",,,,,,,,,,,,,,
470,149,"07/05/06 00:00:00","AI","86279",,,,,,,,,,,,,,
471,150,"06/04/08 00:00:00","AI",,"DCBA",,,,,,,,,,,,,
472,150,"06/25/08 00:00:00","AI","88269","DCBA",,,,,,,,,,,,,
473,150,"07/16/08 00:00:00","NM",,,,,,,,,,,,,,,
474,150,"11/04/08 00:00:00","AI","89294","EDCB",,,,,,,,,,,,,
475,150,"06/08/07 00:00:00","AI","87268","DCBA",,,,,,,,,,,,,
476,150,"06/18/07 00:00:00","AI","87224","DCBA",,,,,,,,,,,,,
477,150,"07/03/07 00:00:00","AI","87203","DCBA",,,,,,,,,,,,,
478,150,"07/24/07 00:00:00","NM","000000",,,,,,,,,,,,,,
479,150,"06/18/06 00:00:00","AI","83283",,,,,,,,,,,,,,
480,150,"07/09/06 00:00:00","AI","85273",,,,,,,,,,,,,,
481,151,"06/12/08 00:00:00","AI","88225","DCBA",,,,,,,,,,,,,
482,151,"07/04/08 00:00:00","AI","88269","DCBA",,,,,,,,,,,,,
483,151,"07/24/08 00:00:00","NM",,,,,,,,,,,,,,,
484,151,"11/04/08 00:00:00","AI","89294","EDCB",,,,,,,,,,,,,
485,151,"06/05/07 00:00:00","AI","87224","DCBA",,,,,,,,,,,,,
486,151,"08/08/06 00:00:00","NM",,,,,,,,,,,,,,,
487,152,"06/09/08 00:00:00","AI",,"DCBA",,,,,,,,,,,,,
488,152,"06/11/08 00:00:00","AI",,"DCBA",,,,,,,,,,,,,
489,152,"06/30/08 00:00:00","AI","88225","DCBA",,,,,,,,,,,,,
490,152,"07/21/08 00:00:00","NM",,,,,,,,,,,,,,,
491,152,"11/04/08 00:00:00","AI","89294","EDCB",,,,,,,,,,,,,
492,152,"06/08/07 00:00:00","AI","87268","DCBA",,,,,,,,,,,,,
493,152,"06/04/06 00:00:00","AI","85264","DCBA",,,,,,,,,,,,,
494,154,"06/11/08 00:00:00","AI",,"DCBA",,,,,,,,,,,,,
495,154,"06/12/08 00:00:00","AI","88225","DCBA",,,,,,,,,,,,,
496,154,"07/02/08 00:00:00","AI","88269","DCBA",,,,,,,,,,,,,
497,154,"07/23/08 00:00:00","NM",,,,,,,,,,,,,,,
498,154,"06/15/07 00:00:00","AI","87233","DCBA",,,,,,,,,,,,,
499,154,"06/05/06 00:00:00","AI","83283",,,,,,,,,,,,,,
500,154,"06/24/06 00:00:00","AI","86279","DCBA",,,,,,,,,,,,,
501,155,"06/23/08 00:00:00","AI",,"DCBA",,,,,,,,,,,,,
502,155,"06/24/08 00:00:00","AI","88241","DCBA",,,,,,,,,,,,,
503,155,"07/17/08 00:00:00","NM",,,,,,,,,,,,,,,
504,155,"11/04/08 00:00:00","AI","89294","EDCB",,,,,,,,,,,,,
505,155,"06/17/07 00:00:00","AI","87224","DCBA",,,,,,,,,,,,,
506,155,"06/22/06 00:00:00","AI","86279","DCBA",,,,,,,,,,,,,
507,156,"06/18/08 00:00:00","AI",,"DCBA",,,,,,,,,,,,,
508,156,"07/08/08 00:00:00","AI","87203","DCBA",,,,,,,,,,,,,
509,156,"11/04/08 00:00:00","AI","89294","EDCB",,,,,,,,,,,,,
510,156,"06/16/07 00:00:00","AI","87224","DCBA",,,,,,,,,,,,,
511,156,"07/07/07 00:00:00","AI","87224","DCBA",,,,,,,,,,,,,
512,156,"06/04/06 00:00:00","AI","84264","DCBA",,,,,,,,,,,,,
513,157,"11/04/08 00:00:00","AI","89294","EDCB",,,,,,,,,,,,,
514,158,"06/17/08 00:00:00","AI","88269","DCBA",,,,,,,,,,,,,
515,158,"06/24/07 00:00:00","AI","87224","DCBA",,,,,,,,,,,,,
516,158,"06/03/06 00:00:00","AI","86279",,,,,,,,,,,,,,
517,158,"06/27/06 00:00:00","AI","85203","DCBA",,,,,,,,,,,,,
518,159,"06/22/08 00:00:00","AI","88241","DCBA",,,,,,,,,,,,,
519,159,"11/04/08 00:00:00","AI","89294","EDCB",,,,,,,,,,,,,
520,159,"06/05/07 00:00:00","AI","86279","DCBA",,,,,,,,,,,,,
521,160,"06/20/08 00:00:00","AI","87203","DCBA",,,,,,,,,,,,,
522,160,"06/21/08 00:00:00","AI","87203","DCBA",,,,,,,,,,,,,
523,160,"06/15/07 00:00:00","AI","87233","DCBA",,,,,,,,,,,,,
524,160,"06/16/06 00:00:00","AI","85273",,,,,,,,,,,,,,
525,160,"06/19/06 00:00:00","AI","83283",,,,,,,,,,,,,,
526,161,"06/07/08 00:00:00","AI",,"DCBA",,,,,,,,,,,,,
527,161,"06/30/08 00:00:00","AI","88225","DCBA",,,,,,,,,,,,,
528,161,"07/19/08 00:00:00","NM",,,,,,,,,,,,,,,
529,161,"11/04/08 00:00:00","AI","89294","EDCB",,,,,,,,,,,,,
530,161,"06/18/07 00:00:00","AI","87224","DCBA",,,,,,,,,,,,,
531,161,"06/10/06 00:00:00","AI","86279","DCBA",,,,,,,,,,,,,
532,162,"06/03/08 00:00:00","AI","88269","DCBA",,,,,,,,,,,,,
533,163,"06/10/08 00:00:00","AI","87203","DCBA",,,,,,,,,,,,,
534,163,"07/04/08 00:00:00","AI","88269","DCBA",,,,,,,,,,,,,
535,163,"06/03/07 00:00:00","AI","87233","DCBA",,,,,,,,,,,,,
536,164,"07/13/08 00:00:00","NM",,,,,,,,,,,,,,,
537,164,"11/05/08 00:00:00","AI","87224","EDCB",,,,,,,,,,,,,
538,164,"06/02/07 00:00:00","AI","87208","DCBA",,,,,,,,,,,,,
539,164,"06/04/06 00:00:00","AI","83283","DCBA",,,,,,,,,,,,,
540,165,"06/05/06 00:00:00","AI","83283",,,,,,,,,,,,,,
543,167,"06/12/08 00:00:00","AI","88225","DCBA",,,,,,,,,,,,,
544,167,"07/03/08 00:00:00","AI","88269","DCBA",,,,,,,,,,,,,
545,167,"06/01/07 00:00:00","AI","87224","DCBA",,,,,,,,,,,,,
546,167,"06/23/07 00:00:00","AI","87224","DCBA",,,,,,,,,,,,,
547,167,"06/12/06 00:00:00","AI","85203","DCBA",,,,,,,,,,,,,
553,168,"06/03/08 00:00:00","AI","88269","DCBA",,,,,,,,,,,,,
556,169,"06/03/08 00:00:00","AI","88269","DCBA",,,,,,,,,,,,,
557,169,"06/17/07 00:00:00","AI","87224","DCBA",,,,,,,,,,,,,
558,169,"06/05/06 00:00:00","AI","86279","DCBA",,,,,,,,,,,,,
562,170,"06/02/08 00:00:00","AI","88269","DCBA",,,,,,,,,,,,,
567,171,"06/14/08 00:00:00","AI","88225","DCBA",,,,,,,,,,,,,
568,171,"07/04/08 00:00:00","AI","88269","DCBA",,,,,,,,,,,,,
569,171,"06/03/07 00:00:00","AI","87208","DCBA",,,,,,,,,,,,,
572,172,"06/03/08 00:00:00","AI","88269","DCBA",,,,,,,,,,,,,
573,172,"06/04/08 00:00:00","AI","87203","DCBA",,,,,,,,,,,,,
574,172,"07/15/08 00:00:00","NM",,,,,,,,,,,,,,,
575,172,"06/05/07 00:00:00","AI","86279","DCBA",,,,,,,,,,,,,
578,173,"06/01/08 00:00:00","AI","88269","DCBA",,,,,,,,,,,,,
579,173,"06/12/07 00:00:00","AI","87203","FRED",,,,,,,,,,,,,
580,173,"07/03/07 00:00:00","AI","87203","DCBA",,,,,,,,,,,,,
581,173,"07/22/07 00:00:00","NM","000000",,,,,,,,,,,,,,
582,173,"06/04/06 00:00:00","AI","83283","DCBA",,,,,,,,,,,,,
586,174,"06/02/08 00:00:00","AI","88269","DCBA",,,,,,,,,,,,,
591,175,"06/19/08 00:00:00","AI","87203","DCBA",,,,,,,,,,,,,
592,175,"06/03/07 00:00:00","AI","87233","DCBA",,,,,,,,,,,,,
596,176,"06/19/08 00:00:00","AI","87203","DCBA",,,,,,,,,,,,,
597,176,"07/15/08 00:00:00","NM",,,,,,,,,,,,,,,
598,176,"06/07/07 00:00:00","AI","87224","DCBA",,,,,,,,,,,,,
599,176,"06/14/06 00:00:00","AI","85273",,,,,,,,,,,,,,
600,176,"06/20/06 00:00:00","AI","85264",,,,,,,,,,,,,,
601,176,"07/04/06 00:00:00","AI","83283","BOB",,,,,,,,,,,,,
603,177,"07/06/08 00:00:00","AI","87203","DCBA",,,,,,,,,,,,,
604,177,"08/10/07 00:00:00","NM","000000",,,,,,,,,,,,,,
605,177,"06/19/06 00:00:00","AI","83283",,,,,,,,,,,,,,
606,177,"07/10/06 00:00:00","AI","85273","JACK",,,,,,,,,,,,,
612,178,"06/04/08 00:00:00","AI","88241","DCBA",,,,,,,,,,,,,
613,178,"06/10/07 00:00:00","AI","87208","DCBA",,,,,,,,,,,,,
614,178,"06/05/06 00:00:00","AI","83283",,,,,,,,,,,,,,
617,179,"06/06/08 00:00:00","AI","88241","DCBA",,,,,,,,,,,,,
618,179,"06/05/07 00:00:00","AI","86279","DCBA",,,,,,,,,,,,,
623,180,"06/04/08 00:00:00","AI","87203","DCBA",,,,,,,,,,,,,
624,180,"07/20/08 00:00:00","NM",,,,,,,,,,,,,,,
625,180,"06/03/07 00:00:00","AI","87208","DCBA",,,,,,,,,,,,,
631,181,"06/02/08 00:00:00","AI","88269","DCBA",,,,,,,,,,,,,
635,182,"06/02/08 00:00:00","AI","88269","DCBA",,,,,,,,,,,,,
639,183,"06/14/08 00:00:00","AI","88225","DCBA",,,,,,,,,,,,,
640,183,"07/05/08 00:00:00","AI","88269","DCBA",,,,,,,,,,,,,
641,183,"06/04/07 00:00:00","AI","87268","DCBA",,,,,,,,,,,,,
642,183,"06/18/06 00:00:00","AI","83283",,,,,,,,,,,,,,
643,183,"06/20/06 00:00:00","AI","85264",,,,,,,,,,,,,,
645,184,"07/14/08 00:00:00","NM",,,,,,,,,,,,,,,
646,184,"07/15/08 00:00:00","NM",,,,,,,,,,,,,,,
647,184,"07/23/08 00:00:00","NM",,,,,,,,,,,,,,,
648,184,"06/24/07 00:00:00","AI","87224","DCBA",,,,,,,,,,,,,
649,184,"07/03/07 00:00:00","AI","87203","DCBA",,,,,,,,,,,,,
650,184,"08/02/07 00:00:00","NM","000000",,,,,,,,,,,,,,
651,184,"06/05/06 00:00:00","AI","83283",,,,,,,,,,,,,,
652,184,"06/20/06 00:00:00","AI","85264",,,,,,,,,,,,,,
653,184,"07/01/06 00:00:00","AI","85273",,,,,,,,,,,,,,
655,185,"06/19/08 00:00:00","AI","87203","DCBA",,,,,,,,,,,,,
656,185,"06/04/07 00:00:00","AI","87268","DCBA",,,,,,,,,,,,,
657,185,"06/12/06 00:00:00","AI","85203","DCBA",,,,,,,,,,,,,
658,185,"07/23/06 00:00:00","NM",,,,,,,,,,,,,,,
664,186,"06/04/08 00:00:00","AI","87203","DCBA",,,,,,,,,,,,,
665,186,"06/28/08 00:00:00","AI","87284","JILL",,,,,,,,,,,,,
666,186,"06/19/07 00:00:00","AI","87203","DCBA",,,,,,,,,,,,,
667,186,"06/04/06 00:00:00","AI","84264","DCBA",,,,,,,,,,,,,
668,186,"06/19/06 00:00:00","AI","83283",,,,,,,,,,,,,,
673,187,"06/19/08 00:00:00","AI","87203","DCBA",,,,,,,,,,,,,
674,187,"06/14/07 00:00:00","AI","87203","DCBA",,,,,,,,,,,,,
675,187,"07/04/07 00:00:00","AI","87268","DCBA",,,,,,,,,,,,,
676,187,"07/23/07 00:00:00","NM","000000",,,,,,,,,,,,,,
677,187,"06/12/06 00:00:00","AI","85203","DCBA",,,,,,,,,,,,,
678,187,"08/23/06 00:00:00","NM",,,,,,,,,,,,,,,
683,188,"06/29/08 00:00:00","AI",,"DCBA",,,,,,,,,,,,,
684,188,"07/09/08 00:00:00","AI","88225","DCBA",,,,,,,,,,,,,
685,188,"07/12/08 00:00:00","AI","88241","DCBA",,,,,,,,,,,,,
686,188,"06/21/07 00:00:00","AI","87268","DCBA",,,,,,,,,,,,,
687,188,"07/14/07 00:00:00","NM","000000",,,,,,,,,,,,,,
691,189,"06/09/08 00:00:00","AI","87203","DCBA",,,,,,,,,,,,,
692,189,"06/30/08 00:00:00","AI","88225","DCBA",,,,,,,,,,,,,
693,189,"07/21/08 00:00:00","NM",,,,,,,,,,,,,,,
694,189,"06/05/07 00:00:00","AI","87224","DCBA",,,,,,,,,,,,,
695,189,"06/16/06 00:00:00","AI","85273",,,,,,,,,,,,,,
696,190,"06/11/08 00:00:00","AI","88225","DCBA",,,,,,,,,,,,,
697,190,"07/03/08 00:00:00","AI","88269","DCBA",,,,,,,,,,,,,
698,190,"06/19/07 00:00:00","AI","87203","DCBA",,,,,,,,,,,,,
699,190,"06/04/06 00:00:00","AI","84264","DCBA",,,,,,,,,,,,,
704,191,"06/02/08 00:00:00","AI",,"DCBA",,,,,,,,,,,,,
705,191,"06/22/08 00:00:00","AI","88241","DCBA",,,,,,,,,,,,,
706,191,"06/23/08 00:00:00","AI","88241","DCBA",,,,,,,,,,,,,
707,191,"06/07/07 00:00:00","AI","87224","DCBA",,,,,,,,,,,,,
708,191,"06/04/06 00:00:00","AI","85264","DCBA",,,,,,,,,,,,,
709,191,"06/05/06 00:00:00","AI","85264","DCBA",,,,,,,,,,,,,
715,192,"06/01/08 00:00:00","AI",,"DCBA",,,,,,,,,,,,,
716,192,"06/21/08 00:00:00","AI","87203","DCBA",,,,,,,,,,,,,
717,192,"07/10/08 00:00:00","AI","88225","DCBA",,,,,,,,,,,,,
718,192,"06/03/07 00:00:00","AI","87208","DCBA",,,,,,,,,,,,,
721,193,"06/02/08 00:00:00","AI","88269","DCBA",,,,,,,,,,,,,
724,194,"06/02/08 00:00:00","AI","88269","DCBA",,,,,,,,,,,,,
727,195,"06/04/08 00:00:00","AI","87203","DCBA",,,,,,,,,,,,,
728,195,"06/06/08 00:00:00","AI","88241","DCBA",,,,,,,,,,,,,
729,195,"06/09/07 00:00:00","AI","87233","DCBA",,,,,,,,,,,,,
730,195,"06/21/07 00:00:00","AI","87224","DCBA",,,,,,,,,,,,,
731,195,"06/28/07 00:00:00","NM","000000",,,,,,,,,,,,,,
737,196,"06/15/08 00:00:00","AI","88269","DCBA",,,,,,,,,,,,,
738,196,"07/05/08 00:00:00","AI","88269","DCBA",,,,,,,,,,,,,
739,196,"06/03/07 00:00:00","AI","87233","DCBA",,,,,,,,,,,,,
740,196,"06/04/07 00:00:00","AI","87233","DCBA",,,,,,,,,,,,,
746,197,"06/19/08 00:00:00","AI","87203","DCBA",,,,,,,,,,,,,
747,197,"06/19/07 00:00:00","AI","87203","DCBA",,,,,,,,,,,,,
748,197,"07/16/07 00:00:00","NM","000000",,,,,,,,,,,,,,
751,198,"06/02/08 00:00:00","AI","88269","DCBA",,,,,,,,,,,,,
755,199,"06/01/08 00:00:00","AI","88269","DCBA",,,,,,,,,,,,,
756,199,"07/09/08 00:00:00","AI","88225","DCBA",,,,,,,,,,,,,
757,199,"06/01/07 00:00:00","AI","87224","DCBA",,,,,,,,,,,,,
758,199,"06/04/06 00:00:00","AI","83283","DCBA",,,,,,,,,,,,,
763,200,"06/04/08 00:00:00","AI","87203","DCBA",,,,,,,,,,,,,
764,200,"06/24/08 00:00:00","AI","88241","DCBA",,,,,,,,,,,,,
765,200,"06/09/07 00:00:00","AI","87233","DCBA",,,,,,,,,,,,,
766,200,"06/05/06 00:00:00","AI","86279","DCBA",,,,,,,,,,,,,
770,201,"06/13/08 00:00:00","AI","88225","DCBA",,,,,,,,,,,,,
771,201,"07/04/08 00:00:00","AI","88269","DCBA",,,,,,,,,,,,,
772,201,"07/26/08 00:00:00","NM",,,,,,,,,,,,,,,
773,201,"06/04/07 00:00:00","AI","87208","DCBA",,,,,,,,,,,,,
777,202,"06/02/08 00:00:00","AI","88269","DCBA",,,,,,,,,,,,,
782,203,"06/02/08 00:00:00","AI","88269","DCBA",,,,,,,,,,,,,
787,204,"06/01/08 00:00:00","AI","88269","DCBA",,,,,,,,,,,,,
788,204,"06/21/08 00:00:00","AI","87203","DCBA",,,,,,,,,,,,,
789,204,"06/10/07 00:00:00","AI","87208","DCBA",,,,,,,,,,,,,
792,205,"06/02/08 00:00:00","AI","88269","DCBA",,,,,,,,,,,,,
795,206,"06/12/08 00:00:00","AI","88225","DCBA",,,,,,,,,,,,,
796,206,"07/06/08 00:00:00","AI","87203","DCBA",,,,,,,,,,,,,
797,206,"06/20/07 00:00:00","AI","87203","DCBA",,,,,,,,,,,,,
798,206,"07/09/07 00:00:00","AI","88269","DCBA",,,,,,,,,,,,,
799,206,"06/10/06 00:00:00","AI","86279",,,,,,,,,,,,,,
800,206,"06/29/06 00:00:00","AI","85273","DCBA",,,,,,,,,,,,,
801,206,"07/19/06 00:00:00","NM",,,,,,,,,,,,,,,
803,207,"06/10/08 00:00:00","AI","87203","DCBA",,,,,,,,,,,,,
804,207,"06/27/08 00:00:00","AI","88269","DCBA",,,,,,,,,,,,,
805,207,"06/01/07 00:00:00","AI","87224","DCBA",,,,,,,,,,,,,
806,207,"06/01/06 00:00:00","AI","86279","DCBA",,,,,,,,,,,,,
808,208,"06/13/08 00:00:00","AI","88225","DCBA",,,,,,,,,,,,,
809,208,"07/09/08 00:00:00","AI","88225","DCBA",,,,,,,,,,,,,
810,208,"06/10/07 00:00:00","AI","87208","DCBA",,,,,,,,,,,,,
811,208,"07/04/07 00:00:00","AI","87268","DCBA",,,,,,,,,,,,,
812,208,"08/14/07 00:00:00","NM","000000",,,,,,,,,,,,,,
813,208,"06/20/06 00:00:00","AI","85273","DCBA",,,,,,,,,,,,,
816,209,"06/09/08 00:00:00","AI","87203","DCBA",,,,,,,,,,,,,
817,209,"06/01/07 00:00:00","AI","87224","DCBA",,,,,,,,,,,,,
818,209,"06/16/06 00:00:00","AI","85273",,,,,,,,,,,,,,
824,210,"06/15/08 00:00:00","AI","88269","DCBA",,,,,,,,,,,,,
825,210,"07/06/08 00:00:00","AI","87203","DCBA",,,,,,,,,,,,,
826,210,"06/07/07 00:00:00","AI","87224","DCBA",,,,,,,,,,,,,
827,210,"06/05/06 00:00:00","AI","86279","DCBA",,,,,,,,,,,,,
829,211,"06/18/08 00:00:00","AI","87203","DCBA",,,,,,,,,,,,,
830,211,"06/12/07 00:00:00","AI","87203","FRED",,,,,,,,,,,,,
831,211,"07/28/07 00:00:00","NM","000000",,,,,,,,,,,,,,
832,211,"06/01/06 00:00:00","AI","86279","DCBA",,,,,,,,,,,,,
838,212,"06/13/08 00:00:00","AI","88225","DCBA",,,,,,,,,,,,,
839,212,"07/25/08 00:00:00","NM",,,,,,,,,,,,,,,
840,212,"06/19/07 00:00:00","AI","87203","DCBA",,,,,,,,,,,,,
841,212,"07/15/07 00:00:00","NM","000000",,,,,,,,,,,,,,
842,212,"06/11/06 00:00:00","AI","85203",,,,,,,,,,,,,,
843,212,"07/02/06 00:00:00","AI","83283","BOB",,,,,,,,,,,,,
844,212,"07/24/06 00:00:00","NM",,,,,,,,,,,,,,,
849,213,"07/01/08 00:00:00","AI","88225","DCBA",,,,,,,,,,,,,
850,213,"06/14/07 00:00:00","AI","87203","DCBA",,,,,,,,,,,,,
851,213,"06/01/06 00:00:00","AI","86279","DCBA",,,,,,,,,,,,,
854,214,"06/10/08 00:00:00","AI","87203","DCBA",,,,,,,,,,,,,
855,214,"06/30/08 00:00:00","AI","88225","DCBA",,,,,,,,,,,,,
856,214,"06/14/07 00:00:00","AI","87203","DCBA",,,,,,,,,,,,,
857,214,"07/05/07 00:00:00","AI","87203","DCBA",,,,,,,,,,,,,
858,214,"06/18/06 00:00:00","AI","83283","DCBA",,,,,,,,,,,,,
859,214,"07/28/06 00:00:00","NM",,,,,,,,,,,,,,,
862,215,"06/10/08 00:00:00","AI","87203","DCBA",,,,,,,,,,,,,
863,215,"07/03/08 00:00:00","AI","88269","DCBA",,,,,,,,,,,,,
864,215,"06/17/07 00:00:00","AI","87224","DCBA",,,,,,,,,,,,,
865,215,"07/11/07 00:00:00","AI","88225","DCBA",,,,,,,,,,,,,
866,215,"08/03/07 00:00:00","NM","000000",,,,,,,,,,,,,,
874,216,"06/14/08 00:00:00","AI","88225","DCBA",,,,,,,,,,,,,
875,216,"07/06/08 00:00:00","AI","87203","DCBA",,,,,,,,,,,,,
876,216,"06/15/07 00:00:00","AI","87233","DCBA",,,,,,,,,,,,,
877,216,"06/12/06 00:00:00","AI","85203","DCBA",,,,,,,,,,,,,
883,217,"06/26/08 00:00:00","AI","88269","DCBA",,,,,,,,,,,,,
884,217,"06/14/07 00:00:00","AI","87203","DCBA",,,,,,,,,,,,,
885,217,"06/14/06 00:00:00","AI","85273",,,,,,,,,,,,,,
887,218,"06/11/08 00:00:00","AI","88225","DCBA",,,,,,,,,,,,,
888,218,"07/04/08 00:00:00","AI","88269","DCBA",,,,,,,,,,,,,
889,218,"06/15/07 00:00:00","AI","87233","DCBA",,,,,,,,,,,,,
890,218,"07/04/07 00:00:00","AI","87268","DCBA",,,,,,,,,,,,,
891,218,"07/25/07 00:00:00","NM","000000",,,,,,,,,,,,,,
892,218,"08/14/07 00:00:00","NM","000000",,,,,,,,,,,,,,
893,218,"06/09/06 00:00:00","AI","86279","DCBA",,,,,,,,,,,,,
894,219,"06/03/08 00:00:00","AI","88269","DCBA",,,,,,,,,,,,,
897,220,"06/18/08 00:00:00","AI","87203","DCBA",,,,,,,,,,,,,
898,220,"06/04/07 00:00:00","AI","87268","DCBA",,,,,,,,,,,,,
899,220,"06/09/06 00:00:00","AI","86279",,,,,,,,,,,,,,
900,220,"06/10/06 00:00:00","AI","86279","DCBA",,,,,,,,,,,,,
903,221,"06/01/08 00:00:00","AI","88269","DCBA",,,,,,,,,,,,,
904,221,"06/19/07 00:00:00","AI","87203","DCBA",,,,,,,,,,,,,
905,221,"06/04/06 00:00:00","AI","83283","DCBA",,,,,,,,,,,,,
908,222,"06/04/08 00:00:00","AI","87203","DCBA",,,,,,,,,,,,,
909,222,"06/25/08 00:00:00","AI","88269","DCBA",,,,,,,,,,,,,
910,222,"06/12/07 00:00:00","AI","87203","FRED",,,,,,,,,,,,,
911,222,"06/17/06 00:00:00","AI","83283",,,,,,,,,,,,,,
912,222,"07/08/06 00:00:00","AI","86279","DDVB",,,,,,,,,,,,,
915,223,"06/21/08 00:00:00","AI","87203","DCBA",,,,,,,,,,,,,
916,223,"06/03/07 00:00:00","AI","87208","DCBA",,,,,,,,,,,,,
919,224,"06/18/08 00:00:00","AI","87203","DCBA",,,,,,,,,,,,,
920,224,"06/01/07 00:00:00","AI","87224","DCBA",,,,,,,,,,,,,
921,224,"06/23/07 00:00:00","AI","87224","DCBA",,,,,,,,,,,,,
922,224,"06/23/06 00:00:00","AI","86279","DCBA",,,,,,,,,,,,,
923,224,"08/28/06 00:00:00","NM",,,,,,,,,,,,,,,
928,225,"06/15/08 00:00:00","AI","88269","DCBA",,,,,,,,,,,,,
929,225,"06/05/07 00:00:00","AI","87233","DCBA",,,,,,,,,,,,,
933,226,"06/19/08 00:00:00","AI","87203","DCBA",,,,,,,,,,,,,
934,226,"06/03/07 00:00:00","AI","86279","DCBA",,,,,,,,,,,,,
935,226,"06/06/06 00:00:00","AI","86202","DCBA",,,,,,,,,,,,,
940,227,"07/03/08 00:00:00","AI","88269","DCBA",,,,,,,,,,,,,
941,227,"06/03/07 00:00:00","AI","87233","DCBA",,,,,,,,,,,,,
945,228,"06/03/08 00:00:00","AI","88269","DCBA",,,,,,,,,,,,,
946,228,"06/24/08 00:00:00","AI","88241","DCBA",,,,,,,,,,,,,
947,228,"07/14/08 00:00:00","NM",,,,,,,,,,,,,,,
948,228,"06/14/07 00:00:00","AI","87203","DCBA",,,,,,,,,,,,,
949,228,"07/03/07 00:00:00","AI","87203","DCBA",,,,,,,,,,,,,
950,228,"07/22/07 00:00:00","NM","000000",,,,,,,,,,,,,,
951,228,"06/06/06 00:00:00","AI","86202","DCBA",,,,,,,,,,,,,
954,229,"06/14/08 00:00:00","AI","88225","DCBA",,,,,,,,,,,,,
955,229,"07/05/08 00:00:00","AI","88269","DCBA",,,,,,,,,,,,,
956,229,"07/26/08 00:00:00","NM",,,,,,,,,,,,,,,
957,229,"06/02/07 00:00:00","AI","87208","DCBA",,,,,,,,,,,,,
958,229,"06/23/07 00:00:00","AI","87224","DCBA",,,,,,,,,,,,,
959,229,"06/21/06 00:00:00","AI","86279","DCBA",,,,,,,,,,,,,
961,230,"06/04/08 00:00:00","AI","87203","DCBA",,,,,,,,,,,,,
962,230,"06/22/07 00:00:00","AI","87224","DCBA",,,,,,,,,,,,,
963,230,"06/03/06 00:00:00","AI","86279",,,,,,,,,,,,,,
964,230,"06/27/06 00:00:00","AI","85203","DCBA",,,,,,,,,,,,,
969,231,"06/02/08 00:00:00","AI","88269","DCBA",,,,,,,,,,,,,
971,232,"06/02/08 00:00:00","AI","88269","DCBA",,,,,,,,,,,,,
974,233,"06/15/08 00:00:00","AI","88269","DCBA",,,,,,,,,,,,,
977,234,"06/19/08 00:00:00","AI","87203","DCBA",,,,,,,,,,,,,
978,234,"06/03/07 00:00:00","AI","87203","DCBA",,,,,,,,,,,,,
979,234,"06/25/07 00:00:00","AI","87224","DCBA",,,,,,,,,,,,,
980,234,"06/21/06 00:00:00","AI","86279","DCBA",,,,,,,,,,,,,
984,235,"07/05/08 00:00:00","NM",,,,,,,,,,,,,,,
988,236,"06/18/08 00:00:00","AI","87203","DCBA",,,,,,,,,,,,,
989,236,"07/10/08 00:00:00","AI","88225","DCBA",,,,,,,,,,,,,
992,237,"06/01/08 00:00:00","AI",,"DCBA",,,,,,,,,,,,,
993,237,"06/14/08 00:00:00","AI","88225","DCBA",,,,,,,,,,,,,
994,237,"07/03/08 00:00:00","AI","88269","DCBA",,,,,,,,,,,,,
995,237,"06/05/07 00:00:00","AI","87224","DCBA",,,,,,,,,,,,,
996,237,"07/13/07 00:00:00","AI","87224","DCBA",,,,,,,,,,,,,
997,237,"06/05/06 00:00:00","AI","83283",,,,,,,,,,,,,,
1000,238,"06/25/08 00:00:00","AI","88269","DCBA",,,,,,,,,,,,,
1001,238,"06/15/07 00:00:00","AI","87233","DCBA",,,,,,,,,,,,,
1002,238,"06/04/06 00:00:00","AI","85264","DCBA",,,,,,,,,,,,,
1003,238,"06/05/06 00:00:00","AI","85264","DCBA",,,,,,,,,,,,,
1005,239,"06/21/08 00:00:00","AI","87203","DCBA",,,,,,,,,,,,,
1006,239,"07/11/08 00:00:00","AI","88269","DCBA",,,,,,,,,,,,,
1007,239,"06/06/07 00:00:00","AI","87224","DCBA",,,,,,,,,,,,,
1008,239,"06/04/06 00:00:00","AI","84264","DCBA",,,,,,,,,,,,,
1011,240,"06/03/08 00:00:00","AI","88269","DCBA",,,,,,,,,,,,,
1012,240,"06/19/07 00:00:00","AI","87203","DCBA",,,,,,,,,,,,,
1013,240,"08/17/06 00:00:00","NM",,,,,,,,,,,,,,,
1017,241,"07/05/08 00:00:00","AI","88269","DCBA",,,,,,,,,,,,,
1018,241,"06/05/07 00:00:00","AI",,"DCBA",,,,,,,,,,,,,
1019,241,"06/20/07 00:00:00","AI","87203","DCBA",,,,,,,,,,,,,
1020,241,"06/29/07 00:00:00","AI","87224","DCBA",,,,,,,,,,,,,
1021,241,"06/02/06 00:00:00","AI","85273",,,,,,,,,,,,,,
1022,241,"06/20/06 00:00:00","AI","86279",,,,,,,,,,,,,,
1023,241,"07/11/06 00:00:00","AI","85273","JACK",,,,,,,,,,,,,
1024,241,"07/31/06 00:00:00","NM",,,,,,,,,,,,,,,
1027,242,"06/03/08 00:00:00","AI","88269","DCBA",,,,,,,,,,,,,
1030,243,"06/02/08 00:00:00","AI","88269","DCBA",,,,,,,,,,,,,
1039,244,"06/10/08 00:00:00","AI","87203","DCBA",,,,,,,,,,,,,
1040,244,"06/18/08 00:00:00","AI","87203","DCBA",,,,,,,,,,,,,
1041,244,"06/14/07 00:00:00","AI","87203","DCBA",,,,,,,,,,,,,
1042,244,"07/05/07 00:00:00","AI","87203","DCBA",,,,,,,,,,,,,
1043,244,"06/12/06 00:00:00","AI","85203","DCBA",,,,,,,,,,,,,
1044,244,"07/22/06 00:00:00","NM",,,,,,,,,,,,,,,
1046,245,"06/06/08 00:00:00","AI","88241","DCBA",,,,,,,,,,,,,
1047,245,"06/07/08 00:00:00","AI","88241","DCBA",,,,,,,,,,,,,
1048,245,"06/16/07 00:00:00","AI","87224","DCBA",,,,,,,,,,,,,
1049,245,"07/16/07 00:00:00","NM","000000",,,,,,,,,,,,,,
1050,245,"08/03/07 00:00:00","NM","000000",,,,,,,,,,,,,,
1051,245,"06/02/06 00:00:00","AI","86279",,,,,,,,,,,,,,
1052,245,"06/20/06 00:00:00","AI","85273","DCBA",,,,,,,,,,,,,
1053,245,"07/20/06 00:00:00","NM",,,,,,,,,,,,,,,
1061,246,"06/02/08 00:00:00","AI","88269","DCBA",,,,,,,,,,,,,
1065,248,"06/11/08 00:00:00","AI","88225","DCBA",,,,,,,,,,,,,
1066,248,"07/24/08 00:00:00","NM",,,,,,,,,,,,,,,
1067,248,"06/18/07 00:00:00","AI","87224","DCBA",,,,,,,,,,,,,
1068,248,"06/19/07 00:00:00","AI","87203","DCBA",,,,,,,,,,,,,
1069,248,"07/28/07 00:00:00","NM","000000",,,,,,,,,,,,,,
1070,248,"06/28/06 00:00:00","AI","85203","DCBA",,,,,,,,,,,,,
1072,249,"06/19/08 00:00:00","AI","87203","DCBA",,,,,,,,,,,,,
1073,249,"06/03/07 00:00:00","AI","87203","DCBA",,,,,,,,,,,,,
1074,249,"06/04/06 00:00:00","AI","85264","DCBA",,,,,,,,,,,,,
1075,249,"06/05/06 00:00:00","AI","85264","DCBA",,,,,,,,,,,,,
1078,250,"06/06/08 00:00:00","AI","88241","DCBA",,,,,,,,,,,,,
1079,250,"06/17/08 00:00:00","AI","88269","DCBA",,,,,,,,,,,,,
1080,250,"06/06/07 00:00:00","AI","87224","DCBA",,,,,,,,,,,,,
1081,250,"06/09/07 00:00:00","AI","87233","DCBA",,,,,,,,,,,,,
1082,250,"07/26/07 00:00:00","NM","000000",,,,,,,,,,,,,,
1083,250,"06/04/06 00:00:00","AI","83283","DCBA",,,,,,,,,,,,,
1084,250,"06/05/06 00:00:00","AI","85264","DCBA",,,,,,,,,,,,,
1086,251,"06/01/08 00:00:00","AI","88269","DCBA",,,,,,,,,,,,,
1087,251,"06/17/07 00:00:00","AI","87224","DCBA",,,,,,,,,,,,,
1088,251,"06/15/06 00:00:00","AI","85273",,,,,,,,,,,,,,
1089,251,"07/06/06 00:00:00","AI","86279","DCBA",,,,,,,,,,,,,
1094,252,"06/02/08 00:00:00","AI","88269","DCBA",,,,,,,,,,,,,
1096,253,"06/04/08 00:00:00","AI","88241","DCBA",,,,,,,,,,,,,
1097,253,"06/03/07 00:00:00","AI","87233","DCBA",,,,,,,,,,,,,
1098,253,"06/04/07 00:00:00","AI","87233","DCBA",,,,,,,,,,,,,
1103,254,"06/03/08 00:00:00","AI",,"DCBA",,,,,,,,,,,,,
1104,254,"06/08/08 00:00:00","AI","88241","DCBA",,,,,,,,,,,,,
1105,254,"06/28/08 00:00:00","AI","87284","JILL",,,,,,,,,,,,,
1106,254,"07/19/08 00:00:00","NM",,,,,,,,,,,,,,,
1107,254,"06/06/07 00:00:00","AI","87224","DCBA",,,,,,,,,,,,,
1108,254,"06/28/07 00:00:00","NM","000000",,,,,,,,,,,,,,
1109,254,"07/21/07 00:00:00","NM","000000",,,,,,,,,,,,,,
1110,254,"06/04/06 00:00:00","AI","85264","DCBA",,,,,,,,,,,,,
1113,255,"06/10/08 00:00:00","AI","87203","DCBA",,,,,,,,,,,,,
1114,255,"06/02/07 00:00:00","AI","87208","DCBA",,,,,,,,,,,,,
1115,255,"06/04/06 00:00:00","AI","85264","DCBA",,,,,,,,,,,,,
1116,255,"06/05/06 00:00:00","AI","86279","DCBA",,,,,,,,,,,,,
1120,256,"06/04/08 00:00:00","AI","88241","DCBA",,,,,,,,,,,,,
1121,256,"06/06/07 00:00:00","AI","87224","DCBA",,,,,,,,,,,,,
1122,256,"06/06/06 00:00:00","AI","86202","DCBA",,,,,,,,,,,,,
1129,257,"06/04/08 00:00:00","AI","87203","DCBA",,,,,,,,,,,,,
1130,257,"06/28/08 00:00:00","AI","87284","JILL",,,,,,,,,,,,,
1131,257,"06/16/07 00:00:00","AI","87224","DCBA",,,,,,,,,,,,,
1132,257,"07/06/07 00:00:00","AI","87224","DCBA",,,,,,,,,,,,,
1133,257,"06/04/06 00:00:00","AI","85264","DCBA",,,,,,,,,,,,,
1137,258,"06/04/08 00:00:00","AI","88241","DCBA",,,,,,,,,,,,,
1138,258,"06/05/06 00:00:00","AI","86279","DCBA",,,,,,,,,,,,,
1139,258,"06/06/06 00:00:00","AI","86202","DCBA",,,,,,,,,,,,,
1142,259,"06/04/08 00:00:00","AI","88241","DCBA",,,,,,,,,,,,,
1143,259,"07/10/08 00:00:00","AI","88225","DCBA",,,,,,,,,,,,,
1144,259,"06/04/07 00:00:00","AI","87208","DCBA",,,,,,,,,,,,,
1148,260,"06/03/08 00:00:00","AI","88269","DCBA",,,,,,,,,,,,,
1151,261,"06/09/08 00:00:00","AI",,"DCBA",,,,,,,,,,,,,
1152,261,"06/28/08 00:00:00","AI","87284","JILL",,,,,,,,,,,,,
1153,261,"06/29/08 00:00:00","AI","88225","DCBA",,,,,,,,,,,,,
1154,261,"07/18/08 00:00:00","NM",,,,,,,,,,,,,,,
1155,261,"06/04/07 00:00:00","AI","87268","DCBA",,,,,,,,,,,,,
1156,261,"06/04/06 00:00:00","AI","83283","DCBA",,,,,,,,,,,,,
1157,261,"06/06/06 00:00:00","AI","86202","DCBA",,,,,,,,,,,,,
1159,262,"06/19/08 00:00:00","AI","87203","DCBA",,,,,,,,,,,,,
1160,262,"06/16/07 00:00:00","AI","87224","DCBA",,,,,,,,,,,,,
1161,262,"06/15/06 00:00:00","AI","85273",,,,,,,,,,,,,,
1162,262,"06/16/06 00:00:00","AI","85273",,,,,,,,,,,,,,
1165,263,"06/09/08 00:00:00","AI","87203","DCBA",,,,,,,,,,,,,
1166,263,"06/29/08 00:00:00","AI","88225","DCBA",,,,,,,,,,,,,
1167,263,"06/17/07 00:00:00","AI","87224","DCBA",,,,,,,,,,,,,
1168,263,"07/07/07 00:00:00","AI","87224","DCBA",,,,,,,,,,,,,
1169,263,"06/15/06 00:00:00","AI","85273",,,,,,,,,,,,,,
1174,264,"06/05/08 00:00:00","AI","88241","DCBA",,,,,,,,,,,,,
1175,264,"06/24/08 00:00:00","AI","88241","DCBA",,,,,,,,,,,,,
1176,264,"07/13/08 00:00:00","NM",,,,,,,,,,,,,,,
1177,264,"06/10/07 00:00:00","AI","87208","DCBA",,,,,,,,,,,,,
1178,264,"06/04/06 00:00:00","AI","83283","DCBA",,,,,,,,,,,,,
1184,265,"06/06/08 00:00:00","AI","88241","DCBA",,,,,,,,,,,,,
1185,265,"07/15/08 00:00:00","NM",,,,,,,,,,,,,,,
1186,265,"06/15/07 00:00:00","AI","87233","DCBA",,,,,,,,,,,,,
1187,265,"06/04/06 00:00:00","AI","83283","DCBA",,,,,,,,,,,,,
1188,265,"06/05/06 00:00:00","AI","83283","DCBA",,,,,,,,,,,,,
1191,266,"06/14/08 00:00:00","AI","88225","DCBA",,,,,,,,,,,,,
1192,266,"06/24/08 00:00:00","AI","88241","DCBA",,,,,,,,,,,,,
1193,266,"07/18/08 00:00:00","NM",,,,,,,,,,,,,,,
1194,266,"06/14/07 00:00:00","AI","87203","DCBA",,,,,,,,,,,,,
1197,267,"06/14/08 00:00:00","AI","88225","DCBA",,,,,,,,,,,,,
1198,267,"07/05/08 00:00:00","AI","88269","DCBA",,,,,,,,,,,,,
1199,267,"06/20/07 00:00:00","AI","87203","DCBA",,,,,,,,,,,,,
1200,267,"06/04/06 00:00:00","AI","85264","DCBA",,,,,,,,,,,,,
1203,268,"06/25/08 00:00:00","AI","88269","DCBA",,,,,,,,,,,,,
1204,268,"07/14/08 00:00:00","NM",,,,,,,,,,,,,,,
1205,268,"06/13/07 00:00:00","AI","87203","DCBA",,,,,,,,,,,,,
1206,268,"06/05/06 00:00:00","AI","86279","DCBA",,,,,,,,,,,,,
1209,269,"06/02/08 00:00:00","AI","88269","DCBA",,,,,,,,,,,,,
1214,270,"06/17/08 00:00:00","AI","88269","DCBA",,,,,,,,,,,,,
1215,270,"06/03/07 00:00:00","AI","86279","DCBA",,,,,,,,,,,,,
1216,270,"06/05/06 00:00:00","AI","86279","DCBA",,,,,,,,,,,,,
1224,271,"06/01/08 00:00:00","AI","88269","DCBA",,,,,,,,,,,,,
1225,271,"06/18/07 00:00:00","AI","87224","DCBA",,,,,,,,,,,,,
1226,271,"07/08/07 00:00:00","AI","88269","DCBA",,,,,,,,,,,,,
1227,271,"06/28/06 00:00:00","AI","85203","DCBA",,,,,,,,,,,,,
1228,271,"07/16/06 00:00:00","NM",,,,,,,,,,,,,,,
1231,272,"06/08/08 00:00:00","AI","88241","DCBA",,,,,,,,,,,,,
1232,272,"06/04/07 00:00:00","AI","87208","DCBA",,,,,,,,,,,,,
1236,273,"06/13/08 00:00:00","AI","88225","DCBA",,,,,,,,,,,,,
1237,273,"07/05/08 00:00:00","AI","88269","DCBA",,,,,,,,,,,,,
1238,273,"06/03/07 00:00:00","AI","87208","DCBA",,,,,,,,,,,,,
1239,273,"06/04/07 00:00:00","AI","87208","DCBA",,,,,,,,,,,,,
1242,274,"06/18/08 00:00:00","AI","87203","DCBA",,,,,,,,,,,,,
1243,274,"07/07/08 00:00:00","AI","87203","DCBA",,,,,,,,,,,,,
1244,274,"06/04/07 00:00:00","AI","87208","DCBA",,,,,,,,,,,,,
1245,275,"06/04/08 00:00:00","AI","88241","DCBA",,,,,,,,,,,,,
1246,275,"06/03/07 00:00:00","AI","86279","DCBA",,,,,,,,,,,,,
1247,275,"06/04/07 00:00:00","AI","86279","DCBA",,,,,,,,,,,,,
1251,276,"06/14/08 00:00:00","AI","88225","DCBA",,,,,,,,,,,,,
1252,276,"07/04/08 00:00:00","AI","88269","DCBA",,,,,,,,,,,,,
1253,276,"06/04/07 00:00:00","AI","87208","DCBA",,,,,,,,,,,,,
1256,277,"06/07/08 00:00:00","AI",,"DCBA",,,,,,,,,,,,,
1257,277,"06/27/08 00:00:00","AI","88269","DCBA",,,,,,,,,,,,,
1258,277,"06/29/08 00:00:00","AI","88225","DCBA",,,,,,,,,,,,,
1259,277,"06/03/07 00:00:00","AI","86279","DCBA",,,,,,,,,,,,,
1265,278,"06/16/08 00:00:00","AI","88269","DCBA",,,,,,,,,,,,,
1266,278,"07/08/08 00:00:00","AI","87203","DCBA",,,,,,,,,,,,,
1267,278,"06/03/07 00:00:00","AI","87233","DCBA",,,,,,,,,,,,,
1268,278,"06/04/07 00:00:00","AI","87233","DCBA",,,,,,,,,,,,,
1271,279,"06/04/08 00:00:00","AI","88241","DCBA",,,,,,,,,,,,,
1272,279,"06/16/07 00:00:00","AI","87224","DCBA",,,,,,,,,,,,,
1273,279,"06/11/06 00:00:00","AI","85203",,,,,,,,,,,,,,
1274,279,"06/29/06 00:00:00","AI","85273","DCBA",,,,,,,,,,,,,
1275,279,"07/19/06 00:00:00","NM",,,,,,,,,,,,,,,
1276,279,"08/08/06 00:00:00","NM",,,,,,,,,,,,,,,
1277,280,"06/16/08 00:00:00","AI","88269","DCBA",,,,,,,,,,,,,
1278,280,"06/14/07 00:00:00","AI","87203","DCBA",,,,,,,,,,,,,
1279,280,"06/04/06 00:00:00","AI","84264","DCBA",,,,,,,,,,,,,
1283,281,"06/04/08 00:00:00","AI","87203","DCBA",,,,,,,,,,,,,
1284,281,"06/05/07 00:00:00","AI","86279","DCBA",,,,,,,,,,,,,
1289,282,"06/08/08 00:00:00","AI",,"DCBA",,,,,,,,,,,,,
1290,282,"06/17/08 00:00:00","AI","88269","DCBA",,,,,,,,,,,,,
1291,282,"06/29/08 00:00:00","AI","88225","DCBA",,,,,,,,,,,,,
1292,282,"06/03/07 00:00:00","AI","87208","DCBA",,,,,,,,,,,,,
1294,283,"06/15/08 00:00:00","AI","88269","DCBA",,,,,,,,,,,,,
1295,283,"06/05/07 00:00:00","AI","86279","DCBA",,,,,,,,,,,,,
1298,284,"06/08/08 00:00:00","AI","88241","DCBA",,,,,,,,,,,,,
1299,284,"07/04/08 00:00:00","AI","88269","DCBA",,,,,,,,,,,,,
1300,284,"06/03/07 00:00:00","AI","86279","DCBA",,,,,,,,,,,,,
1306,285,"06/02/08 00:00:00","AI","88269","DCBA",,,,,,,,,,,,,
1310,286,"06/17/08 00:00:00","AI","88269","DCBA",,,,,,,,,,,,,
1311,286,"07/12/08 00:00:00","AI","88241","DCBA",,,,,,,,,,,,,
1312,286,"06/03/07 00:00:00","AI","87208","DCBA",,,,,,,,,,,,,
1313,286,"06/04/07 00:00:00","AI","87208","DCBA",,,,,,,,,,,,,
1317,287,"06/08/08 00:00:00","AI","88241","DCBA",,,,,,,,,,,,,
1318,287,"06/28/08 00:00:00","AI","87284","JILL",,,,,,,,,,,,,
1319,287,"06/03/07 00:00:00","AI","87208","DCBA",,,,,,,,,,,,,
1321,288,"06/03/08 00:00:00","AI","88269","DCBA",,,,,,,,,,,,,
1322,288,"06/16/07 00:00:00","AI","87224","DCBA",,,,,,,,,,,,,
1323,288,"06/11/06 00:00:00","AI","85203",,,,,,,,,,,,,,
1324,288,"06/12/06 00:00:00","AI","85203",,,,,,,,,,,,,,
1325,288,"06/19/06 00:00:00","AI","83283","DCBA",,,,,,,,,,,,,
1329,289,"06/06/08 00:00:00","AI","88241","DCBA",,,,,,,,,,,,,
1330,289,"06/07/07 00:00:00","AI","87224","DCBA",,,,,,,,,,,,,
1331,289,"06/27/07 00:00:00","AI","87268","DCBA",,,,,,,,,,,,,
1332,289,"06/02/06 00:00:00","AI","86279","DCBA",,,,,,,,,,,,,
1333,290,"06/04/08 00:00:00","AI",,"DCBA",,,,,,,,,,,,,
1334,290,"06/13/08 00:00:00","AI",,"DCBA",,,,,,,,,,,,,
1335,290,"06/27/08 00:00:00","AI","88269","DCBA",,,,,,,,,,,,,
1336,290,"07/03/08 00:00:00","AI","88269","DCBA",,,,,,,,,,,,,
1337,290,"06/03/07 00:00:00","AI","87233","DCBA",,,,,,,,,,,,,
1339,291,"06/02/08 00:00:00","AI","88269","DCBA",,,,,,,,,,,,,
1341,292,"06/09/08 00:00:00","AI","87203","DCBA",,,,,,,,,,,,,
1342,292,"06/04/07 00:00:00","AI","87208","DCBA",,,,,,,,,,,,,
1347,293,"06/26/08 00:00:00","AI","88269","DCBA",,,,,,,,,,,,,
1348,293,"07/09/07 00:00:00","AI","88269","DCBA",,,,,,,,,,,,,
1349,293,"07/19/07 00:00:00","NM","000000",,,,,,,,,,,,,,
1350,293,"06/18/06 00:00:00","AI","83283","DCBA",,,,,,,,,,,,,
1351,293,"06/19/06 00:00:00","AI","83283",,,,,,,,,,,,,,
1352,293,"07/29/06 00:00:00","NM",,,,,,,,,,,,,,,
1356,294,"06/06/08 00:00:00","AI","88241","DCBA",,,,,,,,,,,,,
1357,294,"07/26/08 00:00:00","NM",,,,,,,,,,,,,,,
1358,294,"06/04/07 00:00:00","AI","87208","DCBA",,,,,,,,,,,,,
1359,294,"06/06/06 00:00:00","AI","86202","DCBA",,,,,,,,,,,,,
1361,295,"06/08/08 00:00:00","AI",,"DCBA",,,,,,,,,,,,,
1362,295,"06/14/08 00:00:00","AI","88225","DCBA",,,,,,,,,,,,,
1363,295,"07/07/08 00:00:00","AI","87203","DCBA",,,,,,,,,,,,,
1364,295,"06/08/07 00:00:00","AI","87268","DCBA",,,,,,,,,,,,,
1365,295,"06/20/06 00:00:00","AI","85264","DCBA",,,,,,,,,,,,,
1366,295,"08/08/06 00:00:00","NM",,,,,,,,,,,,,,,
1367,296,"06/06/08 00:00:00","AI","88241","DCBA",,,,,,,,,,,,,
1368,296,"06/16/08 00:00:00","AI","88269","DCBA",,,,,,,,,,,,,
1369,296,"06/03/07 00:00:00","AI","86279","DCBA",,,,,,,,,,,,,
1370,296,"06/04/07 00:00:00","AI","87208","DCBA",,,,,,,,,,,,,
1375,297,"06/02/08 00:00:00","AI","88269","DCBA",,,,,,,,,,,,,
1379,298,"06/15/08 00:00:00","AI","88269","DCBA",,,,,,,,,,,,,
1380,298,"06/17/08 00:00:00","AI","88269","DCBA",,,,,,,,,,,,,
1381,298,"06/05/07 00:00:00","AI","86279","DCBA",,,,,,,,,,,,,
1386,299,"06/04/08 00:00:00","AI","87203","DCBA",,,,,,,,,,,,,
1387,299,"06/08/07 00:00:00","AI","87268","DCBA",,,,,,,,,,,,,
1388,299,"06/04/06 00:00:00","AI","84264",,,,,,,,,,,,,,
1389,299,"06/28/06 00:00:00","AI","85203",,,,,,,,,,,,,,
1390,299,"07/10/06 00:00:00","AI","85273","JACK",,,,,,,,,,,,,
1391,299,"07/31/06 00:00:00","NM",,,,,,,,,,,,,,,
1392,299,"08/19/06 00:00:00","NM",,,,,,,,,,,,,,,
1397,300,"06/11/08 00:00:00","AI",,"DCBA",,,,,,,,,,,,,
1398,300,"06/20/08 00:00:00","AI","87203","DCBA",,,,,,,,,,,,,
1399,300,"07/08/08 00:00:00","AI","87203","DCBA",,,,,,,,,,,,,
1404,301,"06/02/08 00:00:00","AI","88269","DCBA",,,,,,,,,,,,,
1408,302,"06/06/08 00:00:00","AI","88241","DCBA",,,,,,,,,,,,,
1409,302,"07/11/07 00:00:00","AI","88225","DCBA",,,,,,,,,,,,,
1410,302,"06/17/06 00:00:00","AI","83283",,,,,,,,,,,,,,
1411,302,"07/07/06 00:00:00","AI","86279","DCBA",,,,,,,,,,,,,
1415,303,"06/02/08 00:00:00","AI","88269","DCBA",,,,,,,,,,,,,
1418,304,"06/14/08 00:00:00","AI","88225","DCBA",,,,,,,,,,,,,
1419,304,"07/06/08 00:00:00","AI","87203","DCBA",,,,,,,,,,,,,
1420,304,"07/26/08 00:00:00","NM",,,,,,,,,,,,,,,
1421,304,"06/14/07 00:00:00","AI","87203","DCBA",,,,,,,,,,,,,
1422,304,"07/04/07 00:00:00","AI","87268","DCBA",,,,,,,,,,,,,
1423,304,"07/15/07 00:00:00","NM","000000",,,,,,,,,,,,,,
1424,304,"08/03/07 00:00:00","NM","000000",,,,,,,,,,,,,,
1425,304,"07/02/06 00:00:00","AI","83283","BOB",,,,,,,,,,,,,
1427,305,"06/02/08 00:00:00","AI","88269","DCBA",,,,,,,,,,,,,
1430,306,"06/02/08 00:00:00","AI","88269","DCBA",,,,,,,,,,,,,
1435,307,"06/03/08 00:00:00","AI","88269","DCBA",,,,,,,,,,,,,
1438,308,"06/19/08 00:00:00","AI","87203","DCBA",,,,,,,,,,,,,
1439,308,"06/05/07 00:00:00","AI","87224","DCBA",,,,,,,,,,,,,
1440,308,"06/18/06 00:00:00","AI","83283","DCBA",,,,,,,,,,,,,
1444,309,"06/18/08 00:00:00","AI","87203","DCBA",,,,,,,,,,,,,
1445,309,"06/06/07 00:00:00","AI","87224","DCBA",,,,,,,,,,,,,
1446,309,"06/06/06 00:00:00","AI","86202","DCBA",,,,,,,,,,,,,
1452,310,"06/03/08 00:00:00","AI","88269","DCBA",,,,,,,,,,,,,
1455,311,"06/02/08 00:00:00","AI","88269","DCBA",,,,,,,,,,,,,
1457,312,"06/10/08 00:00:00","AI","87203","DCBA",,,,,,,,,,,,,
1458,312,"07/01/08 00:00:00","AI","88225","DCBA",,,,,,,,,,,,,
1459,312,"07/23/08 00:00:00","NM",,,,,,,,,,,,,,,
1460,312,"06/20/07 00:00:00","AI","87203","DCBA",,,,,,,,,,,,,
1461,312,"07/11/07 00:00:00","AI","88225","DCBA",,,,,,,,,,,,,
1462,312,"06/15/06 00:00:00","AI","85273",,,,,,,,,,,,,,
1468,314,"06/02/08 00:00:00","AI","88269","DCBA",,,,,,,,,,,,,
1469,315,"06/03/07 00:00:00","AI","87208","DCBA",,,,,,,,,,,,,
1470,315,"06/06/06 00:00:00","AI","86202","DCBA",,,,,,,,,,,,,
1471,316,"06/03/07 00:00:00","AI","86279","DCBA",,,,,,,,,,,,,
1472,316,"06/05/06 00:00:00","AI","86279","DCBA",,,,,,,,,,,,,
1473,317,"06/04/07 00:00:00","AI","87208","DCBA",,,,,,,,,,,,,
1474,318,"06/05/07 00:00:00","AI","86279","DCBA",,,,,,,,,,,,,
1475,320,"06/03/07 00:00:00","AI","86279","DCBA",,,,,,,,,,,,,
1710,465,"06/02/08 00:00:00","AI","88269","DCBA",,,,,,,,,,,,,
1720,466,"06/17/08 00:00:00","AI","88269","DCBA",,,,,,,,,,,,,
1721,466,"06/05/07 00:00:00","AI","87224","DCBA",,,,,,,,,,,,,
1740,469,"06/10/08 00:00:00","AI","87203","DCBA",,,,,,,,,,,,,
1741,469,"06/30/08 00:00:00","AI","88225","DCBA",,,,,,,,,,,,,
1742,469,"07/01/08 00:00:00","AI","88225","DCBA",,,,,,,,,,,,,
1743,469,"06/16/07 00:00:00","AI","87224","DCBA",,,,,,,,,,,,,
1744,469,"06/18/06 00:00:00","AI","83283","DCBA",,,,,,,,,,,,,
1751,470,"06/17/08 00:00:00","AI","88269","DCBA",,,,,,,,,,,,,
1752,470,"06/02/07 00:00:00","AI","87208","DCBA",,,,,,,,,,,,,
1753,470,"06/20/06 00:00:00","NM",,,,,,,,,,,,,,,
1776,474,"06/10/08 00:00:00","AI","87203","DCBA",,,,,,,,,,,,,
1777,474,"06/01/07 00:00:00","AI","87224","DCBA",,,,,,,,,,,,,
1778,474,"06/22/07 00:00:00","AI","87224","DCBA",,,,,,,,,,,,,
1779,474,"07/13/07 00:00:00","AI","87224","DCBA",,,,,,,,,,,,,
1780,474,"06/14/06 00:00:00","AI","85273",,,,,,,,,,,,,,
1798,478,"06/03/08 00:00:00","AI","88269","DCBA",,,,,,,,,,,,,
1810,481,"06/03/08 00:00:00","AI",,"DCBA",,,,,,,,,,,,,
1811,481,"06/04/08 00:00:00","AI",,"DCBA",,,,,,,,,,,,,
1812,481,"06/13/08 00:00:00","AI",,"DCBA",,,,,,,,,,,,,
1813,481,"06/20/08 00:00:00","AI","87203","DCBA",,,,,,,,,,,,,
1814,481,"07/03/08 00:00:00","AI","88269","DCBA",,,,,,,,,,,,,
1815,481,"06/11/07 00:00:00","AI","86279","JILL",,,,,,,,,,,,,
1816,481,"06/20/07 00:00:00","AI","87203","DCBA",,,,,,,,,,,,,
1817,481,"06/05/06 00:00:00","AI","83283","DCBA",,,,,,,,,,,,,
1818,481,"06/06/06 00:00:00","AI","86202","DCBA",,,,,,,,,,,,,
1839,485,"06/17/08 00:00:00","AI","88269","DCBA",,,,,,,,,,,,,
1840,485,"07/09/08 00:00:00","AI","88225","DCBA",,,,,,,,,,,,,
1841,485,"06/03/07 00:00:00","AI","87208","DCBA",,,,,,,,,,,,,
1848,486,"06/07/08 00:00:00","AI","88241","DCBA",,,,,,,,,,,,,
1849,486,"06/03/07 00:00:00","AI","87208","DCBA",,,,,,,,,,,,,
1854,487,"06/04/08 00:00:00","AI","87203","DCBA",,,,,,,,,,,,,
1855,487,"06/04/08 00:00:00","AI","87203","DCBA",,,,,,,,,,,,,
1856,487,"06/06/07 00:00:00","AI","87224","DCBA",,,,,,,,,,,,,
1857,487,"06/01/06 00:00:00","AI","86279",,,,,,,,,,,,,,
1858,487,"06/23/06 00:00:00","AI","86279","DCBA",,,,,,,,,,,,,
1863,488,"06/01/08 00:00:00","AI",,"DCBA",,,,,,,,,,,,,
1864,488,"06/26/08 00:00:00","AI","88269","DCBA",,,,,,,,,,,,,
1865,488,"07/05/08 00:00:00","AI","88269","DCBA",,,,,,,,,,,,,
1874,490,"06/02/08 00:00:00","AI","88269","DCBA",,,,,,,,,,,,,
1875,490,"06/23/08 00:00:00","AI","88241","DCBA",,,,,,,,,,,,,
1876,490,"07/14/08 00:00:00","NM",,,,,,,,,,,,,,,
1877,490,"06/17/07 00:00:00","AI","87224","DCBA",,,,,,,,,,,,,
1878,490,"07/08/07 00:00:00","AI","88269","DCBA",,,,,,,,,,,,,
1895,493,"06/10/08 00:00:00","AI","87203","DCBA",,,,,,,,,,,,,
1896,493,"06/19/08 00:00:00","AI","87203","DCBA",,,,,,,,,,,,,
1897,493,"06/14/07 00:00:00","AI","87203","DCBA",,,,,,,,,,,,,
1898,493,"07/30/07 00:00:00","NM","000000",,,,,,,,,,,,,,
1899,493,"06/02/06 00:00:00","AI","86279","DCBA",,,,,,,,,,,,,
1908,494,"06/21/08 00:00:00","AI","87203","DCBA",,,,,,,,,,,,,
1909,494,"06/03/07 00:00:00","AI","86279","DCBA",,,,,,,,,,,,,
1917,495,"06/17/07 00:00:00","AI","87224","DCBA",,,,,,,,,,,,,
1918,495,"06/08/06 00:00:00","AI","86279","DCBA",,,,,,,,,,,,,
1925,496,"06/17/08 00:00:00","AI","88269","DCBA",,,,,,,,,,,,,
1926,496,"06/04/07 00:00:00","AI","87268","DCBA",,,,,,,,,,,,,
1927,496,"06/24/07 00:00:00","AI","87224","DCBA",,,,,,,,,,,,,
1928,496,"06/10/06 00:00:00","AI","86279",,,,,,,,,,,,,,
1929,496,"06/29/06 00:00:00","AI","85273","DCBA",,,,,,,,,,,,,
1930,496,"07/19/06 00:00:00","NM",,,,,,,,,,,,,,,
1938,497,"06/02/08 00:00:00","AI","88269","DCBA",,,,,,,,,,,,,
1939,497,"06/25/08 00:00:00","AI","88269","DCBA",,,,,,,,,,,,,
1940,497,"07/26/08 00:00:00","NM",,,,,,,,,,,,,,,
1941,497,"06/04/07 00:00:00","AI","87208","DCBA",,,,,,,,,,,,,
1942,497,"06/05/07 00:00:00","AI","86279","DCBA",,,,,,,,,,,,,
1949,499,"06/02/08 00:00:00","AI","88269","DCBA",,,,,,,,,,,,,
1961,501,"06/17/08 00:00:00","AI","88269","DCBA",,,,,,,,,,,,,
1962,501,"07/08/08 00:00:00","AI","87203","DCBA",,,,,,,,,,,,,
1963,501,"06/03/07 00:00:00","AI","86279","DCBA",,,,,,,,,,,,,
1971,502,"07/09/08 00:00:00","AI","88225","DCBA",,,,,,,,,,,,,
1972,502,"06/05/07 00:00:00","AI",,"DCBA",,,,,,,,,,,,,
1973,502,"06/21/07 00:00:00","AI","87268","DCBA",,,,,,,,,,,,,
1974,502,"07/01/07 00:00:00","AI","87224","DCBA",,,,,,,,,,,,,
1975,502,"06/04/06 00:00:00","AI","83283","DCBA",,,,,,,,,,,,,
1981,503,"06/08/08 00:00:00","AI","88241","DCBA",,,,,,,,,,,,,
1982,503,"07/21/08 00:00:00","NM",,,,,,,,,,,,,,,
1983,503,"06/03/07 00:00:00","AI","86279","DCBA",,,,,,,,,,,,,
1991,504,"07/16/08 00:00:00","NM",,,,,,,,,,,,,,,
1992,504,"06/05/07 00:00:00","AI","86279","DCBA",,,,,,,,,,,,,
2003,506,"06/07/08 00:00:00","AI","88241","DCBA",,,,,,,,,,,,,
2004,506,"06/03/07 00:00:00","AI","87203","DCBA",,,,,,,,,,,,,
2005,506,"06/25/07 00:00:00","AI","87224","DCBA",,,,,,,,,,,,,
2006,506,"06/15/06 00:00:00","AI","85273",,,,,,,,,,,,,,
2007,506,"07/08/06 00:00:00","AI","86279","DDVB",,,,,,,,,,,,,
2008,506,"07/28/06 00:00:00","NM",,,,,,,,,,,,,,,
2009,506,"08/22/06 00:00:00","NM",,,,,,,,,,,,,,,
2016,507,"06/19/08 00:00:00","AI","87203","DCBA",,,,,,,,,,,,,
2017,507,"06/23/08 00:00:00","AI","88241","DCBA",,,,,,,,,,,,,
2018,507,"06/03/07 00:00:00","AI","87208","DCBA",,,,,,,,,,,,,
2019,507,"06/05/06 00:00:00","AI","83285",,,,,,,,,,,,,,
2025,508,"06/02/08 00:00:00","AI","88269","DCBA",,,,,,,,,,,,,
2035,509,"06/04/08 00:00:00","AI","88241","DCBA",,,,,,,,,,,,,
2036,509,"06/15/07 00:00:00","AI","87233","DCBA",,,,,,,,,,,,,
2037,509,"08/03/07 00:00:00","NM","000000",,,,,,,,,,,,,,
2038,509,"06/19/06 00:00:00","AI","83283",,,,,,,,,,,,,,
2039,509,"06/24/06 00:00:00","AI","86279","DCBA",,,,,,,,,,,,,
2047,510,"06/03/08 00:00:00","AI","88269","DCBA",,,,,,,,,,,,,
2057,512,"06/02/08 00:00:00","AI","88269","DCBA",,,,,,,,,,,,,
2063,513,"06/08/08 00:00:00","AI","88241","DCBA",,,,,,,,,,,,,
2064,513,"06/03/07 00:00:00","AI","86279","DCBA",,,,,,,,,,,,,
2071,514,"06/14/08 00:00:00","AI","88225","DCBA",,,,,,,,,,,,,
2072,514,"07/05/08 00:00:00","AI","88269","DCBA",,,,,,,,,,,,,
2073,514,"06/03/07 00:00:00","AI","87233","DCBA",,,,,,,,,,,,,
2080,515,"06/02/08 00:00:00","AI","88269","DCBA",,,,,,,,,,,,,
2088,517,"06/11/08 00:00:00","AI","88225","DCBA",,,,,,,,,,,,,
2089,517,"06/17/07 00:00:00","AI","87224","DCBA",,,,,,,,,,,,,
2090,517,"06/04/06 00:00:00","AI","85264","DCBA",,,,,,,,,,,,,
2091,517,"06/05/06 00:00:00","AI","86279","DCBA",,,,,,,,,,,,,
2104,519,"06/01/08 00:00:00","AI","88269","DCBA",,,,,,,,,,,,,
2105,519,"06/16/07 00:00:00","AI","87224","DCBA",,,,,,,,,,,,,
2106,519,"06/14/06 00:00:00","AI","85273",,,,,,,,,,,,,,
2107,519,"07/07/06 00:00:00","AI","86279","DCBA",,,,,,,,,,,,,
2108,519,"08/24/06 00:00:00","NM",,,,,,,,,,,,,,,
2114,520,"06/02/08 00:00:00","AI","88269","DCBA",,,,,,,,,,,,,
2119,521,"06/02/08 00:00:00","AI","88269","DCBA",,,,,,,,,,,,,
2133,524,"06/02/08 00:00:00","AI","88269","DCBA",,,,,,,,,,,,,
2146,527,"06/08/08 00:00:00","AI","88241","DCBA",,,,,,,,,,,,,
2147,527,"06/17/07 00:00:00","AI","87224","DCBA",,,,,,,,,,,,,
2148,527,"07/10/07 00:00:00","AI","88225","DCBA",,,,,,,,,,,,,
2149,527,"06/13/06 00:00:00","AI","85268","DCBA",,,,,,,,,,,,,
2156,528,"06/10/08 00:00:00","AI","87203","DCBA",,,,,,,,,,,,,
2157,528,"06/13/07 00:00:00","AI","87203","DCBA",,,,,,,,,,,,,
2158,528,"06/05/06 00:00:00","AI","83283",,,,,,,,,,,,,,
2159,528,"06/29/06 00:00:00","AI","85273","DCBA",,,,,,,,,,,,,
2160,528,"08/01/06 00:00:00","NM",,,,,,,,,,,,,,,
2183,535,"06/06/08 00:00:00","AI","88241","DCBA",,,,,,,,,,,,,
2184,535,"06/04/07 00:00:00","AI","87268","DCBA",,,,,,,,,,,,,
2185,535,"06/14/06 00:00:00","AI","85273",,,,,,,,,,,,,,
2186,535,"07/02/06 00:00:00","AI","83283","BOB",,,,,,,,,,,,,
2187,535,"07/22/06 00:00:00","NM",,,,,,,,,,,,,,,
2219,544,"06/04/08 00:00:00","AI","88241","DCBA",,,,,,,,,,,,,
2220,544,"06/28/08 00:00:00","AI","87284","JILL",,,,,,,,,,,,,
2221,544,"06/21/07 00:00:00","AI","87224","DCBA",,,,,,,,,,,,,
2222,544,"07/15/07 00:00:00","NM","000000",,,,,,,,,,,,,,
2223,544,"06/17/06 00:00:00","AI","83283",,,,,,,,,,,,,,
2258,555,"06/19/08 00:00:00","AI",,"DCBA",,,,,,,,,,,,,
2259,555,"07/10/08 00:00:00","AI","88225","DCBA",,,,,,,,,,,,,
2260,555,"06/03/07 00:00:00","AI","87233","DCBA",,,,,,,,,,,,,
2270,557,"06/16/08 00:00:00","AI","88269","DCBA",,,,,,,,,,,,,
2271,557,"07/06/08 00:00:00","AI","87203","DCBA",,,,,,,,,,,,,
2272,557,"06/19/07 00:00:00","AI","87203","DCBA",,,,,,,,,,,,,
2273,557,"06/17/06 00:00:00","AI","83283",,,,,,,,,,,,,,
2274,557,"06/23/06 00:00:00","AI","86279",,,,,,,,,,,,,,
2275,557,"07/07/06 00:00:00","AI","86279",,,,,,,,,,,,,,
2286,559,"06/03/08 00:00:00","AI","88269","DCBA",,,,,,,,,,,,,
2287,559,"06/23/08 00:00:00","AI","88241","DCBA",,,,,,,,,,,,,
2288,559,"06/14/07 00:00:00","AI","87203","DCBA",,,,,,,,,,,,,
2289,559,"07/24/07 00:00:00","NM","000000",,,,,,,,,,,,,,
2290,559,"08/02/07 00:00:00","NM","000000",,,,,,,,,,,,,,
2291,559,"08/13/07 00:00:00","NM","000000",,,,,,,,,,,,,,
2292,559,"06/18/06 00:00:00","AI","83283","DCBA",,,,,,,,,,,,,
2299,560,"06/02/08 00:00:00","AI","88269","DCBA",,,,,,,,,,,,,
2409,595,"06/02/08 00:00:00","AI","88269","DCBA",,,,,,,,,,,,,
2445,603,"06/07/08 00:00:00","AI",,"DCBA",,,,,,,,,,,,,
2446,603,"06/27/08 00:00:00","AI","88269","DCBA",,,,,,,,,,,,,
2447,603,"06/21/07 00:00:00","AI","87224","DCBA",,,,,,,,,,,,,
2448,603,"06/17/06 00:00:00","AI","83283",,,,,,,,,,,,,,
2449,603,"07/07/06 00:00:00","AI","86279",,,,,,,,,,,,,,
2459,606,"06/03/08 00:00:00","AI","88269","DCBA",,,,,,,,,,,,,
2467,607,"06/12/08 00:00:00","AI","88225","DCBA",,,,,,,,,,,,,
2468,607,"07/03/08 00:00:00","AI","88269","DCBA",,,,,,,,,,,,,
2469,607,"06/06/07 00:00:00","AI","87224","DCBA",,,,,,,,,,,,,
2470,607,"06/19/06 00:00:00","AI","83283",,,,,,,,,,,,,,
2471,607,"06/21/06 00:00:00","AI","86279","DCBA",,,,,,,,,,,,,
2479,608,"06/17/08 00:00:00","AI","88269","DCBA",,,,,,,,,,,,,
2480,608,"06/01/07 00:00:00","AI","87224","DCBA",,,,,,,,,,,,,
2481,608,"06/21/07 00:00:00","AI","87268","DCBA",,,,,,,,,,,,,
2482,608,"06/11/06 00:00:00","AI","85203","DCBA",,,,,,,,,,,,,
2497,611,"06/15/08 00:00:00","AI","88269","DCBA",,,,,,,,,,,,,
2498,611,"06/19/07 00:00:00","AI","87203","DCBA",,,,,,,,,,,,,
2499,611,"06/01/06 00:00:00","AI","86279","DCBA",,,,,,,,,,,,,
2503,612,"06/13/08 00:00:00","AI","88225","DCBA",,,,,,,,,,,,,
2504,612,"07/03/08 00:00:00","AI","88269","DCBA",,,,,,,,,,,,,
2505,612,"06/11/07 00:00:00","AI","86279","JILL",,,,,,,,,,,,,
2506,612,"07/01/07 00:00:00","AI","87224","DCBA",,,,,,,,,,,,,
2507,612,"06/04/06 00:00:00","AI","85264","DCBA",,,,,,,,,,,,,
2508,612,"06/06/06 00:00:00","AI","86202","DCBA",,,,,,,,,,,,,
2515,613,"06/04/08 00:00:00","AI",,"DCBA",,,,,,,,,,,,,
2516,613,"06/23/08 00:00:00","AI","88241","DCBA",,,,,,,,,,,,,
2517,613,"06/29/08 00:00:00","AI","88225","DCBA",,,,,,,,,,,,,
2518,613,"06/03/07 00:00:00","AI","86279","DCBA",,,,,,,,,,,,,
2526,614,"06/28/08 00:00:00","AI","87284","JILL",,,,,,,,,,,,,
2527,614,"06/09/07 00:00:00","AI","87233","DCBA",,,,,,,,,,,,,
2528,614,"06/05/06 00:00:00","AI","86279","DCBA",,,,,,,,,,,,,
2540,616,"06/02/08 00:00:00","AI","88269","DCBA",,,,,,,,,,,,,
2556,618,"06/09/08 00:00:00","AI","87203","DCBA",,,,,,,,,,,,,
2557,618,"06/30/08 00:00:00","AI","88225","DCBA",,,,,,,,,,,,,
2558,618,"07/25/08 00:00:00","NM",,,,,,,,,,,,,,,
2559,618,"06/05/07 00:00:00","AI","87224","DCBA",,,,,,,,,,,,,
2560,618,"06/29/07 00:00:00","AI","87224","DCBA",,,,,,,,,,,,,
2561,618,"07/20/07 00:00:00","NM","000000",,,,,,,,,,,,,,
2562,618,"06/04/06 00:00:00","AI","83283","DCBA",,,,,,,,,,,,,
2568,619,"06/02/08 00:00:00","AI","88269","DCBA",,,,,,,,,,,,,
2574,620,"06/12/08 00:00:00","AI","88225","DCBA",,,,,,,,,,,,,
2575,620,"07/06/08 00:00:00","AI","87203","DCBA",,,,,,,,,,,,,
2576,620,"06/21/07 00:00:00","AI","87224","DCBA",,,,,,,,,,,,,
2577,620,"07/31/07 00:00:00","NM","000000",,,,,,,,,,,,,,
2578,620,"06/15/06 00:00:00","AI","85273",,,,,,,,,,,,,,
2586,621,"06/14/08 00:00:00","AI","88225","DCBA",,,,,,,,,,,,,
2587,621,"07/04/08 00:00:00","AI","88269","DCBA",,,,,,,,,,,,,
2588,621,"06/03/07 00:00:00","AI","87208","DCBA",,,,,,,,,,,,,
2599,623,"06/15/08 00:00:00","AI","88269","DCBA",,,,,,,,,,,,,
2600,623,"06/11/07 00:00:00","AI","86279","JILL",,,,,,,,,,,,,
2622,627,"06/03/08 00:00:00","AI","88269","DCBA",,,,,,,,,,,,,
2623,627,"06/16/07 00:00:00","AI","87224","DCBA",,,,,,,,,,,,,
2624,627,"06/04/06 00:00:00","AI","83283","DCBA",,,,,,,,,,,,,
2632,628,"06/09/08 00:00:00","AI","87203","DCBA",,,,,,,,,,,,,
2633,628,"06/29/08 00:00:00","AI","88225","DCBA",,,,,,,,,,,,,
2634,628,"06/04/07 00:00:00","AI","87268","DCBA",,,,,,,,,,,,,
2635,628,"07/21/07 00:00:00","NM","000000",,,,,,,,,,,,,,
2636,628,"08/09/07 00:00:00","NM","000000",,,,,,,,,,,,,,
2637,628,"06/03/06 00:00:00","AI","86279",,,,,,,,,,,,,,
2638,628,"06/24/06 00:00:00","AI","86279","DCBA",,,,,,,,,,,,,
2639,628,"07/16/06 00:00:00","NM",,,,,,,,,,,,,,,
2650,630,"06/03/08 00:00:00","AI","88269","DCBA",,,,,,,,,,,,,
2660,632,"06/04/08 00:00:00","AI","88241","DCBA",,,,,,,,,,,,,
2661,632,"06/02/07 00:00:00","AI","87208","DCBA",,,,,,,,,,,,,
2662,632,"06/03/06 00:00:00","AI","86279",,,,,,,,,,,,,,
2663,632,"06/23/06 00:00:00","AI","86279","DCBA",,,,,,,,,,,,,
2672,633,"06/08/08 00:00:00","AI",,"DCBA",,,,,,,,,,,,,
2673,633,"06/13/08 00:00:00","AI","88225","DCBA",,,,,,,,,,,,,
2674,633,"06/28/08 00:00:00","AI","87284","JILL",,,,,,,,,,,,,
2675,633,"06/16/07 00:00:00","AI","87224","DCBA",,,,,,,,,,,,,
2676,633,"07/08/07 00:00:00","AI","88269","DCBA",,,,,,,,,,,,,
2677,633,"07/20/07 00:00:00","NM","000000",,,,,,,,,,,,,,
2678,633,"06/04/06 00:00:00","AI","84264",,,,,,,,,,,,,,
2679,633,"06/19/06 00:00:00","AI","83283",,,,,,,,,,,,,,
2680,633,"06/23/06 00:00:00","AI","86279",,,,,,,,,,,,,,
2687,634,"06/20/08 00:00:00","AI","87203","DCBA",,,,,,,,,,,,,
2688,634,"07/15/08 00:00:00","NM",,,,,,,,,,,,,,,
2689,634,"06/11/07 00:00:00","AI","86279","JILL",,,,,,,,,,,,,
2690,634,"06/03/06 00:00:00","AI","86279",,,,,,,,,,,,,,
2691,634,"06/25/06 00:00:00","AI","85203","DCBA",,,,,,,,,,,,,
2692,634,"07/17/06 00:00:00","NM",,,,,,,,,,,,,,,
2704,636,"06/18/08 00:00:00","AI",,"DCBA",,,,,,,,,,,,,
2705,636,"06/22/08 00:00:00","AI","88241","DCBA",,,,,,,,,,,,,
2706,636,"07/11/08 00:00:00","AI","88269","DCBA",,,,,,,,,,,,,
2707,636,"06/05/07 00:00:00","AI","86279","DCBA",,,,,,,,,,,,,
2718,637,"06/02/08 00:00:00","AI","88269","DCBA",,,,,,,,,,,,,
2738,646,"06/18/08 00:00:00","AI","87203","DCBA",,,,,,,,,,,,,
2739,646,"07/08/08 00:00:00","AI","87203","DCBA",,,,,,,,,,,,,
2740,646,"06/04/07 00:00:00","AI","87208","DCBA",,,,,,,,,,,,,
2755,651,"06/04/08 00:00:00","AI","88241","DCBA",,,,,,,,,,,,,
2756,651,"06/27/08 00:00:00","AI","88269","DCBA",,,,,,,,,,,,,
2757,651,"06/05/07 00:00:00","AI","86279","DCBA",,,,,,,,,,,,,
2765,654,"06/06/08 00:00:00","AI","88241","DCBA",,,,,,,,,,,,,
2766,654,"06/23/07 00:00:00","AI","87224","DCBA",,,,,,,,,,,,,
2767,654,"08/09/06 00:00:00","NM",,,,,,,,,,,,,,,
2776,656,"06/04/08 00:00:00","AI","88241","DCBA",,,,,,,,,,,,,
2777,656,"06/03/07 00:00:00","AI","87208","DCBA",,,,,,,,,,,,,
2789,660,"06/08/08 00:00:00","AI",,"DCBA",,,,,,,,,,,,,
2790,660,"06/13/08 00:00:00","AI","88225","DCBA",,,,,,,,,,,,,
2791,660,"07/03/08 00:00:00","AI","88269","DCBA",,,,,,,,,,,,,
2797,661,"06/03/08 00:00:00","AI","88269","DCBA",,,,,,,,,,,,,
2982,720,"06/19/08 00:00:00","AI","87203","DCBA",,,,,,,,,,,,,
2983,720,"07/10/08 00:00:00","AI","88225","DCBA",,,,,,,,,,,,,
2995,721,"06/11/08 00:00:00","AI","88225","DCBA",,,,,,,,,,,,,
2996,721,"07/01/08 00:00:00","AI","88225","DCBA",,,,,,,,,,,,,
2997,721,"07/21/08 00:00:00","NM",,,,,,,,,,,,,,,
2998,721,"06/01/07 00:00:00","AI","87224","DCBA",,,,,,,,,,,,,
2999,721,"06/04/06 00:00:00","AI","83283","DCBA",,,,,,,,,,,,,
3021,723,"06/01/08 00:00:00","AI","88269","DCBA",,,,,,,,,,,,,
3022,723,"06/24/08 00:00:00","AI","88241","DCBA",,,,,,,,,,,,,
3023,723,"06/28/07 00:00:00","NM","000000",,,,,,,,,,,,,,
3024,723,"07/28/07 00:00:00","NM","000000",,,,,,,,,,,,,,
3025,723,"06/20/06 00:00:00","AI","85264","DCBA",,,,,,,,,,,,,
3038,724,"06/03/08 00:00:00","AI",,"DCBA",,,,,,,,,,,,,
3039,724,"06/16/08 00:00:00","AI","88269","DCBA",,,,,,,,,,,,,
3040,724,"07/10/08 00:00:00","AI","88225","DCBA",,,,,,,,,,,,,
3041,724,"06/03/07 00:00:00","AI","87233","DCBA",,,,,,,,,,,,,
3047,725,"06/02/08 00:00:00","AI","88269","DCBA",,,,,,,,,,,,,
3054,726,"06/02/08 00:00:00","AI","88269","DCBA",,,,,,,,,,,,,
