vreKey,cowKey,vreDate,reason,diagnosis,extra,vetKey,comment
1,1,"09/03/06 00:00:00","PREGD","EMPTY",,,
2,2,"09/03/06 00:00:00","PREGD","EMPTY",,,
3,3,"09/03/06 00:00:00","PREGD","PREG","35 WKS",,
4,4,"09/03/06 00:00:00","PREGD","EMPTY",,,
5,5,"09/03/06 00:00:00","PREGD","EMPTY",,,
6,6,"09/03/06 00:00:00","PREGD","EMPTY","FMUMMY",,
7,7,"09/03/06 00:00:00","PREGD","EMPTY",,,
8,8,"09/03/06 00:00:00","PREGD","PREG","36 WKS",,
9,9,"06/24/07 00:00:00","NVO","AWF",,,
10,10,"09/26/06 00:00:00","PREGD","EMPTY",,,
11,10,"11/05/06 00:00:00","PREGD","EMPTY",,,
12,11,"09/26/06 00:00:00","PREGD","EMPTY",,,
13,11,"11/05/06 00:00:00","PREGD","EMPTY",,,
14,12,"09/26/06 00:00:00","PREGD","EMPTY",,,
15,12,"11/05/06 00:00:00","PREGD","EMPTY",,,
16,13,"09/26/06 00:00:00","PREGD","PREG","LASTSERVICE",,
17,13,"11/13/06 00:00:00","PREGD","EMPTY",,,
18,14,"09/26/06 00:00:00","PREGD","PREG","LASTSERVICE",,
19,15,"09/26/06 00:00:00","PREGD","EMPTY",,,
20,15,"11/05/06 00:00:00","PREGD","EMPTY",,,
21,16,"09/26/06 00:00:00","PREGD","PREG","LASTSERVICE",,
22,17,"09/26/06 00:00:00","PREGD","EMPTY","PYOMET",,
23,17,"11/05/06 00:00:00","PREGD","EMPTY",,,
24,18,"11/05/06 00:00:00","PREGD","EMPTY",,,
25,18,"11/13/06 00:00:00","PREGD","EMPTY",,,
26,19,"09/26/06 00:00:00","PREGD","EMPTY",,,
27,19,"11/05/06 00:00:00","PREGD","EMPTY",,,
28,20,"09/26/06 00:00:00","PREGD","EMPTY","PYOMET",,
29,20,"11/05/06 00:00:00","PREGD","EMPTY","PYOMET",,
30,21,"05/11/07 00:00:00","OTHERC","ENDO",,,
31,21,"06/24/07 00:00:00","NVO","CYCCLP",,,
32,22,"09/26/06 00:00:00","PREGD","EMPTY",,,
33,22,"11/05/06 00:00:00","PREGD","EMPTY",,,
34,24,"09/26/06 00:00:00","PREGD","EMPTY",,,
35,24,"11/05/06 00:00:00","PREGD","EMPTY",,,
36,25,"09/26/06 00:00:00","PREGD","EMPTY",,,
37,25,"11/05/06 00:00:00","PREGD","EMPTY",,,
38,26,"09/26/06 00:00:00","PREGD","EMPTY",,,
39,26,"11/05/06 00:00:00","PREGD","EMPTY",,,
40,27,"09/26/06 00:00:00","PREGD","EMPTY",,,
41,27,"11/05/06 00:00:00","PREGD","EMPTY",,,
42,28,"09/26/06 00:00:00","PREGD","EMPTY",,,
43,28,"11/05/06 00:00:00","PREGD","EMPTY",,,
44,29,"09/26/06 00:00:00","PREGD","PREG","LASTSERVICE",,
45,30,"09/26/06 00:00:00","PREGD","EMPTY",,,
46,30,"11/05/06 00:00:00","PREGD","EMPTY",,,
47,32,"09/26/06 00:00:00","PREGD","PREG","LASTSERVICE",,
48,32,"11/13/06 00:00:00","PREGD","EMPTY",,,
49,33,"09/26/06 00:00:00","PREGD","EMPTY",,,
50,33,"11/05/06 00:00:00","PREGD","EMPTY",,,
51,34,"09/26/06 00:00:00","PREGD","EMPTY",,,
52,34,"11/05/06 00:00:00","PREGD","EMPTY",,,
53,35,"09/26/06 00:00:00","PREGD","EMPTY",,,
54,35,"11/05/06 00:00:00","PREGD","EMPTY",,,
55,36,"09/26/06 00:00:00","PREGD","EMPTY",,,
56,38,"09/26/06 00:00:00","PREGD","EMPTY",,,
57,38,"11/05/06 00:00:00","PREGD","EMPTY",,,
58,40,"09/26/06 00:00:00","PREGD","EMPTY",,,
59,40,"11/05/06 00:00:00","PREGD","EMPTY",,,
60,48,"09/29/07 00:00:00","PREGD","PREG","17 WKS",,
61,51,"09/29/07 00:00:00","PREGD","PREG","17 WKS",,
62,65,"10/06/07 00:00:00","PREGD","PREG","LASTSERVICE",,
63,65,"09/03/06 00:00:00","PREGD","EMPTY",,,
64,65,"09/26/06 00:00:00","PREGD","PREG","LASTSERVICE",,
65,66,"10/06/07 00:00:00","PREGD","EMPTY",,,
66,66,"01/27/08 00:00:00","NVO","PREG","12 WKS",,
67,66,"09/26/06 00:00:00","PREGD","PREG","LASTSERVICE",,
68,67,"10/06/07 00:00:00","PREGD","PREG","LASTSERVICE",,
69,67,"09/26/06 00:00:00","PREGD","PREG","LASTSERVICE",,
70,67,"03/29/99 00:00:00","NEWCOW","PREG","DDUNC",,"09/05/92"
71,68,"06/24/07 00:00:00","NVO","CYCCLP",,,
72,68,"10/06/07 00:00:00","PREGD","EMPTY",,,
73,68,"01/27/08 00:00:00","NVO","PREG","13 WKS",,
74,68,"09/26/06 00:00:00","PREGD","PREG","8 WKS",,
75,69,"10/06/07 00:00:00","PREGD","EMPTY",,,
76,69,"01/27/08 00:00:00","NVO","PREG","13 WKS",,
77,69,"09/26/06 00:00:00","PREGD","PREG","2LASTSERVICE",,
78,70,"10/06/07 00:00:00","PREGD","PREG","LASTSERVICE",,
79,70,"09/26/06 00:00:00","PREGD","PREG","LASTSERVICE",,
80,71,"06/24/07 00:00:00","NVO","CYCCLP",,,
81,71,"09/29/07 00:00:00","PREGD","PREG","7 WKS",,
82,71,"10/06/07 00:00:00","PREGD","PREG","8 WKS",,
83,71,"09/26/06 00:00:00","PREGD","PREG","LASTSERVICE",,
84,72,"10/06/07 00:00:00","PREGD","EMPTY",,,
85,72,"01/27/08 00:00:00","NVO","PREG","7 WKS",,
86,72,"09/26/06 00:00:00","PREGD","PREG","LASTSERVICE",,
87,73,"10/06/07 00:00:00","PREGD","EMPTY",,,
88,73,"01/27/08 00:00:00","NVO","PREG","12 WKS",,
89,73,"09/26/06 00:00:00","PREGD","PREG","LASTSERVICE",,
90,74,"10/06/07 00:00:00","PREGD","PREG","LASTSERVICE",,
91,74,"09/26/06 00:00:00","PREGD","PREG","LASTSERVICE",,
92,75,"10/06/07 00:00:00","PREGD","PREG","LASTSERVICE",,
93,75,"09/26/06 00:00:00","PREGD","PREG","LASTSERVICE",,
94,76,"10/06/07 00:00:00","PREGD","PREG","LASTSERVICE",,
95,76,"09/03/06 00:00:00","PREGD","PREG","LASTSERVICE",,
96,77,"10/06/07 00:00:00","PREGD","EMPTY",,,
97,77,"01/27/08 00:00:00","NVO","EMPTY",,,
98,77,"09/26/06 00:00:00","PREGD","PREG","LASTSERVICE",,
99,78,"10/06/07 00:00:00","PREGD","EMPTY",,,
100,78,"01/27/08 00:00:00","NVO","PREG","11 WKS",,
101,78,"09/26/06 00:00:00","PREGD","PREG","2LASTSERVICE",,
102,79,"06/24/07 00:00:00","NVO","PYOMET",,,
103,79,"10/06/07 00:00:00","PREGD","EMPTY",,,
104,79,"01/27/08 00:00:00","NVO","PREG","5 WKS",,
105,79,"09/26/06 00:00:00","PREGD","PREG","LASTSERVICE",,
106,80,"10/06/07 00:00:00","PREGD","PREG","LASTSERVICE",,
107,80,"01/27/08 00:00:00","NVO","EMPTY",,,
108,80,"09/26/06 00:00:00","PREGD","PREG","LASTSERVICE",,
109,81,"10/06/07 00:00:00","PREGD","PREG","7 WKS",,
110,81,"09/26/06 00:00:00","PREGD","PREG","LASTSERVICE",,
111,82,"10/06/07 00:00:00","PREGD","EMPTY",,,
112,82,"01/27/08 00:00:00","NVO","EMPTY","CYSTOV",,
113,82,"09/26/06 00:00:00","PREGD","PREG","7 WKS",,
114,82,"11/13/06 00:00:00","PREGD","PREG","DDUNC",,
115,83,"10/06/07 00:00:00","PREGD","PREG","8 WKS",,
116,83,"09/26/06 00:00:00","PREGD","PREG","LASTSERVICE",,
117,84,"05/11/07 00:00:00","OTHERC","CYSOVY",,,
118,84,"10/06/07 00:00:00","PREGD","EMPTY",,,
119,84,"01/27/08 00:00:00","NVO","EMPTY",,,
120,84,"09/26/06 00:00:00","PREGD","PREG","LASTSERVICE",,
121,85,"10/06/07 00:00:00","PREGD","EMPTY",,,
122,85,"01/27/08 00:00:00","PREGD","PREG","10 WKS",,"twins"
123,85,"09/26/06 00:00:00","PREGD","PREG","2LASTSERVICE",,
124,86,"06/24/07 00:00:00","NVO","PYOMET",,,
125,86,"10/06/07 00:00:00","PREGD","EMPTY",,,
126,86,"01/27/08 00:00:00","NVO","PREG","10 WKS",,
127,86,"09/26/06 00:00:00","PREGD","PREG","LASTSERVICE",,
128,87,"09/29/07 00:00:00","PREGD","EMPTY","UTADHN",,
129,88,"06/24/07 00:00:00","NVO","CYCCLP",,,
130,88,"10/06/07 00:00:00","PREGD","EMPTY",,,
131,88,"01/27/08 00:00:00","NVO","PREG","9 WKS",,
132,88,"09/26/06 00:00:00","PREGD","PREG","LASTSERVICE",,
133,88,"03/17/04 00:00:00","NEWCOW","PREG","DDUNC",,"13/04/92"
134,89,"10/06/07 00:00:00","PREGD","PREG","LASTSERVICE",,
135,89,"09/26/06 00:00:00","PREGD","PREG","LASTSERVICE",,
136,90,"10/06/07 00:00:00","PREGD","EMPTY",,,
137,90,"01/27/08 00:00:00","NVO","PREG","10 WKS",,
138,90,"09/03/06 00:00:00","PREGD","PREG","LASTSERVICE",,
139,91,"10/06/07 00:00:00","PREGD","EMPTY",,,
140,91,"01/27/08 00:00:00","NVO","PREG","13 WKS",,
141,91,"09/26/06 00:00:00","PREGD","PREG","LASTSERVICE",,
142,92,"10/06/07 00:00:00","PREGD","EMPTY",,,
143,92,"01/27/08 00:00:00","NVO","PREG","12 WKS",,
144,92,"09/03/06 00:00:00","PREGD","PREG","5 WKS",,
145,93,"10/06/07 00:00:00","PREGD","EMPTY",,,
146,93,"01/27/08 00:00:00","NVO","PREG","11 WKS",,
147,93,"09/26/06 00:00:00","PREGD","PREG","LASTSERVICE",,
148,94,"10/06/07 00:00:00","PREGD","PREG","LASTSERVICE",,
149,94,"09/26/06 00:00:00","PREGD","PREG","LASTSERVICE",,
150,95,"10/06/07 00:00:00","PREGD","EMPTY",,,
151,95,"01/27/08 00:00:00","NVO","PREG","11 WKS",,
152,95,"09/26/06 00:00:00","PREGD","PREG","LASTSERVICE",,
153,96,"05/11/07 00:00:00","OTHERC","CYSOVY",,,
154,96,"06/24/07 00:00:00","NVO","AWF",,,
155,96,"10/06/07 00:00:00","PREGD","PREG","7 WKS",,
156,96,"09/26/06 00:00:00","PREGD","PREG","LASTSERVICE",,
157,97,"06/24/07 00:00:00","NVO","CYCCLP",,,
158,97,"10/06/07 00:00:00","PREGD","EMPTY",,,
159,97,"01/27/08 00:00:00","NVO","PREG","12 WKS",,
160,97,"09/26/06 00:00:00","PREGD","PREG","LASTSERVICE",,
161,98,"10/06/07 00:00:00","PREGD","PREG","LASTSERVICE",,
162,98,"09/26/06 00:00:00","PREGD","PREG","LASTSERVICE",,
163,99,"01/27/08 00:00:00","PREGD","PREG","11 WKS",,
164,99,"09/26/06 00:00:00","PREGD","PREG","LASTSERVICE",,
165,100,"01/27/08 00:00:00","PREGD","PREG","12 WKS",,
166,100,"09/26/06 00:00:00","PREGD","PREG","2LASTSERVICE",,
167,101,"08/31/08 00:00:00","PREGD","PREG","LASTSERVICE",,
168,101,"10/06/07 00:00:00","PREGD","PREG","LASTSERVICE",,
169,101,"09/26/06 00:00:00","PREGD","PREG","LASTSERVICE",,
170,101,"11/13/06 00:00:00","PREGD","PREG","DDUNC",,
171,102,"06/24/07 00:00:00","NVO","PYOMET",,,
172,102,"10/06/07 00:00:00","PREGD","PREG","8 WKS",,
173,102,"09/26/06 00:00:00","PREGD","PREG","LASTSERVICE",,
174,103,"10/20/08 00:00:00","PREGD","EMPTY",,,
175,103,"02/01/09 00:00:00","MTDAYS","EMPTY",,,
176,103,"10/06/07 00:00:00","PREGD","PREG","LASTSERVICE",,
177,103,"09/26/06 00:00:00","PREGD","PREG","LASTSERVICE",,
178,104,"06/24/07 00:00:00","NVO","CYSTOV",,,
179,104,"10/06/07 00:00:00","PREGD","PREG","LASTSERVICE",,
180,104,"09/26/06 00:00:00","PREGD","PREG","LASTSERVICE",,
181,105,"10/20/08 00:00:00","PREGD","EMPTY",,,
182,105,"02/01/09 00:00:00","MTDAYS","EMPTY",,,
183,105,"10/06/07 00:00:00","PREGD","PREG","LASTSERVICE",,
184,105,"09/26/06 00:00:00","PREGD","PREG","LASTSERVICE",,
185,106,"10/06/07 00:00:00","PREGD","PREG","LASTSERVICE",,
186,106,"09/26/06 00:00:00","PREGD","PREG","LASTSERVICE",,
187,107,"06/26/08 00:00:00","NVO","AWF",,,
188,107,"07/06/08 00:00:00","NVO","ANS",,,
189,107,"10/20/08 00:00:00","PREGD","EMPTY",,,
190,107,"02/01/09 00:00:00","MTDAYS","EMPTY",,,
191,107,"10/06/07 00:00:00","PREGD","PREG","LASTSERVICE",,
192,107,"09/26/06 00:00:00","PREGD","PREG","LASTSERVICE",,
193,108,"10/20/08 00:00:00","PREGD","EMPTY",,,
194,108,"02/01/09 00:00:00","MTDAYS","EMPTY",,,
195,108,"10/06/07 00:00:00","PREGD","PREG","10 WKS",,
196,108,"09/26/06 00:00:00","PREGD","PREG","LASTSERVICE",,
197,108,"03/06/04 00:00:00","NEWCOW","PREG","DDUNC",,"04/05/92"
198,109,"10/20/08 00:00:00","PREGD","EMPTY",,,
199,109,"02/01/09 00:00:00","MTDAYS","EMPTY",,,
200,109,"10/06/07 00:00:00","PREGD","PREG","7 WKS",,
201,109,"09/26/06 00:00:00","PREGD","PREG","LASTSERVICE",,
202,110,"10/20/08 00:00:00","PREGD","EMPTY",,,
203,110,"02/01/09 00:00:00","MTDAYS","EMPTY",,,
204,110,"09/29/07 00:00:00","PREGD","PREG","17 WKS",,
205,110,"03/04/05 00:00:00","NEWCOW","PREG","DDUNC",,"11/03/93"
206,110,"09/03/06 00:00:00","PREGD","PREG","34 WKS",,
207,111,"08/31/08 00:00:00","PREGD","PREG","LASTSERVICE",,
208,111,"10/06/07 00:00:00","PREGD","PREG","LASTSERVICE",,
209,111,"09/26/06 00:00:00","PREGD","PREG","LASTSERVICE",,
210,112,"10/20/08 00:00:00","PREGD","EMPTY",,,
211,112,"02/01/09 00:00:00","MTDAYS","EMPTY",,,
212,112,"10/06/07 00:00:00","PREGD","PREG","LASTSERVICE",,
213,112,"09/03/06 00:00:00","PREGD","PREG","10 WKS",,
214,113,"01/27/08 00:00:00","PREGD","PREG","LASTSERVICE",,
215,113,"09/26/06 00:00:00","PREGD","PREG","LASTSERVICE",,
216,114,"10/20/08 00:00:00","PREGD","PREG","9 WKS",,
217,114,"10/06/07 00:00:00","PREGD","PREG","LASTSERVICE",,
218,114,"09/26/06 00:00:00","PREGD","PREG","LASTSERVICE",,
219,115,"10/20/08 00:00:00","PREGD","EMPTY",,,
220,115,"02/01/09 00:00:00","MTDAYS","EMPTY",,,
221,115,"06/24/07 00:00:00","NVO","CYCCLP",,,
222,115,"10/06/07 00:00:00","PREGD","PREG","LASTSERVICE",,
223,115,"09/26/06 00:00:00","PREGD","PREG","LASTSERVICE",,
224,116,"10/20/08 00:00:00","PREGD","EMPTY",,,
225,116,"02/01/09 00:00:00","MTDAYS","EMPTY",,,
226,116,"10/06/07 00:00:00","PREGD","PREG","11 WKS",,
227,116,"09/26/06 00:00:00","PREGD","PREG","2LASTSERVICE",,
228,117,"10/20/08 00:00:00","PREGD","EMPTY",,,
229,117,"02/01/09 00:00:00","MTDAYS","EMPTY",,,
230,117,"10/06/07 00:00:00","PREGD","PREG","LASTSERVICE",,
231,117,"09/03/06 00:00:00","PREGD","PREG","LASTSERVICE",,
232,118,"06/24/07 00:00:00","NVO","AWF",,,
233,118,"10/06/07 00:00:00","PREGD","PREG","LASTSERVICE",,
234,118,"09/03/06 00:00:00","PREGD","PREG","9 WKS",,
235,119,"10/20/08 00:00:00","PREGD","EMPTY",,,
236,119,"02/01/09 00:00:00","MTDAYS","EMPTY",,,
237,119,"10/06/07 00:00:00","PREGD","PREG","LASTSERVICE",,
238,119,"09/26/06 00:00:00","PREGD","PREG","LASTSERVICE",,
239,120,"10/20/08 00:00:00","PREGD","PREG","9 WKS",,
240,120,"10/06/07 00:00:00","PREGD","PREG","LASTSERVICE",,
241,120,"09/26/06 00:00:00","PREGD","PREG","LASTSERVICE",,
242,121,"10/06/07 00:00:00","PREGD","PREG","LASTSERVICE",,
243,121,"09/26/06 00:00:00","PREGD","PREG","LASTSERVICE",,
244,122,"10/20/08 00:00:00","PREGD","PREG","LASTSERVICE",,
245,122,"02/01/09 00:00:00","MTDAYS","EMPTY",,,
246,122,"06/24/07 00:00:00","NVO","CYCCLP",,,
247,122,"10/06/07 00:00:00","PREGD","PREG","LASTSERVICE",,
248,122,"09/26/06 00:00:00","PREGD","PREG","LASTSERVICE",,
249,123,"06/22/08 00:00:00","NVO","CYCCLP",,,
250,123,"10/20/08 00:00:00","PREGD","EMPTY",,,
251,123,"02/01/09 00:00:00","MTDAYS","EMPTY",,,
252,123,"10/06/07 00:00:00","PREGD","PREG","LASTSERVICE",,
253,123,"09/26/06 00:00:00","PREGD","PREG","LASTSERVICE",,
254,124,"10/20/08 00:00:00","PREGD","EMPTY",,,
255,124,"02/01/09 00:00:00","MTDAYS","EMPTY",,,
256,124,"10/06/07 00:00:00","PREGD","PREG","8 WKS",,
257,124,"09/26/06 00:00:00","PREGD","PREG","LASTSERVICE",,
258,125,"09/29/07 00:00:00","PREGD","PREG","11 WKS",,
259,125,"10/06/07 00:00:00","PREGD","PREG","12 WKS",,
260,125,"09/03/06 00:00:00","PREGD","PREG","LASTSERVICE",,
261,126,"08/31/08 00:00:00","PREGD","PREG","LASTSERVICE",,
262,126,"10/06/07 00:00:00","PREGD","PREG","LASTSERVICE",,
263,126,"09/03/06 00:00:00","PREGD","PREG","LASTSERVICE",,
264,127,"10/20/08 00:00:00","PREGD","EMPTY",,,
265,127,"02/01/09 00:00:00","MTDAYS","EMPTY",,,
266,127,"10/06/07 00:00:00","PREGD","PREG","LASTSERVICE",,
267,127,"09/26/06 00:00:00","PREGD","PREG","LASTSERVICE",,
268,128,"10/20/08 00:00:00","PREGD","EMPTY",,,
269,128,"02/01/09 00:00:00","MTDAYS","EMPTY",,,
270,128,"10/06/07 00:00:00","PREGD","PREG","LASTSERVICE",,
271,128,"09/26/06 00:00:00","PREGD","PREG","LASTSERVICE",,
272,129,"10/20/08 00:00:00","PREGD","EMPTY",,,
273,129,"02/01/09 00:00:00","MTDAYS","EMPTY",,,
274,129,"09/29/07 00:00:00","PREGD","PREG","17 WKS",,
275,129,"03/11/05 00:00:00","NEWCOW","PREG","DDUNC",,"11/03/93"
276,129,"09/03/06 00:00:00","PREGD","PREG","35 WKS",,
277,130,"10/20/08 00:00:00","PREGD","EMPTY",,,
278,130,"02/01/09 00:00:00","MTDAYS","EMPTY",,,
279,130,"03/22/06 00:00:00","NEWCOW","PREG","DDUNC",,"11/03/93"
280,130,"09/29/07 00:00:00","PREGD","PREG","17 WKS",,
281,131,"06/22/08 00:00:00","NVO","PYOMET",,,
282,131,"10/20/08 00:00:00","PREGD","EMPTY",,,
283,131,"02/01/09 00:00:00","MTDAYS","EMPTY",,,
284,131,"04/19/06 00:00:00","NEWCOW","PREG","DDUNC",,"01/04/93"
285,131,"09/29/07 00:00:00","PREGD","PREG","14 WKS",,
286,132,"10/20/08 00:00:00","PREGD","EMPTY",,,
287,132,"02/01/09 00:00:00","MTDAYS","EMPTY",,,
288,132,"10/06/07 00:00:00","PREGD","PREG","LASTSERVICE",,
289,132,"09/26/06 00:00:00","PREGD","PREG","LASTSERVICE",,
290,133,"10/20/08 00:00:00","PREGD","EMPTY",,,
291,133,"02/01/09 00:00:00","MTDAYS","EMPTY",,,
292,133,"04/07/06 00:00:00","NEWCOW","PREG","DDUNC",,"13/03/93"
293,133,"09/29/07 00:00:00","PREGD","PREG","LASTSERVICE",,
294,134,"08/31/08 00:00:00","PREGD","PREG","LASTSERVICE",,
295,134,"02/01/09 00:00:00","MTDAYS","EMPTY",,,
296,134,"10/06/07 00:00:00","PREGD","PREG","LASTSERVICE",,
297,134,"09/26/06 00:00:00","PREGD","PREG","LASTSERVICE",,
298,135,"06/22/08 00:00:00","NVO","CYCCLP",,,
299,135,"10/20/08 00:00:00","PREGD","EMPTY",,,
300,135,"02/01/09 00:00:00","MTDAYS","EMPTY",,,
301,135,"10/06/07 00:00:00","PREGD","PREG","LASTSERVICE",,
302,135,"09/26/06 00:00:00","PREGD","PREG","LASTSERVICE",,
303,136,"10/20/08 00:00:00","PREGD","EMPTY",,,
304,136,"02/01/09 00:00:00","MTDAYS","EMPTY",,,
305,136,"10/06/07 00:00:00","PREGD","PREG","LASTSERVICE",,
306,136,"09/26/06 00:00:00","PREGD","PREG","LASTSERVICE",,
307,137,"10/06/07 00:00:00","PREGD","PREG","LASTSERVICE",,
308,137,"09/26/06 00:00:00","PREGD","PREG","LASTSERVICE",,
309,138,"10/20/08 00:00:00","PREGD","EMPTY",,,
310,138,"02/01/09 00:00:00","MTDAYS","EMPTY",,,
311,138,"04/12/06 00:00:00","NEWCOW","PREG","DDUNC",,"12/03/93"
312,138,"09/29/07 00:00:00","PREGD","PREG","LASTSERVICE",,
313,139,"10/06/07 00:00:00","PREGD","PREG","LASTSERVICE",,
314,139,"09/26/06 00:00:00","PREGD","PREG","LASTSERVICE",,
315,140,"01/27/08 00:00:00","PREGD","PREG","LASTSERVICE",,
316,140,"09/26/06 00:00:00","PREGD","PREG","LASTSERVICE",,
317,141,"10/20/08 00:00:00","PREGD","EMPTY",,,
318,141,"02/01/09 00:00:00","MTDAYS","EMPTY",,,
319,141,"01/27/08 00:00:00","PREGD","PREG","LASTSERVICE",,
320,141,"09/26/06 00:00:00","PREGD","PREG","LASTSERVICE",,
321,142,"06/26/08 00:00:00","NVO","CYSTOV",,,
322,142,"10/20/08 00:00:00","PREGD","EMPTY",,,
323,142,"02/01/09 00:00:00","MTDAYS","PREG","10 WKS",,
324,142,"10/06/07 00:00:00","PREGD","PREG","LASTSERVICE",,
325,142,"09/03/06 00:00:00","PREGD","PREG","10 WKS",,
326,143,"10/20/08 00:00:00","PREGD","EMPTY",,,
327,143,"02/01/09 00:00:00","MTDAYS","PREG","8 WKS",,
328,143,"10/06/07 00:00:00","PREGD","PREG","LASTSERVICE",,
329,143,"09/26/06 00:00:00","PREGD","PREG","LASTSERVICE",,
330,144,"10/20/08 00:00:00","PREGD","EMPTY",,,
331,144,"02/01/09 00:00:00","MTDAYS","PREG","14 WKS",,
332,144,"10/06/07 00:00:00","PREGD","PREG","LASTSERVICE",,
333,144,"09/03/06 00:00:00","PREGD","PREG","10 WKS",,
334,145,"08/31/08 00:00:00","PREGD","PREG","7 WKS",,
336,145,"10/06/07 00:00:00","PREGD","PREG","LASTSERVICE",,
337,145,"09/26/06 00:00:00","PREGD","PREG","LASTSERVICE",,
338,146,"10/20/08 00:00:00","PREGD","EMPTY",,,
339,146,"02/01/09 00:00:00","MTDAYS","PREG","13 WKS",,
340,146,"10/06/07 00:00:00","PREGD","PREG","LASTSERVICE",,
341,146,"09/26/06 00:00:00","PREGD","PREG","2LASTSERVICE",,
342,146,"04/11/04 00:00:00","NEWCOW","PREG","DDUNC",,"08/04/92"
343,147,"06/22/08 00:00:00","NVO","AWF",,,
344,147,"07/06/08 00:00:00","NVO","AWF",,,
345,147,"10/20/08 00:00:00","PREGD","EMPTY",,,
346,147,"02/01/09 00:00:00","MTDAYS","PREG","14 WKS",,
347,147,"10/06/07 00:00:00","PREGD","PREG","9 WKS",,
348,147,"09/03/06 00:00:00","PREGD","PREG","LASTSERVICE",,
349,148,"06/22/08 00:00:00","NVO","ANS",,,
350,148,"07/06/08 00:00:00","NVO","AWF",,,
351,148,"10/20/08 00:00:00","PREGD","EMPTY",,,
352,148,"02/01/09 00:00:00","MTDAYS","PREG","10 WKS",,
353,148,"03/21/06 00:00:00","NEWCOW","PREG","DDUNC",,"01/04/93"
354,148,"09/29/07 00:00:00","PREGD","PREG","14 WKS",,
355,149,"10/20/08 00:00:00","PREGD","EMPTY",,,
356,149,"02/01/09 00:00:00","MTDAYS","PREG","14 WKS",,
357,149,"06/24/07 00:00:00","NVO","ANS",,,
358,149,"10/06/07 00:00:00","PREGD","PREG","LASTSERVICE",,
359,149,"09/26/06 00:00:00","PREGD","PREG","LASTSERVICE",,
360,150,"10/20/08 00:00:00","PREGD","EMPTY",,,
361,150,"02/01/09 00:00:00","MTDAYS","PREG","13 WKS",,
362,150,"10/06/07 00:00:00","PREGD","PREG","13 WKS",,
363,150,"09/26/06 00:00:00","PREGD","PREG","LASTSERVICE",,
364,150,"08/01/04 00:00:00","NEWCOW","PREG","DDUNC",,"16/04/92"
365,151,"10/20/08 00:00:00","PREGD","EMPTY",,,
366,151,"02/01/09 00:00:00","MTDAYS","PREG","11 WKS",,
367,151,"10/06/07 00:00:00","PREGD","PREG","LASTSERVICE",,
368,151,"09/26/06 00:00:00","PREGD","PREG","LASTSERVICE",,
369,152,"10/20/08 00:00:00","PREGD","EMPTY",,,
370,152,"02/01/09 00:00:00","MTDAYS","PREG","13 WKS",,
371,152,"10/06/07 00:00:00","PREGD","PREG","LASTSERVICE",,
372,152,"09/03/06 00:00:00","PREGD","PREG","LASTSERVICE",,
373,154,"10/20/08 00:00:00","PREGD","EMPTY",,,
374,154,"02/01/09 00:00:00","MTDAYS","PREG","10 WKS",,
375,154,"10/06/07 00:00:00","PREGD","PREG","LASTSERVICE",,
376,154,"09/26/06 00:00:00","PREGD","PREG","LASTSERVICE",,
377,155,"06/22/08 00:00:00","NVO","CYSTOV",,,
378,155,"10/20/08 00:00:00","PREGD","EMPTY",,,
379,155,"02/01/09 00:00:00","MTDAYS","PREG","14 WKS",,
380,155,"10/06/07 00:00:00","PREGD","PREG","LASTSERVICE",,
381,155,"09/26/06 00:00:00","PREGD","PREG","LASTSERVICE",,
382,156,"10/20/08 00:00:00","PREGD","EMPTY",,,
383,156,"10/06/07 00:00:00","PREGD","PREG","LASTSERVICE",,
384,156,"09/26/06 00:00:00","PREGD","PREG","LASTSERVICE",,
385,157,"06/22/08 00:00:00","NVO","ANS",,,
386,157,"07/06/08 00:00:00","NVO","AWF",,,
387,157,"10/20/08 00:00:00","PREGD","EMPTY",,,
388,157,"02/01/09 00:00:00","MTDAYS","PREG","14 WKS",,
389,157,"03/13/06 00:00:00","NEWCOW","PREG","DDUNC",,"18/03/93"
390,157,"09/29/07 00:00:00","PREGD","PREG","16 WKS",,
391,158,"08/31/08 00:00:00","PREGD","PREG","LASTSERVICE",,
392,158,"10/06/07 00:00:00","PREGD","PREG","LASTSERVICE",,
393,158,"09/26/06 00:00:00","PREGD","PREG","LASTSERVICE",,
394,159,"10/20/08 00:00:00","PREGD","EMPTY",,,
395,159,"02/01/09 00:00:00","MTDAYS","PREG","14 WKS",,
396,159,"03/11/06 00:00:00","NEWCOW","PREG","DDUNC",,"08/04/93"
397,159,"09/29/07 00:00:00","PREGD","PREG","13 WKS",,
398,160,"08/31/08 00:00:00","PREGD","PREG","LASTSERVICE",,
399,160,"10/06/07 00:00:00","PREGD","PREG","LASTSERVICE",,
400,160,"09/26/06 00:00:00","PREGD","PREG","LASTSERVICE",,
401,161,"10/20/08 00:00:00","PREGD","EMPTY",,,
402,161,"02/01/09 00:00:00","MTDAYS","PREG","14 WKS",,
403,161,"10/06/07 00:00:00","PREGD","PREG","LASTSERVICE",,
404,161,"09/26/06 00:00:00","PREGD","PREG","LASTSERVICE",,
405,162,"03/11/07 00:00:00","NEWCOW","PREG","DDUNC",,"31/03/94"
406,162,"08/03/08 00:00:00","PREGD","PREG","6 WKS",,
408,163,"08/31/08 00:00:00","PREGD","PREG","LASTSERVICE",,
410,163,"03/05/06 00:00:00","NEWCOW","PREG","DDUNC",,"01/04/93"
411,163,"09/29/07 00:00:00","PREGD","PREG","14 WKS",,
412,164,"06/22/08 00:00:00","NVO","AWF",,,
413,164,"07/06/08 00:00:00","NVO","CYCCLP",,,
414,164,"10/20/08 00:00:00","PREGD","EMPTY",,,
415,164,"02/01/09 00:00:00","MTDAYS","PREG","10 WKS",,
416,164,"01/27/08 00:00:00","PREGD","PREG","LASTSERVICE",,
417,164,"09/03/06 00:00:00","PREGD","PREG","LASTSERVICE",,
418,165,"09/26/06 00:00:00","PREGD","PREG","LASTSERVICE",,
422,167,"08/31/08 00:00:00","PREGD","PREG","LASTSERVICE",,
423,167,"10/06/07 00:00:00","PREGD","PREG","LASTSERVICE",,
424,167,"09/26/06 00:00:00","PREGD","PREG","LASTSERVICE",,
428,168,"03/20/07 00:00:00","NEWCOW","PREG","DDUNC",,"12/03/94"
429,168,"08/03/08 00:00:00","PREGD","PREG","LASTSERVICE",,
431,169,"08/31/08 00:00:00","PREGD","PREG","10 WKS",,
432,169,"10/06/07 00:00:00","PREGD","PREG","LASTSERVICE",,
433,169,"09/03/06 00:00:00","PREGD","PREG","LASTSERVICE",,
435,170,"03/14/07 00:00:00","NEWCOW","PREG","DDUNC",,"11/03/94"
436,170,"08/03/08 00:00:00","PREGD","PREG","LASTSERVICE",,
440,171,"08/31/08 00:00:00","PREGD","PREG","LASTSERVICE",,
441,171,"03/19/06 00:00:00","NEWCOW","PREG","DDUNC",,"12/03/93"
442,171,"09/29/07 00:00:00","PREGD","PREG","LASTSERVICE",,
445,172,"10/20/08 00:00:00","PREGD","PREG","9 WKS",,
446,172,"03/12/06 00:00:00","NEWCOW","PREG","DDUNC",,"11/03/93"
447,172,"09/29/07 00:00:00","PREGD","PREG","17 WKS",,
450,173,"08/31/08 00:00:00","PREGD","PREG","LASTSERVICE",,
451,173,"10/06/07 00:00:00","PREGD","PREG","LASTSERVICE",,
452,173,"09/03/06 00:00:00","PREGD","PREG","11 WKS",,
456,174,"04/01/07 00:00:00","NEWCOW","PREG","DDUNC",,"11/03/94"
457,174,"08/03/08 00:00:00","PREGD","PREG","LASTSERVICE",,
461,175,"08/31/08 00:00:00","PREGD","PREG","LASTSERVICE",,
462,175,"03/17/06 00:00:00","NEWCOW","PREG","DDUNC",,"12/03/93"
463,175,"09/29/07 00:00:00","PREGD","PSPREG",,,"Recheck"
464,175,"01/27/08 00:00:00","PREGD","PREG","LASTSERVICE",,
467,176,"10/20/08 00:00:00","PREGD","PREG","9 WKS",,
468,176,"10/06/07 00:00:00","PREGD","PREG","LASTSERVICE",,
469,176,"09/26/06 00:00:00","PREGD","PREG","LASTSERVICE",,
472,177,"06/26/08 00:00:00","NVO","AWF",,,
473,177,"08/31/08 00:00:00","PREGD","PREG","LASTSERVICE",,
474,177,"06/24/07 00:00:00","NVO","ANS",,,
475,177,"10/06/07 00:00:00","PREGD","PREG","9 WKS",,
476,177,"09/26/06 00:00:00","PREGD","PREG","LASTSERVICE",,
480,178,"08/31/08 00:00:00","PREGD","PREG","LASTSERVICE",,
481,178,"10/06/07 00:00:00","PREGD","PREG","LASTSERVICE",,
482,178,"09/26/06 00:00:00","PREGD","PREG","LASTSERVICE",,
485,179,"08/31/08 00:00:00","PREGD","PREG","LASTSERVICE",,
486,179,"03/05/06 00:00:00","NEWCOW","PREG","DDUNC",,"08/04/93"
487,179,"09/29/07 00:00:00","PREGD","PREG","13 WKS",,
491,180,"08/31/08 00:00:00","PREGD","PREG","2LASTSERVICE",,
492,180,"03/27/06 00:00:00","NEWCOW","PREG","DDUNC",,"12/03/93"
493,180,"09/29/07 00:00:00","PREGD","PREG","LASTSERVICE",,
497,181,"04/02/07 00:00:00","NEWCOW","PREG","DDUNC",,"31/03/94"
498,181,"08/03/08 00:00:00","PREGD","PREG","6 WKS",,
502,182,"04/03/07 00:00:00","NEWCOW","PREG","DDUNC",,"11/03/94"
503,182,"08/03/08 00:00:00","PREGD","PREG","LASTSERVICE",,
506,183,"08/31/08 00:00:00","PREGD","PREG","LASTSERVICE",,
507,183,"10/06/07 00:00:00","PREGD","PREG","LASTSERVICE",,
508,183,"09/26/06 00:00:00","PREGD","PREG","LASTSERVICE",,
510,184,"06/26/08 00:00:00","NVO","CYCCLP",,,
511,184,"07/06/08 00:00:00","NVO","AWF",,,
512,184,"08/31/08 00:00:00","PREGD","PREG","LASTSERVICE",,
513,184,"10/06/07 00:00:00","PREGD","PREG","13 WKS",,
514,184,"09/26/06 00:00:00","PREGD","PREG","3LASTSERVICE",,
516,185,"08/31/08 00:00:00","PREGD","PREG","13 WKS",,
517,185,"10/06/07 00:00:00","PREGD","PREG","LASTSERVICE",,
518,185,"09/26/06 00:00:00","PREGD","PREG","2LASTSERVICE",,
523,186,"08/31/08 00:00:00","PREGD","PREG","LASTSERVICE",,
524,186,"10/06/07 00:00:00","PREGD","PREG","LASTSERVICE",,
525,186,"09/26/06 00:00:00","PREGD","PREG","LASTSERVICE",,
529,187,"08/31/08 00:00:00","PREGD","PREG","LASTSERVICE",,
530,187,"10/06/07 00:00:00","PREGD","PREG","8 WKS",,
531,187,"09/26/06 00:00:00","PREGD","PREG","2LASTSERVICE",,
535,188,"06/26/08 00:00:00","NVO","ANS",,,
536,188,"08/31/08 00:00:00","PREGD","PREG","LASTSERVICE",,
537,188,"10/06/07 00:00:00","PREGD","PREG","LASTSERVICE",,
538,188,"09/03/06 00:00:00","PREGD","PREG","10 WKS",,
540,189,"10/20/08 00:00:00","PREGD","PREG","10 WKS",,
541,189,"10/06/07 00:00:00","PREGD","PREG","LASTSERVICE",,
542,189,"09/26/06 00:00:00","PREGD","PREG","LASTSERVICE",,
543,190,"08/31/08 00:00:00","PREGD","PREG","LASTSERVICE",,
544,190,"10/06/07 00:00:00","PREGD","PREG","LASTSERVICE",,
545,190,"09/26/06 00:00:00","PREGD","PREG","LASTSERVICE",,
549,191,"10/20/08 00:00:00","PREGD","PREG","14 WKS",,
550,191,"10/06/07 00:00:00","PREGD","PREG","LASTSERVICE",,
551,191,"09/03/06 00:00:00","PREGD","PREG","LASTSERVICE",,
555,192,"08/31/08 00:00:00","PREGD","PREG","7 WKS",,
556,192,"03/21/06 00:00:00","NEWCOW","PREG","DDUNC",,"12/03/93"
557,192,"09/29/07 00:00:00","PREGD","PREG","LASTSERVICE",,
561,193,"03/31/07 00:00:00","NEWCOW","PREG","DDUNC",,"11/03/94"
562,193,"08/03/08 00:00:00","PREGD","PREG","LASTSERVICE",,
566,194,"04/07/07 00:00:00","NEWCOW","PREG","DDUNC",,"31/03/94"
567,194,"08/03/08 00:00:00","PREGD","PREG","6 WKS",,
570,195,"08/31/08 00:00:00","PREGD","PREG","LASTSERVICE",,
571,195,"10/06/07 00:00:00","PREGD","PREG","LASTSERVICE",,
575,196,"08/31/08 00:00:00","PREGD","PREG","LASTSERVICE",,
576,196,"03/20/06 00:00:00","NEWCOW","PREG","DDUNC",,"13/03/93"
577,196,"09/29/07 00:00:00","PREGD","PREG","LASTSERVICE",,
581,197,"08/31/08 00:00:00","PREGD","PREG","LASTSERVICE",,
582,197,"10/06/07 00:00:00","PREGD","PREG","15 WKS",,
585,198,"03/18/07 00:00:00","NEWCOW","PREG","DDUNC",,"11/03/94"
586,198,"08/03/08 00:00:00","PREGD","PREG","LASTSERVICE",,
591,199,"08/31/08 00:00:00","PREGD","PREG","2LASTSERVICE",,
592,199,"10/06/07 00:00:00","PREGD","PREG","LASTSERVICE",,
593,199,"09/03/06 00:00:00","PREGD","PREG","LASTSERVICE",,
597,200,"10/20/08 00:00:00","PREGD","PREG","LASTSERVICE",,
598,200,"10/06/07 00:00:00","PREGD","PREG","LASTSERVICE",,
599,200,"09/03/06 00:00:00","PREGD","PREG","5 WKS",,
603,201,"10/20/08 00:00:00","PREGD","PREG","9 WKS",,
604,201,"09/29/07 00:00:00","PREGD","PREG","16 WKS",,
605,201,"03/26/05 00:00:00","NEWCOW","PREG","DDUNC",,"18/03/93"
606,201,"09/03/06 00:00:00","PREGD","PREG","34 WKS",,
610,202,"03/08/07 00:00:00","NEWCOW","PREG","DDUNC",,"11/03/94"
611,202,"08/03/08 00:00:00","PREGD","PREG","LASTSERVICE",,
615,203,"03/26/07 00:00:00","NEWCOW","PREG","DDUNC",,"11/03/94"
616,203,"08/03/08 00:00:00","PREGD","PREG","LASTSERVICE",,
619,204,"08/31/08 00:00:00","PREGD","PREG","LASTSERVICE",,
620,204,"10/06/07 00:00:00","PREGD","PREG","LASTSERVICE",,
624,205,"03/04/07 00:00:00","NEWCOW","PREG","DDUNC",,"07/04/94"
625,205,"08/03/08 00:00:00","PREGD","PREG","5 WKS",,
628,206,"08/31/08 00:00:00","PREGD","PREG","LASTSERVICE",,
629,206,"10/06/07 00:00:00","PREGD","PREG","LASTSERVICE",,
630,206,"09/26/06 00:00:00","PREGD","PREG","LASTSERVICE",,
632,207,"08/31/08 00:00:00","PREGD","PREG","2LASTSERVICE",,
633,207,"10/06/07 00:00:00","PREGD","PREG","LASTSERVICE",,
634,207,"09/26/06 00:00:00","PREGD","PREG","LASTSERVICE",,
638,208,"08/31/08 00:00:00","PREGD","PREG","LASTSERVICE",,
639,208,"10/06/07 00:00:00","PREGD","PREG","9 WKS",,
640,208,"09/26/06 00:00:00","PREGD","PREG","LASTSERVICE",,
642,209,"08/31/08 00:00:00","PREGD","PREG","LASTSERVICE",,
643,209,"10/06/07 00:00:00","PREGD","PREG","LASTSERVICE",,
644,209,"09/26/06 00:00:00","PREGD","PREG","LASTSERVICE",,
650,210,"08/31/08 00:00:00","PREGD","PREG","LASTSERVICE",,
651,210,"10/06/07 00:00:00","PREGD","PREG","LASTSERVICE",,
652,210,"09/03/06 00:00:00","PREGD","PREG","LASTSERVICE",,
656,211,"08/31/08 00:00:00","PREGD","PREG","LASTSERVICE",,
657,211,"10/06/07 00:00:00","PREGD","PREG","10 WKS",,
658,211,"09/26/06 00:00:00","PREGD","PREG","LASTSERVICE",,
665,212,"10/20/08 00:00:00","PREGD","PREG","8 WKS",,
666,212,"10/06/07 00:00:00","PREGD","PREG","LASTSERVICE",,
667,212,"09/26/06 00:00:00","PREGD","PREG","LASTSERVICE",,
668,212,"04/24/99 00:00:00","NEWCOW","PREG","DDUNC",,"05/09/96"
674,213,"06/22/08 00:00:00","NVO","CYCCLP",,,
675,213,"08/31/08 00:00:00","PREGD","PREG","LASTSERVICE",,
676,213,"10/06/07 00:00:00","PREGD","PREG","LASTSERVICE",,
677,213,"09/26/06 00:00:00","PREGD","PREG","LASTSERVICE",,
680,214,"08/31/08 00:00:00","PREGD","PREG","LASTSERVICE",,
681,214,"10/06/07 00:00:00","PREGD","PREG","LASTSERVICE",,
682,214,"09/26/06 00:00:00","PREGD","PREG","LASTSERVICE",,
686,215,"08/31/08 00:00:00","PREGD","PREG","2LASTSERVICE",,
687,215,"10/06/07 00:00:00","PREGD","PREG","LASTSERVICE",,
688,215,"09/03/06 00:00:00","PREGD","PREG","7 WKS",,
692,216,"08/31/08 00:00:00","PREGD","PREG","LASTSERVICE",,
693,216,"10/06/07 00:00:00","PREGD","PREG","LASTSERVICE",,
694,216,"09/26/06 00:00:00","PREGD","PREG","LASTSERVICE",,
695,216,"09/12/01 00:00:00","NEWCOW","PREG","DDUNC",,"17/08/96"
700,217,"06/22/08 00:00:00","NVO","CYCCLP",,,
701,217,"08/31/08 00:00:00","PREGD","PREG","LASTSERVICE",,
702,217,"10/06/07 00:00:00","PREGD","PREG","LASTSERVICE",,
703,217,"09/26/06 00:00:00","PREGD","PREG","LASTSERVICE",,
705,218,"10/06/07 00:00:00","PREGD","PREG","9 WKS",,
706,218,"09/26/06 00:00:00","PREGD","PREG","LASTSERVICE",,
707,219,"08/03/08 00:00:00","PREGD","EMPTY",,,"Freemartin"
711,220,"08/31/08 00:00:00","PREGD","PREG","LASTSERVICE",,
712,220,"10/06/07 00:00:00","PREGD","PREG","LASTSERVICE",,
713,220,"09/26/06 00:00:00","PREGD","PREG","LASTSERVICE",,
716,221,"08/31/08 00:00:00","PREGD","PREG","LASTSERVICE",,
717,221,"10/06/07 00:00:00","PREGD","PREG","LASTSERVICE",,
718,221,"03/20/05 00:00:00","NEWCOW","PREG","DDUNC",,"07/05/92"
719,221,"09/03/06 00:00:00","PREGD","PREG","5 WKS",,
725,222,"08/31/08 00:00:00","PREGD","PREG","LASTSERVICE",,
726,222,"10/06/07 00:00:00","PREGD","PREG","LASTSERVICE",,
727,222,"09/26/06 00:00:00","PREGD","PREG","LASTSERVICE",,
732,223,"08/31/08 00:00:00","PREGD","PREG","LASTSERVICE",,
733,223,"03/19/06 00:00:00","NEWCOW","PREG","DDUNC",,"12/03/93"
734,223,"09/29/07 00:00:00","PREGD","PREG","LASTSERVICE",,
736,224,"08/31/08 00:00:00","PREGD","PREG","LASTSERVICE",,
737,224,"10/06/07 00:00:00","PREGD","PREG","LASTSERVICE",,
738,224,"09/26/06 00:00:00","PREGD","PREG","LASTSERVICE",,
739,224,"11/13/06 00:00:00","PREGD","PREG","DDUNC",,
743,225,"08/31/08 00:00:00","PREGD","PREG","LASTSERVICE",,
744,225,"03/16/06 00:00:00","NEWCOW","PREG","DDUNC",,"15/04/93"
745,225,"09/29/07 00:00:00","PREGD","PREG","12 WKS",,
749,226,"08/31/08 00:00:00","PREGD","PREG","LASTSERVICE",,
750,226,"09/29/07 00:00:00","PREGD","PREG","17 WKS",,
751,226,"04/17/05 00:00:00","NEWCOW","PREG","DDUNC",,"11/03/93"
752,226,"09/03/06 00:00:00","PREGD","PREG","38 WKS",,
758,227,"06/22/08 00:00:00","NVO","ANS",,,
759,227,"10/20/08 00:00:00","PREGD","PREG","11 WKS",,
760,227,"03/28/06 00:00:00","NEWCOW","PREG","DDUNC",,"06/08/96"
761,227,"09/29/07 00:00:00","PREGD","PREG","12 WKS",,
764,228,"10/20/08 00:00:00","PREGD","PREG","LASTSERVICE",,
765,228,"10/06/07 00:00:00","PREGD","PREG","LASTSERVICE",,
766,228,"09/03/06 00:00:00","PREGD","PREG","LASTSERVICE",,
768,229,"10/20/08 00:00:00","PREGD","PREG","9 WKS",,
769,229,"10/06/07 00:00:00","PREGD","PREG","LASTSERVICE",,
770,229,"09/26/06 00:00:00","PREGD","PREG","LASTSERVICE",,
773,230,"08/31/08 00:00:00","PREGD","PREG","LASTSERVICE",,
774,230,"10/06/07 00:00:00","PREGD","PREG","LASTSERVICE",,
775,230,"09/26/06 00:00:00","PREGD","PREG","LASTSERVICE",,
779,231,"08/03/08 00:00:00","PREGD","PREG","LASTSERVICE",,
781,232,"03/09/07 00:00:00","NEWCOW","PREG","DDUNC",,"11/03/94"
782,232,"08/03/08 00:00:00","PREGD","PREG","LASTSERVICE",,
786,233,"08/31/08 00:00:00","PREGD","PREG","LASTSERVICE",,
787,233,"03/26/06 00:00:00","NEWCOW","PREG","DDUNC",,"11/03/93"
788,233,"09/29/07 00:00:00","PREGD","PREG","17 WKS",,
790,234,"08/31/08 00:00:00","PREGD","PREG","LASTSERVICE",,
791,234,"10/06/07 00:00:00","PREGD","PREG","LASTSERVICE",,
792,234,"09/26/06 00:00:00","PREGD","PREG","LASTSERVICE",,
802,236,"10/20/08 00:00:00","PREGD","PREG","LASTSERVICE",,
803,236,"03/27/06 00:00:00","NEWCOW","PREG","DDUNC",,"22/04/93"
804,236,"09/29/07 00:00:00","PREGD","PREG","11 WKS",,
806,237,"08/31/08 00:00:00","PREGD","PREG","LASTSERVICE",,
807,237,"10/06/07 00:00:00","PREGD","PREG","LASTSERVICE",,
808,237,"09/26/06 00:00:00","PREGD","PREG","LASTSERVICE",,
810,238,"06/22/08 00:00:00","NVO","CYCCLP",,,
811,238,"08/31/08 00:00:00","PREGD","PREG","LASTSERVICE",,
812,238,"10/06/07 00:00:00","PREGD","PREG","LASTSERVICE",,
813,238,"09/03/06 00:00:00","PREGD","PREG","LASTSERVICE",,
815,239,"10/20/08 00:00:00","PREGD","PREG","9 WKS",,
816,239,"10/06/07 00:00:00","PREGD","PREG","LASTSERVICE",,
817,239,"09/26/06 00:00:00","PREGD","PREG","LASTSERVICE",,
820,240,"10/20/08 00:00:00","PREGD","PREG","10 WKS",,
821,240,"10/06/07 00:00:00","PREGD","PREG","LASTSERVICE",,
822,240,"09/26/06 00:00:00","PREGD","PREG","LASTSERVICE",,
825,241,"06/22/08 00:00:00","NVO","ANS",,,
826,241,"08/31/08 00:00:00","PREGD","PREG","LASTSERVICE",,
827,241,"10/06/07 00:00:00","PREGD","PREG","LASTSERVICE",,
828,241,"09/26/06 00:00:00","PREGD","PREG","LASTSERVICE",,
831,242,"03/23/07 00:00:00","NEWCOW","PREG","DDUNC",,"07/04/94"
832,242,"08/03/08 00:00:00","PREGD","PREG","5 WKS",,
836,243,"08/03/08 00:00:00","PREGD","PREG","6 WKS",,
841,244,"08/31/08 00:00:00","PREGD","PREG","LASTSERVICE",,
842,244,"10/06/07 00:00:00","PREGD","PREG","LASTSERVICE",,
843,244,"09/26/06 00:00:00","PREGD","PREG","2LASTSERVICE",,
845,245,"08/31/08 00:00:00","PREGD","PREG","LASTSERVICE",,
846,245,"10/06/07 00:00:00","PREGD","PREG","LASTSERVICE",,
847,245,"09/26/06 00:00:00","PREGD","PREG","2LASTSERVICE",,
848,245,"08/01/04 00:00:00","NEWCOW","PREG","DDUNC",,"28/03/92"
853,246,"03/17/07 00:00:00","NEWCOW","PREG","DDUNC",,"11/03/94"
854,246,"08/03/08 00:00:00","PREGD","PREG","LASTSERVICE",,
859,248,"10/20/08 00:00:00","PREGD","PREG","10 WKS",,
860,248,"10/06/07 00:00:00","PREGD","PREG","LASTSERVICE",,
861,248,"09/26/06 00:00:00","PREGD","PREG","LASTSERVICE",,
863,249,"08/31/08 00:00:00","PREGD","PREG","7 WKS",,
864,249,"10/06/07 00:00:00","PREGD","PREG","LASTSERVICE",,
865,249,"09/03/06 00:00:00","PREGD","PREG","LASTSERVICE",,
868,250,"08/31/08 00:00:00","PREGD","PREG","LASTSERVICE",,
869,250,"10/06/07 00:00:00","PREGD","PREG","LASTSERVICE",,
870,250,"09/03/06 00:00:00","PREGD","PREG","LASTSERVICE",,
874,251,"08/31/08 00:00:00","PREGD","PREG","LASTSERVICE",,
875,251,"10/06/07 00:00:00","PREGD","PREG","LASTSERVICE",,
876,251,"09/26/06 00:00:00","PREGD","PREG","LASTSERVICE",,
881,252,"08/03/08 00:00:00","PREGD","EMPTY",,,
883,253,"08/31/08 00:00:00","PREGD","PREG","9 WKS",,
884,253,"04/30/06 00:00:00","NEWCOW","PREG","DDUNC",,"08/04/93"
885,253,"09/29/07 00:00:00","PREGD","PREG","13 WKS",,
887,254,"02/01/09 00:00:00","MTDAYS","PREG","2LASTSERVICE",,
888,254,"09/29/07 00:00:00","PREGD","PREG","11 WKS",,
889,254,"10/06/07 00:00:00","PREGD","PREG","12 WKS",,
890,254,"09/03/06 00:00:00","PREGD","PREG","LASTSERVICE",,
894,255,"08/31/08 00:00:00","PREGD","PREG","LASTSERVICE",,
895,255,"10/06/07 00:00:00","PREGD","PREG","LASTSERVICE",,
896,255,"03/31/05 00:00:00","NEWCOW","PREG","DDUNC",,"13/03/92"
897,255,"09/03/06 00:00:00","PREGD","PREG","LASTSERVICE",,
901,256,"08/31/08 00:00:00","PREGD","PREG","LASTSERVICE",,
902,256,"10/06/07 00:00:00","PREGD","PREG","LASTSERVICE",,
903,256,"09/03/06 00:00:00","PREGD","PREG","10 WKS",,
909,257,"08/31/08 00:00:00","PREGD","PREG","LASTSERVICE",,
910,257,"10/06/07 00:00:00","PREGD","PREG","LASTSERVICE",,
911,257,"03/23/05 00:00:00","NEWCOW","PREG","DDUNC",,"06/08/96"
912,257,"09/03/06 00:00:00","PREGD","PREG","10 WKS",,
916,258,"08/31/08 00:00:00","PREGD","PREG","LASTSERVICE",,
917,258,"06/24/07 00:00:00","NVO","CYCCLP",,,
918,258,"10/06/07 00:00:00","PREGD","PREG","10 WKS",,
919,258,"09/03/06 00:00:00","PREGD","PREG","LASTSERVICE",,
922,259,"08/31/08 00:00:00","PREGD","PREG","LASTSERVICE",,
923,259,"03/04/06 00:00:00","NEWCOW","PREG","DDUNC",,"11/03/93"
924,259,"09/29/07 00:00:00","PREGD","PREG","17 WKS",,
929,260,"03/03/07 00:00:00","NEWCOW","PREG","DDUNC",,"07/04/94"
930,260,"08/03/08 00:00:00","PREGD","PREG","5 WKS",,
933,261,"08/31/08 00:00:00","PREGD","PREG","LASTSERVICE",,
934,261,"10/06/07 00:00:00","PREGD","PREG","16 WKS",,
935,261,"09/03/06 00:00:00","PREGD","PREG","10 WKS",,
937,262,"08/31/08 00:00:00","PREGD","PREG","LASTSERVICE",,
938,262,"10/06/07 00:00:00","PREGD","PREG","16 WKS",,
939,262,"09/26/06 00:00:00","PREGD","PREG","LASTSERVICE",,
941,263,"08/31/08 00:00:00","PREGD","PREG","LASTSERVICE",,
942,263,"10/06/07 00:00:00","PREGD","PREG","LASTSERVICE",,
943,263,"09/26/06 00:00:00","PREGD","PREG","LASTSERVICE",,
944,263,"10/01/06 00:00:00","PREGD","PREG","DDUNC",,
948,264,"08/31/08 00:00:00","PREGD","PREG","LASTSERVICE",,
949,264,"10/06/07 00:00:00","PREGD","PREG","LASTSERVICE",,
950,264,"09/03/06 00:00:00","PREGD","PREG","LASTSERVICE",,
955,265,"08/31/08 00:00:00","PREGD","PREG","LASTSERVICE",,
956,265,"10/06/07 00:00:00","PREGD","PREG","LASTSERVICE",,
957,265,"09/03/06 00:00:00","PREGD","PREG","LASTSERVICE",,
959,266,"10/20/08 00:00:00","PREGD","PREG","10 WKS",,
960,266,"09/29/07 00:00:00","PREGD","PREG","9 WKS",,
961,266,"10/06/07 00:00:00","PREGD","PREG","10 WKS",,
962,266,"09/03/06 00:00:00","PREGD","PREG","9 WKS",,
965,267,"08/31/08 00:00:00","PREGD","PREG","LASTSERVICE",,
966,267,"10/06/07 00:00:00","PREGD","PREG","LASTSERVICE",,
967,267,"09/03/06 00:00:00","PREGD","PREG","10 WKS",,
972,268,"06/22/08 00:00:00","NVO","AWF",,,
973,268,"10/20/08 00:00:00","PREGD","PREG","11 WKS",,
974,268,"10/06/07 00:00:00","PREGD","PREG","LASTSERVICE",,
975,268,"09/03/06 00:00:00","PREGD","PREG","10 WKS",,
979,269,"03/22/07 00:00:00","NEWCOW","PREG","DDUNC",,"11/03/94"
980,269,"08/03/08 00:00:00","PREGD","PREG","LASTSERVICE",,
985,270,"08/31/08 00:00:00","PREGD","PREG","LASTSERVICE",,
986,270,"09/29/07 00:00:00","PREGD","PREG","12 WKS",,
987,270,"03/29/05 00:00:00","NEWCOW","PREG","DDUNC",,"15/04/93"
988,270,"09/03/06 00:00:00","PREGD","PREG","35 WKS",,
992,271,"08/31/08 00:00:00","PREGD","PREG","LASTSERVICE",,
993,271,"10/06/07 00:00:00","PREGD","PREG","LASTSERVICE",,
994,271,"09/26/06 00:00:00","PREGD","PREG","LASTSERVICE",,
996,272,"08/31/08 00:00:00","PREGD","PREG","LASTSERVICE",,
997,272,"03/11/06 00:00:00","NEWCOW","PREG","DDUNC",,"13/03/93"
998,272,"09/29/07 00:00:00","PREGD","PREG","LASTSERVICE",,
1003,273,"08/31/08 00:00:00","PREGD","PREG","LASTSERVICE",,
1004,273,"03/27/06 00:00:00","NEWCOW","PREG","DDUNC",,"13/03/93"
1005,273,"09/29/07 00:00:00","PREGD","PREG","LASTSERVICE",,
1008,274,"10/20/08 00:00:00","PREGD","PREG","9 WKS",,
1009,274,"03/05/06 00:00:00","NEWCOW","PREG","DDUNC",,"08/04/93"
1010,274,"09/29/07 00:00:00","PREGD","PREG","13 WKS",,
1016,275,"08/31/08 00:00:00","PREGD","PREG","LASTSERVICE",,
1017,275,"03/10/06 00:00:00","NEWCOW","PREG","DDUNC",,"13/03/93"
1018,275,"09/29/07 00:00:00","PREGD","PREG","LASTSERVICE",,
1022,276,"08/31/08 00:00:00","PREGD","PREG","LASTSERVICE",,
1023,276,"03/20/06 00:00:00","NEWCOW","PREG","DDUNC",,"13/03/93"
1024,276,"09/29/07 00:00:00","PREGD","PREG","LASTSERVICE",,
1026,277,"08/31/08 00:00:00","PREGD","PREG","LASTSERVICE",,
1027,277,"09/29/07 00:00:00","PREGD","PREG","17 WKS",,
1028,277,"04/14/05 00:00:00","NEWCOW","PREG","DDUNC",,"11/03/93"
1029,277,"09/03/06 00:00:00","PREGD","PREG","34 WKS",,
1033,278,"08/31/08 00:00:00","PREGD","PREG","LASTSERVICE",,
1034,278,"03/05/06 00:00:00","NEWCOW","PREG","DDUNC",,"10/08/96"
1035,278,"09/29/07 00:00:00","PREGD","PREG","LASTSERVICE",,
1038,279,"08/31/08 00:00:00","PREGD","PREG","LASTSERVICE",,
1039,279,"10/06/07 00:00:00","PREGD","PREG","LASTSERVICE",,
1040,279,"09/26/06 00:00:00","PREGD","PREG","LASTSERVICE",,
1041,280,"10/20/08 00:00:00","PREGD","EMPTY",,,
1042,280,"02/01/09 00:00:00","MTDAYS","EMPTY",,,
1043,280,"10/06/07 00:00:00","PREGD","PREG","LASTSERVICE",,
1044,280,"09/26/06 00:00:00","PREGD","PREG","LASTSERVICE",,
1046,281,"08/31/08 00:00:00","PREGD","PREG","LASTSERVICE",,
1047,281,"04/03/06 00:00:00","NEWCOW","PREG","DDUNC",,"08/04/93"
1048,281,"09/29/07 00:00:00","PREGD","PREG","13 WKS",,
1052,282,"08/31/08 00:00:00","PREGD","PREG","LASTSERVICE",,
1053,282,"03/18/06 00:00:00","NEWCOW","PREG","DDUNC",,"12/03/93"
1054,282,"09/29/07 00:00:00","PREGD","PREG","LASTSERVICE",,
1056,283,"08/31/08 00:00:00","PREGD","PREG","LASTSERVICE",,
1057,283,"09/29/07 00:00:00","PREGD","PREG","14 WKS",,
1061,284,"08/31/08 00:00:00","PREGD","PREG","LASTSERVICE",,
1062,284,"03/02/06 00:00:00","NEWCOW","PREG","DDUNC",,"11/03/93"
1063,284,"09/29/07 00:00:00","PREGD","PREG","17 WKS",,
1068,285,"03/22/07 00:00:00","NEWCOW","PREG","DDUNC",,"31/03/94"
1069,285,"08/03/08 00:00:00","PREGD","PREG","6 WKS",,
1073,286,"10/20/08 00:00:00","PREGD","PREG","9 WKS",,
1074,286,"03/10/06 00:00:00","NEWCOW","PREG","DDUNC",,"13/03/93"
1075,286,"09/29/07 00:00:00","PREGD","PREG","LASTSERVICE",,
1079,287,"10/20/08 00:00:00","PREGD","PREG","14 WKS",,
1080,287,"03/13/06 00:00:00","NEWCOW","PREG","DDUNC",,"12/03/93"
1081,287,"09/29/07 00:00:00","PREGD","PREG","LASTSERVICE",,
1083,288,"08/31/08 00:00:00","PREGD","PREG","LASTSERVICE",,
1084,288,"10/06/07 00:00:00","PREGD","PREG","LASTSERVICE",,
1085,288,"09/26/06 00:00:00","PREGD","PREG","LASTSERVICE",,
1088,289,"08/31/08 00:00:00","PREGD","PREG","LASTSERVICE",,
1089,289,"10/06/07 00:00:00","PREGD","PREG","LASTSERVICE",,
1090,289,"09/26/06 00:00:00","PREGD","PREG","LASTSERVICE",,
1094,290,"08/31/08 00:00:00","PREGD","PREG","LASTSERVICE",,
1095,290,"03/02/06 00:00:00","NEWCOW","PREG","DDUNC",,"11/03/93"
1096,290,"09/29/07 00:00:00","PREGD","PREG","17 WKS",,
1098,291,"08/03/08 00:00:00","PREGD","PREG","LASTSERVICE",,
1100,292,"08/31/08 00:00:00","PREGD","PREG","LASTSERVICE",,
1101,292,"03/15/06 00:00:00","NEWCOW","PREG","DDUNC",,"01/04/93"
1102,292,"09/29/07 00:00:00","PREGD","PREG","14 WKS",,
1105,293,"06/22/08 00:00:00","NVO","CYCCLP",,,
1106,293,"08/31/08 00:00:00","PREGD","PREG","LASTSERVICE",,
1107,293,"06/24/07 00:00:00","NVO","CYCCLP",,,
1108,293,"10/06/07 00:00:00","PREGD","PREG","LASTSERVICE",,
1109,293,"09/26/06 00:00:00","PREGD","PREG","LASTSERVICE",,
1113,294,"10/20/08 00:00:00","PREGD","PREG","9 WKS",,
1114,294,"09/29/07 00:00:00","PREGD","PREG","17 WKS",,
1115,294,"03/18/05 00:00:00","NEWCOW","PREG","DDUNC",,"11/03/93"
1116,294,"09/03/06 00:00:00","PREGD","PREG","35 WKS",,
1118,295,"08/31/08 00:00:00","PREGD","PREG","LASTSERVICE",,
1119,295,"10/06/07 00:00:00","PREGD","PREG","LASTSERVICE",,
1120,295,"09/26/06 00:00:00","PREGD","PREG","LASTSERVICE",,
1124,296,"08/31/08 00:00:00","PREGD","PREG","LASTSERVICE",,
1125,296,"03/18/06 00:00:00","NEWCOW","PREG","DDUNC",,"13/03/93"
1126,296,"01/27/08 00:00:00","PREGD","PREG","LASTSERVICE",,
1134,297,"08/03/08 00:00:00","PREGD","EMPTY",,,
1139,298,"08/31/08 00:00:00","PREGD","PREG","LASTSERVICE",,
1140,298,"04/05/06 00:00:00","NEWCOW","PREG","DDUNC",,"29/04/93"
1141,298,"09/29/07 00:00:00","PREGD","PREG","10 WKS",,
1146,299,"08/31/08 00:00:00","PREGD","PREG","LASTSERVICE",,
1147,299,"10/06/07 00:00:00","PREGD","PREG","LASTSERVICE",,
1148,299,"09/26/06 00:00:00","PREGD","PREG","LASTSERVICE",,
1152,300,"08/31/08 00:00:00","PREGD","PREG","LASTSERVICE",,
1153,300,"03/29/06 00:00:00","NEWCOW","PREG","DDUNC",,"11/03/93"
1154,300,"09/29/07 00:00:00","PREGD","PREG","17 WKS",,
1158,301,"03/06/07 00:00:00","NEWCOW","PREG","DDUNC",,"11/03/94"
1159,301,"08/03/08 00:00:00","PREGD","PREG","LASTSERVICE",,
1164,302,"08/31/08 00:00:00","PREGD","PREG","9 WKS",,
1165,302,"06/24/07 00:00:00","NVO","AWF",,,
1166,302,"10/06/07 00:00:00","PREGD","PREG","LASTSERVICE",,
1167,302,"09/26/06 00:00:00","PREGD","PREG","LASTSERVICE",,
1171,303,"03/30/07 00:00:00","NEWCOW","PREG","DDUNC",,"31/03/94"
1172,303,"08/03/08 00:00:00","PREGD","PREG","6 WKS",,
1174,304,"10/20/08 00:00:00","PREGD","PREG","9 WKS",,
1175,304,"01/27/08 00:00:00","PREGD","PREG","LASTSERVICE",,
1176,304,"09/26/06 00:00:00","PREGD","PREG","LASTSERVICE",,
1179,305,"08/03/08 00:00:00","PREGD","PREG","6 WKS",,
1183,306,"03/05/07 00:00:00","NEWCOW","PREG","DDUNC",,"11/03/94"
1184,306,"08/03/08 00:00:00","PREGD","PREG","LASTSERVICE",,
1188,307,"03/24/07 00:00:00","NEWCOW","PREG","DDUNC",,"12/03/94"
1189,307,"08/03/08 00:00:00","PREGD","PREG","LASTSERVICE",,
1191,308,"08/31/08 00:00:00","PREGD","PREG","LASTSERVICE",,
1192,308,"01/27/08 00:00:00","PREGD","PREG","LASTSERVICE",,
1193,308,"09/26/06 00:00:00","PREGD","PREG","LASTSERVICE",,
1197,309,"08/31/08 00:00:00","PREGD","PREG","LASTSERVICE",,
1198,309,"01/27/08 00:00:00","PREGD","PREG","LASTSERVICE",,
1199,309,"09/03/06 00:00:00","PREGD","PREG","LASTSERVICE",,
1203,310,"04/09/07 00:00:00","NEWCOW","PREG","DDUNC",,"24/03/94"
1204,310,"08/03/08 00:00:00","PREGD","PREG","7 WKS",,
1208,311,"03/19/07 00:00:00","NEWCOW","PREG","DDUNC",,"11/03/94"
1209,311,"08/03/08 00:00:00","PREGD","PREG","LASTSERVICE",,
1212,312,"08/31/08 00:00:00","PREGD","PREG","LASTSERVICE",,
1213,312,"01/27/08 00:00:00","PREGD","PREG","LASTSERVICE",,
1214,312,"09/26/06 00:00:00","PREGD","PREG","LASTSERVICE",,
1221,314,"03/15/07 00:00:00","NEWCOW","PREG","DDUNC",,"11/03/94"
1222,314,"08/03/08 00:00:00","PREGD","PREG","LASTSERVICE",,
1223,315,"09/29/07 00:00:00","PREGD","EMPTY","CYSTOV",,"right ovary"
1224,315,"09/03/06 00:00:00","PREGD","PREG","34 WKS",,
1225,316,"09/29/07 00:00:00","PREGD","EMPTY","CYSTOV",,"right"
1226,316,"09/03/06 00:00:00","PREGD","PREG","35 WKS",,
1227,317,"09/29/07 00:00:00","PREGD","EMPTY","CYCCLP",,
1228,318,"09/29/07 00:00:00","PREGD","EMPTY",,,
1229,319,"09/29/07 00:00:00","PREGD","EMPTY",,,
1230,320,"09/29/07 00:00:00","PREGD","EMPTY",,,
1233,321,"03/03/08 00:00:00","NEWCOW","PREG","DDUNC",,"10/03/95"
1237,322,"03/09/08 00:00:00","NEWCOW","PREG","DDUNC",,"10/03/95"
1241,323,"03/10/08 00:00:00","NEWCOW","PREG","DDUNC",,"10/03/95"
1245,324,"03/10/08 00:00:00","NEWCOW","PREG","DDUNC",,"10/03/95"
1249,325,"03/11/08 00:00:00","NEWCOW","PREG","DDUNC",,"07/04/95"
1253,326,"03/11/08 00:00:00","NEWCOW","PREG","DDUNC",,"07/04/95"
1255,327,"03/11/08 00:00:00","NEWCOW","PREG","DDUNC",,"07/04/95"
1260,328,"03/11/08 00:00:00","NEWCOW","PREG","DDUNC",,"10/03/95"
1264,329,"03/11/08 00:00:00","NEWCOW","PREG","DDUNC",,"11/03/95"
1268,330,"03/10/08 00:00:00","NEWCOW","PREG","DDUNC",,"07/04/95"
1272,331,"03/12/08 00:00:00","NEWCOW","PREG","DDUNC",,"07/04/95"
1274,332,"03/13/08 00:00:00","NEWCOW","PREG","DDUNC",,"10/03/95"
1278,333,"03/13/08 00:00:00","NEWCOW","PREG","DDUNC",,"10/03/95"
1280,334,"03/13/08 00:00:00","NEWCOW","PREG","DDUNC",,"11/03/95"
1284,335,"03/14/08 00:00:00","NEWCOW","PREG","DDUNC",,"10/03/95"
1288,336,"03/14/08 00:00:00","NEWCOW","PREG","DDUNC",,"10/03/95"
1292,337,"03/15/08 00:00:00","NEWCOW","PREG","DDUNC",,"07/04/95"
1296,338,"03/14/08 00:00:00","NEWCOW","PREG","DDUNC",,"11/03/95"
1298,339,"03/15/08 00:00:00","NEWCOW","PREG","DDUNC",,"11/03/95"
1304,340,"03/15/08 00:00:00","NEWCOW","PREG","DDUNC",,"10/03/95"
1308,341,"03/16/08 00:00:00","NEWCOW","PREG","DDUNC",,"28/04/95"
1312,342,"03/16/08 00:00:00","NEWCOW","PREG","DDUNC",,"07/04/95"
1314,343,"03/17/08 00:00:00","NEWCOW","PREG","DDUNC",,"10/03/95"
1318,344,"04/16/08 00:00:00","NEWCOW","PREG","DDUNC",,"10/03/95"
1322,345,"03/19/08 00:00:00","NEWCOW","PREG","DDUNC",,"10/03/95"
1327,346,"03/20/08 00:00:00","NEWCOW","PREG","DDUNC",,"07/04/95"
1329,347,"03/20/08 00:00:00","NEWCOW","PREG","DDUNC",,"10/03/95"
1334,348,"03/21/08 00:00:00","NEWCOW","PREG","DDUNC",,"05/05/95"
1339,349,"03/22/08 00:00:00","NEWCOW","PREG","DDUNC",,"10/03/95"
1343,350,"03/22/08 00:00:00","NEWCOW","PREG","DDUNC",,"10/03/95"
1347,351,"03/23/08 00:00:00","NEWCOW","PREG","DDUNC",,"11/03/95"
1351,352,"03/23/08 00:00:00","NEWCOW","PREG","DDUNC",,"07/04/95"
1355,353,"04/09/08 00:00:00","NEWCOW","PREG","DDUNC",,"10/03/95"
1358,354,"03/24/08 00:00:00","NEWCOW","PREG","DDUNC",,"07/04/95"
1363,356,"03/25/08 00:00:00","NEWCOW","PREG","DDUNC",,"11/03/95"
1367,357,"03/25/08 00:00:00","NEWCOW","PREG","DDUNC",,"10/03/95"
1371,358,"04/08/08 00:00:00","NEWCOW","PREG","DDUNC",,"10/03/95"
1375,359,"03/10/08 00:00:00","NEWCOW","PREG","DDUNC",,"28/04/95"
1382,361,"04/18/08 00:00:00","NEWCOW","PREG","DDUNC",,"10/03/95"
1386,362,"04/18/08 00:00:00","NEWCOW","PREG","DDUNC",,"11/03/95"
1390,363,"03/02/08 00:00:00","NEWCOW","PREG","DDUNC",,"12/05/95"
1395,364,"04/05/08 00:00:00","NEWCOW","PREG","DDUNC",,"12/05/95"
1400,365,"04/06/08 00:00:00","NEWCOW","PREG","DDUNC",,"10/03/95"
1404,367,"02/28/09 00:00:00","NEWCOW","PREG","DDUNC",,"13/03/96"
1508,464,"03/06/08 00:00:00","NEWCOW","PREG","DDUNC",,"11/03/95"
1519,466,"08/31/08 00:00:00","PREGD","PREG","LASTSERVICE",,
1520,466,"10/06/07 00:00:00","PREGD","PREG","LASTSERVICE",,
1537,469,"08/31/08 00:00:00","PREGD","PREG","LASTSERVICE",,
1538,469,"10/06/07 00:00:00","PREGD","PREG","LASTSERVICE",,
1539,469,"09/26/06 00:00:00","PREGD","PREG","LASTSERVICE",,
1546,470,"08/31/08 00:00:00","PREGD","PREG","LASTSERVICE",,
1547,470,"10/06/07 00:00:00","PREGD","PREG","LASTSERVICE",,
1548,470,"09/26/06 00:00:00","PREGD","PREG","14 WKS",,
1554,471,"04/13/08 00:00:00","NEWCOW","PREG","DDUNC",,"10/03/95"
1570,474,"08/31/08 00:00:00","PREGD","PREG","LASTSERVICE",,
1571,474,"01/27/08 00:00:00","PREGD","PREG","LASTSERVICE",,
1572,474,"09/26/06 00:00:00","PREGD","PREG","LASTSERVICE",,
1587,478,"08/03/08 00:00:00","PREGD","PREG","LASTSERVICE",,
1600,481,"08/31/08 00:00:00","PREGD","PREG","LASTSERVICE",,
1601,481,"10/06/07 00:00:00","PREGD","PREG","LASTSERVICE",,
1602,481,"09/03/06 00:00:00","PREGD","PREG","LASTSERVICE",,
1606,482,"03/19/08 00:00:00","NEWCOW","PREG","DDUNC",,"10/03/95"
1619,485,"08/31/08 00:00:00","PREGD","PREG","LASTSERVICE",,
1624,486,"08/31/08 00:00:00","PREGD","PREG","LASTSERVICE",,
1625,486,"09/29/07 00:00:00","PREGD","PREG","LASTSERVICE",,
1630,487,"08/31/08 00:00:00","PREGD","PREG","LASTSERVICE",,
1631,487,"10/06/07 00:00:00","PREGD","PREG","LASTSERVICE",,
1632,487,"09/26/06 00:00:00","PREGD","PREG","LASTSERVICE",,
1639,488,"10/20/08 00:00:00","PREGD","PREG","13 WKS",,
1640,488,"09/29/07 00:00:00","PREGD","PREG","14 WKS",,
1653,490,"08/31/08 00:00:00","PREGD","PREG","LASTSERVICE",,
1654,490,"10/06/07 00:00:00","PREGD","PREG","LASTSERVICE",,
1658,491,"03/13/08 00:00:00","NEWCOW","PREG","DDUNC",,"10/03/95"
1663,492,"03/20/08 00:00:00","NEWCOW","PREG","DDUNC",,"07/04/95"
1669,493,"08/31/08 00:00:00","PREGD","PREG","LASTSERVICE",,
1670,493,"10/06/07 00:00:00","PREGD","PREG","LASTSERVICE",,
1671,493,"09/26/06 00:00:00","PREGD","PREG","LASTSERVICE",,
1678,494,"08/31/08 00:00:00","PREGD","PREG","7 WKS",,
1679,494,"09/29/07 00:00:00","PREGD","PREG","LASTSERVICE",,
1684,495,"08/31/08 00:00:00","PREGD","PREG","13 WKS",,
1685,495,"10/06/07 00:00:00","PREGD","PREG","13 WKS",,
1686,495,"09/26/06 00:00:00","PREGD","PREG","LASTSERVICE",,
1694,496,"08/31/08 00:00:00","PREGD","PREG","7 WKS",,
1695,496,"10/06/07 00:00:00","PREGD","PREG","LASTSERVICE",,
1696,496,"09/26/06 00:00:00","PREGD","PREG","LASTSERVICE",,
1697,496,"03/26/03 00:00:00","NEWCOW","PREG","DDUNC",,"13/09/97"
1702,497,"08/31/08 00:00:00","PREGD","PREG","LASTSERVICE",,
1703,497,"09/29/07 00:00:00","PREGD","PREG","14 WKS",,
1711,499,"08/03/08 00:00:00","PREGD","PREG","6 WKS",,
1721,501,"08/31/08 00:00:00","PREGD","PREG","LASTSERVICE",,
1722,501,"09/29/07 00:00:00","PREGD","PREG","LASTSERVICE",,
1727,502,"06/26/08 00:00:00","NVO","ANS",,,
1728,502,"07/06/08 00:00:00","NVO","CYCCLP",,,
1729,502,"10/20/08 00:00:00","PREGD","PREG","11 WKS",,
1730,502,"10/06/07 00:00:00","PREGD","PREG","LASTSERVICE",,
1731,502,"09/03/06 00:00:00","PREGD","PREG","LASTSERVICE",,
1739,503,"08/31/08 00:00:00","PREGD","PREG","LASTSERVICE",,
1740,503,"09/29/07 00:00:00","PREGD","PREG","14 WKS",,
1747,504,"06/22/08 00:00:00","NVO","AWF",,,
1748,504,"07/06/08 00:00:00","NVO","ANS",,,
1749,504,"08/31/08 00:00:00","PREGD","PREG","LASTSERVICE",,
1750,504,"09/29/07 00:00:00","PREGD","PREG","13 WKS",,
1764,506,"08/31/08 00:00:00","PREGD","PREG","LASTSERVICE",,
1765,506,"10/06/07 00:00:00","PREGD","PREG","LASTSERVICE",,
1766,506,"09/26/06 00:00:00","PREGD","PREG","5 WKS",,
1771,507,"08/31/08 00:00:00","PREGD","PREG","LASTSERVICE",,
1772,507,"09/29/07 00:00:00","PREGD","PREG","14 WKS",,
1777,508,"08/03/08 00:00:00","PREGD","PREG","LASTSERVICE",,
1782,509,"08/31/08 00:00:00","PREGD","PREG","LASTSERVICE",,
1783,509,"10/06/07 00:00:00","PREGD","PREG","LASTSERVICE",,
1784,509,"09/26/06 00:00:00","PREGD","PREG","LASTSERVICE",,
1789,510,"03/22/07 00:00:00","NEWCOW","PREG","DDUNC",,"07/04/94"
1790,510,"08/03/08 00:00:00","PREGD","PREG","5 WKS",,
1798,512,"08/03/08 00:00:00","PREGD","PREG","LASTSERVICE",,
1804,513,"08/31/08 00:00:00","PREGD","PREG","9 WKS",,
1805,513,"09/29/07 00:00:00","PREGD","PREG","LASTSERVICE",,
1810,514,"08/31/08 00:00:00","PREGD","PREG","LASTSERVICE",,
1811,514,"09/29/07 00:00:00","PREGD","PREG","14 WKS",,
1817,515,"08/03/08 00:00:00","PREGD","PREG","LASTSERVICE",,
1823,517,"08/31/08 00:00:00","PREGD","PREG","LASTSERVICE",,
1824,517,"10/06/07 00:00:00","PREGD","PREG","14 WKS",,
1825,517,"09/03/06 00:00:00","PREGD","PREG","10 WKS",,
1835,519,"10/20/08 00:00:00","PREGD","PREG","16 WKS",,
1836,519,"10/06/07 00:00:00","PREGD","PREG","LASTSERVICE",,
1837,519,"09/26/06 00:00:00","PREGD","PREG","LASTSERVICE",,
1842,520,"08/03/08 00:00:00","PREGD","PREG","5 WKS",,
1847,521,"08/03/08 00:00:00","PREGD","PREG","LASTSERVICE",,
1859,524,"03/30/07 00:00:00","NEWCOW","PREG","DDUNC",,"11/03/94"
1860,524,"08/03/08 00:00:00","PREGD","PREG","LASTSERVICE",,
1870,527,"08/31/08 00:00:00","PREGD","PREG","LASTSERVICE",,
1871,527,"10/06/07 00:00:00","PREGD","PREG","LASTSERVICE",,
1872,527,"09/26/06 00:00:00","PREGD","PREG","LASTSERVICE",,
1879,528,"08/31/08 00:00:00","PREGD","PREG","LASTSERVICE",,
1880,528,"10/06/07 00:00:00","PREGD","PREG","LASTSERVICE",,
1881,528,"09/26/06 00:00:00","PREGD","PREG","8 WKS",,
1889,531,"03/27/08 00:00:00","NEWCOW","PREG","DDUNC",,"17/03/95"
1902,535,"08/31/08 00:00:00","PREGD","PREG","LASTSERVICE",,
1903,535,"10/06/07 00:00:00","PREGD","PREG","LASTSERVICE",,
1904,535,"09/26/06 00:00:00","PREGD","PREG","LASTSERVICE",,
1905,535,"03/06/04 00:00:00","NEWCOW","PREG","DDUNC",,"29/04/92"
1911,536,"03/12/08 00:00:00","NEWCOW","PREG","DDUNC",,"27/09/97"
1927,542,"03/21/08 00:00:00","NEWCOW","PREG","DDUNC",,"10/03/95"
1935,544,"08/31/08 00:00:00","PREGD","PREG","LASTSERVICE",,
1936,544,"10/06/07 00:00:00","PREGD","PREG","LASTSERVICE",,
1937,544,"09/26/06 00:00:00","PREGD","PREG","LASTSERVICE",,
1948,548,"03/29/08 00:00:00","NEWCOW","PREG","DDUNC",,"10/03/95"
1965,554,"03/23/08 00:00:00","NEWCOW","PREG","DDUNC",,"07/04/95"
1972,555,"08/31/08 00:00:00","PREGD","PREG","5 WKS",,
1973,555,"03/20/06 00:00:00","NEWCOW","PREG","DDUNC",,"08/04/93"
1974,555,"09/29/07 00:00:00","PREGD","PREG","13 WKS",,
1985,557,"08/31/08 00:00:00","PREGD","PREG","LASTSERVICE",,
1986,557,"10/06/07 00:00:00","PREGD","PREG","LASTSERVICE",,
1987,557,"09/26/06 00:00:00","PREGD","PREG","LASTSERVICE",,
1988,557,"03/08/04 00:00:00","NEWCOW","PREG","DDUNC",,"14/04/92"
1992,558,"03/12/08 00:00:00","NEWCOW","PREG","DDUNC",,"10/03/95"
1999,559,"08/31/08 00:00:00","PREGD","PREG","LASTSERVICE",,
2000,559,"10/06/07 00:00:00","PREGD","PREG","10 WKS",,
2001,559,"09/26/06 00:00:00","PREGD","PREG","LASTSERVICE",,
2006,560,"03/08/07 00:00:00","NEWCOW","PREG","DDUNC",,"11/03/94"
2007,560,"08/03/08 00:00:00","PREGD","PREG","LASTSERVICE",,
2015,562,"03/19/08 00:00:00","NEWCOW","PREG","DDUNC",,"15/08/97"
2036,571,"04/03/08 00:00:00","NEWCOW","PREG","DDUNC",,"10/03/95"
2065,583,"04/21/08 00:00:00","NEWCOW","PREG","DDUNC",,"10/03/95"
2070,584,"03/22/08 00:00:00","NEWCOW","PREG","DDUNC",,"14/09/96"
2091,595,"03/05/07 00:00:00","NEWCOW","PREG","DDUNC",,"11/03/94"
2092,595,"08/03/08 00:00:00","PREGD","PREG","LASTSERVICE",,
2108,603,"08/31/08 00:00:00","PREGD","PREG","LASTSERVICE",,
2109,603,"10/06/07 00:00:00","PREGD","PREG","LASTSERVICE",,
2110,603,"09/26/06 00:00:00","PREGD","PREG","LASTSERVICE",,
2111,603,"04/06/04 00:00:00","NEWCOW","PREG","DDUNC",,"14/04/92"
2120,606,"03/19/07 00:00:00","NEWCOW","PREG","DDUNC",,"14/09/96"
2121,606,"08/03/08 00:00:00","PREGD","PREG","LASTSERVICE",,
2127,607,"08/31/08 00:00:00","PREGD","PREG","LASTSERVICE",,
2128,607,"10/06/07 00:00:00","PREGD","PREG","LASTSERVICE",,
2129,607,"09/26/06 00:00:00","PREGD","PREG","LASTSERVICE",,
2135,608,"08/31/08 00:00:00","PREGD","PREG","LASTSERVICE",,
2136,608,"10/06/07 00:00:00","PREGD","PREG","LASTSERVICE",,
2137,608,"09/26/06 00:00:00","PREGD","PREG","LASTSERVICE",,
2150,611,"08/31/08 00:00:00","PREGD","PREG","LASTSERVICE",,
2151,611,"10/06/07 00:00:00","PREGD","PREG","LASTSERVICE",,
2152,611,"09/26/06 00:00:00","PREGD","PREG","LASTSERVICE",,
2160,612,"08/31/08 00:00:00","PREGD","PREG","LASTSERVICE",,
2161,612,"10/06/07 00:00:00","PREGD","PREG","LASTSERVICE",,
2162,612,"09/03/06 00:00:00","PREGD","PREG","8 WKS",,
2170,613,"08/31/08 00:00:00","PREGD","PREG","LASTSERVICE",,
2171,613,"09/29/07 00:00:00","PREGD","PREG","14 WKS",,
2179,614,"06/22/08 00:00:00","NVO","CYCCLP",,,
2180,614,"10/20/08 00:00:00","PREGD","PREG","10 WKS",,
2181,614,"10/06/07 00:00:00","PREGD","PREG","10 WKS",,
2182,614,"09/03/06 00:00:00","PREGD","PREG","LASTSERVICE",,
2192,616,"08/03/08 00:00:00","PREGD","PREG","5 WKS",,
2206,618,"10/20/08 00:00:00","PREGD","PREG","9 WKS",,
2207,618,"10/06/07 00:00:00","PREGD","PREG","LASTSERVICE",,
2208,618,"09/03/06 00:00:00","PREGD","PREG","10 WKS",,
2213,619,"08/03/08 00:00:00","PREGD","PREG","LASTSERVICE",,
2220,620,"08/31/08 00:00:00","PREGD","PREG","LASTSERVICE",,
2221,620,"10/06/07 00:00:00","PREGD","PREG","LASTSERVICE",,
2222,620,"09/26/06 00:00:00","PREGD","PREG","LASTSERVICE",,
2227,621,"08/31/08 00:00:00","PREGD","PREG","LASTSERVICE",,
2228,621,"09/29/07 00:00:00","PREGD","PREG","LASTSERVICE",,
2243,623,"08/31/08 00:00:00","PREGD","PREG","LASTSERVICE",,
2244,623,"10/06/07 00:00:00","PREGD","PREG","LASTSERVICE",,
2261,627,"08/31/08 00:00:00","PREGD","PREG","10 WKS",,
2262,627,"10/06/07 00:00:00","PREGD","PREG","LASTSERVICE",,
2263,627,"09/03/06 00:00:00","PREGD","PREG","LASTSERVICE",,
2268,628,"08/31/08 00:00:00","PREGD","PREG","LASTSERVICE",,
2269,628,"10/06/07 00:00:00","PREGD","PREG","9 WKS",,
2270,628,"09/26/06 00:00:00","PREGD","PREG","LASTSERVICE",,
2279,630,"08/03/08 00:00:00","PREGD","PREG","6 WKS",,
2290,632,"08/31/08 00:00:00","PREGD","PREG","LASTSERVICE",,
2291,632,"10/06/07 00:00:00","PREGD","PREG","LASTSERVICE",,
2292,632,"09/26/06 00:00:00","PREGD","PREG","LASTSERVICE",,
2299,633,"08/31/08 00:00:00","PREGD","PREG","LASTSERVICE",,
2300,633,"10/06/07 00:00:00","PREGD","PREG","LASTSERVICE",,
2301,633,"09/26/06 00:00:00","PREGD","PREG","LASTSERVICE",,
2306,634,"10/20/08 00:00:00","PREGD","PREG","12 WKS",,
2307,634,"10/06/07 00:00:00","PREGD","PREG","LASTSERVICE",,
2308,634,"09/26/06 00:00:00","PREGD","PREG","LASTSERVICE",,
2317,636,"08/31/08 00:00:00","PREGD","PREG","LASTSERVICE",,
2318,636,"09/29/07 00:00:00","PREGD","PREG","14 WKS",,
2324,637,"08/03/08 00:00:00","PREGD","PREG","LASTSERVICE",,
2348,646,"08/31/08 00:00:00","PREGD","PREG","LASTSERVICE",,
2349,646,"03/04/06 00:00:00","NEWCOW","PREG","DDUNC",,"01/04/93"
2350,646,"09/29/07 00:00:00","PREGD","PREG","14 WKS",,
2363,651,"08/31/08 00:00:00","PREGD","PREG","2LASTSERVICE",,
2364,651,"09/29/07 00:00:00","PREGD","PREG","15 WKS",,
2365,651,"03/10/05 00:00:00","NEWCOW","PREG","DDUNC",,"25/03/93"
2366,651,"09/03/06 00:00:00","PREGD","PREG","32 WKS",,
2378,654,"08/31/08 00:00:00","PREGD","PREG","LASTSERVICE",,
2379,654,"10/06/07 00:00:00","PREGD","PREG","LASTSERVICE",,
2380,654,"09/26/06 00:00:00","PREGD","PREG","LASTSERVICE",,
2389,656,"08/31/08 00:00:00","PREGD","PREG","LASTSERVICE",,
2390,656,"03/15/06 00:00:00","NEWCOW","PREG","DDUNC",,"12/03/93"
2391,656,"09/29/07 00:00:00","PREGD","PREG","LASTSERVICE",,
2402,660,"08/31/08 00:00:00","PREGD","PREG","LASTSERVICE",,
2403,660,"03/20/06 00:00:00","NEWCOW","PREG","DDUNC",,"06/05/93"
2404,660,"09/29/07 00:00:00","PREGD","PREG","9 WKS",,
2409,661,"03/28/07 00:00:00","NEWCOW","PREG","DDUNC",,"24/03/94"
2410,661,"08/03/08 00:00:00","PREGD","PREG","7 WKS",,
2491,719,"04/05/08 00:00:00","NEWCOW","PREG","DDUNC",,"06/08/96"
2498,720,"08/31/08 00:00:00","PREGD","PREG","LASTSERVICE",,
2499,720,"03/03/06 00:00:00","NEWCOW","PREG","DDUNC",,"07/08/96"
2500,720,"09/29/07 00:00:00","PREGD","PREG","14 WKS",,
2505,721,"08/31/08 00:00:00","PREGD","PREG","LASTSERVICE",,
2506,721,"10/06/07 00:00:00","PREGD","PREG","LASTSERVICE",,
2507,721,"04/03/05 00:00:00","NEWCOW","PREG","DDUNC",,"08/08/96"
2508,721,"09/03/06 00:00:00","PREGD","PREG","LASTSERVICE",,
2514,722,"03/23/08 00:00:00","NEWCOW","PREG","DDUNC",,"09/09/96"
2523,723,"08/31/08 00:00:00","PREGD","PREG","LASTSERVICE",,
2524,723,"06/24/07 00:00:00","NVO","CYCCLP",,,
2525,723,"10/06/07 00:00:00","PREGD","PREG","11 WKS",,
2526,723,"09/26/06 00:00:00","PREGD","PREG","LASTSERVICE",,
2527,723,"03/25/04 00:00:00","NEWCOW","PREG","DDUNC",,"28/08/96"
2533,724,"08/31/08 00:00:00","PREGD","PREG","LASTSERVICE",,
2534,724,"03/21/06 00:00:00","NEWCOW","PREG","DDUNC",,"08/08/96"
2535,724,"09/29/07 00:00:00","PREGD","PREG","LASTSERVICE",,
2542,725,"03/30/07 00:00:00","NEWCOW","PREG","DDUNC",,"07/08/96"
2543,725,"08/03/08 00:00:00","PREGD","PREG","LASTSERVICE",,
2549,726,"03/09/07 00:00:00","NEWCOW","PREG","DDUNC",,"06/08/96"
2550,726,"08/03/08 00:00:00","PREGD","PREG","LASTSERVICE",,
2551,465,"08/03/08 00:00:00","PREGD","PREG","LASTSERVICE",,
